tipo_hoja,label_norm,pre,post,estado
benpresaad_v1,10,TRUE,FALSE,exclusiva_pre_2023
benpresaad_v1,11,TRUE,FALSE,exclusiva_pre_2023
benpresaad_v1,12,TRUE,FALSE,exclusiva_pre_2023
benpresaad_v1,13,TRUE,FALSE,exclusiva_pre_2023
benpresaad_v1,14,TRUE,FALSE,exclusiva_pre_2023
benpresaad_v1,15,TRUE,FALSE,exclusiva_pre_2023
benpresaad_v1,16,TRUE,FALSE,exclusiva_pre_2023
benpresaad_v1,17,TRUE,FALSE,exclusiva_pre_2023
benpresaad_v1,18,TRUE,FALSE,exclusiva_pre_2023
benpresaad_v1,19,TRUE,FALSE,exclusiva_pre_2023
benpresaad_v1,1_7_personas_beneficiarias_y_prestaciones,TRUE,FALSE,exclusiva_pre_2023
benpresaad_v1,20,TRUE,FALSE,exclusiva_pre_2023
benpresaad_v1,21,TRUE,FALSE,exclusiva_pre_2023
benpresaad_v1,22,TRUE,FALSE,exclusiva_pre_2023
benpresaad_v1,23,TRUE,FALSE,exclusiva_pre_2023
benpresaad_v1,24,TRUE,FALSE,exclusiva_pre_2023
benpresaad_v1,25,TRUE,FALSE,exclusiva_pre_2023
benpresaad_v1,3_1_personas_con_resolución_de_pia_y_prestaciones,TRUE,FALSE,exclusiva_pre_2023
benpresaad_v1,atención_residencial,TRUE,FALSE,exclusiva_pre_2023
benpresaad_v1,ayuda_a_domicilio,TRUE,FALSE,exclusiva_pre_2023
benpresaad_v1,centros_día_noche,TRUE,FALSE,exclusiva_pre_2023
benpresaad_v1,papd,TRUE,FALSE,exclusiva_pre_2023
benpresaad_v1,pe_asistencia_personal,TRUE,FALSE,exclusiva_pre_2023
benpresaad_v1,pe_cuidados_familiares,TRUE,FALSE,exclusiva_pre_2023
benpresaad_v1,pe_vinculada_al_servicio,TRUE,FALSE,exclusiva_pre_2023
benpresaad_v1,situación_a_28_de_febrero_de_2014,TRUE,FALSE,exclusiva_pre_2023
benpresaad_v1,situación_a_28_de_febrero_de_2015,TRUE,FALSE,exclusiva_pre_2023
benpresaad_v1,situación_a_28_de_febrero_de_2017,TRUE,FALSE,exclusiva_pre_2023
benpresaad_v1,situación_a_28_de_febrero_de_2018,TRUE,FALSE,exclusiva_pre_2023
benpresaad_v1,situación_a_29_de_febrero_de_2016,TRUE,FALSE,exclusiva_pre_2023
benpresaad_v1,situación_a_30_de_abril_de_2014,TRUE,FALSE,exclusiva_pre_2023
benpresaad_v1,situación_a_30_de_abril_de_2015,TRUE,FALSE,exclusiva_pre_2023
benpresaad_v1,situación_a_30_de_abril_de_2016,TRUE,FALSE,exclusiva_pre_2023
benpresaad_v1,situación_a_30_de_abril_de_2017,TRUE,FALSE,exclusiva_pre_2023
benpresaad_v1,situación_a_30_de_abril_de_2018,TRUE,FALSE,exclusiva_pre_2023
benpresaad_v1,situación_a_30_de_junio_de_2014,TRUE,FALSE,exclusiva_pre_2023
benpresaad_v1,situación_a_30_de_junio_de_2015,TRUE,FALSE,exclusiva_pre_2023
benpresaad_v1,situación_a_30_de_junio_de_2016,TRUE,FALSE,exclusiva_pre_2023
benpresaad_v1,situación_a_30_de_junio_de_2017,TRUE,FALSE,exclusiva_pre_2023
benpresaad_v1,situación_a_30_de_junio_de_2018,TRUE,FALSE,exclusiva_pre_2023
benpresaad_v1,situación_a_30_de_noviembre_de_2014,TRUE,FALSE,exclusiva_pre_2023
benpresaad_v1,situación_a_30_de_noviembre_de_2015,TRUE,FALSE,exclusiva_pre_2023
benpresaad_v1,situación_a_30_de_noviembre_de_2016,TRUE,FALSE,exclusiva_pre_2023
benpresaad_v1,situación_a_30_de_noviembre_de_2017,TRUE,FALSE,exclusiva_pre_2023
benpresaad_v1,situación_a_30_de_noviembre_de_2018,TRUE,FALSE,exclusiva_pre_2023
benpresaad_v1,situación_a_30_de_septiembre_de_2014,TRUE,FALSE,exclusiva_pre_2023
benpresaad_v1,situación_a_30_de_septiembre_de_2015,TRUE,FALSE,exclusiva_pre_2023
benpresaad_v1,situación_a_30_de_septiembre_de_2016,TRUE,FALSE,exclusiva_pre_2023
benpresaad_v1,situación_a_30_de_septiembre_de_2017,TRUE,FALSE,exclusiva_pre_2023
benpresaad_v1,situación_a_30_de_septiembre_de_2018,TRUE,FALSE,exclusiva_pre_2023
benpresaad_v1,situación_a_31_de_agosto_de_2014,TRUE,FALSE,exclusiva_pre_2023
benpresaad_v1,situación_a_31_de_agosto_de_2015,TRUE,FALSE,exclusiva_pre_2023
benpresaad_v1,situación_a_31_de_agosto_de_2016,TRUE,FALSE,exclusiva_pre_2023
benpresaad_v1,situación_a_31_de_agosto_de_2017,TRUE,FALSE,exclusiva_pre_2023
benpresaad_v1,situación_a_31_de_agosto_de_2018,TRUE,FALSE,exclusiva_pre_2023
benpresaad_v1,situación_a_31_de_diciembre_de_2013,TRUE,FALSE,exclusiva_pre_2023
benpresaad_v1,situación_a_31_de_diciembre_de_2014,TRUE,FALSE,exclusiva_pre_2023
benpresaad_v1,situación_a_31_de_diciembre_de_2015,TRUE,FALSE,exclusiva_pre_2023
benpresaad_v1,situación_a_31_de_diciembre_de_2016,TRUE,FALSE,exclusiva_pre_2023
benpresaad_v1,situación_a_31_de_diciembre_de_2017,TRUE,FALSE,exclusiva_pre_2023
benpresaad_v1,situación_a_31_de_diciembre_de_2018,TRUE,FALSE,exclusiva_pre_2023
benpresaad_v1,situación_a_31_de_enero_de_2014,TRUE,FALSE,exclusiva_pre_2023
benpresaad_v1,situación_a_31_de_enero_de_2015,TRUE,FALSE,exclusiva_pre_2023
benpresaad_v1,situación_a_31_de_enero_de_2016,TRUE,FALSE,exclusiva_pre_2023
benpresaad_v1,situación_a_31_de_enero_de_2017,TRUE,FALSE,exclusiva_pre_2023
benpresaad_v1,situación_a_31_de_enero_de_2018,TRUE,FALSE,exclusiva_pre_2023
benpresaad_v1,situación_a_31_de_julio_de_2014,TRUE,FALSE,exclusiva_pre_2023
benpresaad_v1,situación_a_31_de_julio_de_2015,TRUE,FALSE,exclusiva_pre_2023
benpresaad_v1,situación_a_31_de_julio_de_2016,TRUE,FALSE,exclusiva_pre_2023
benpresaad_v1,situación_a_31_de_julio_de_2017,TRUE,FALSE,exclusiva_pre_2023
benpresaad_v1,situación_a_31_de_julio_de_2018,TRUE,FALSE,exclusiva_pre_2023
benpresaad_v1,situación_a_31_de_marzo_de_2014,TRUE,FALSE,exclusiva_pre_2023
benpresaad_v1,situación_a_31_de_marzo_de_2016,TRUE,FALSE,exclusiva_pre_2023
benpresaad_v1,situación_a_31_de_marzo_de_2017,TRUE,FALSE,exclusiva_pre_2023
benpresaad_v1,situación_a_31_de_marzo_de_2018,TRUE,FALSE,exclusiva_pre_2023
benpresaad_v1,situación_a_31_de_mayo_de_2014,TRUE,FALSE,exclusiva_pre_2023
benpresaad_v1,situación_a_31_de_mayo_de_2015,TRUE,FALSE,exclusiva_pre_2023
benpresaad_v1,situación_a_31_de_mayo_de_2016,TRUE,FALSE,exclusiva_pre_2023
benpresaad_v1,situación_a_31_de_mayo_de_2017,TRUE,FALSE,exclusiva_pre_2023
benpresaad_v1,situación_a_31_de_mayo_de_2018,TRUE,FALSE,exclusiva_pre_2023
benpresaad_v1,situación_a_31_de_octubre_de_2014,TRUE,FALSE,exclusiva_pre_2023
benpresaad_v1,situación_a_31_de_octubre_de_2015,TRUE,FALSE,exclusiva_pre_2023
benpresaad_v1,situación_a_31_de_octubre_de_2016,TRUE,FALSE,exclusiva_pre_2023
benpresaad_v1,situación_a_31_de_octubre_de_2017,TRUE,FALSE,exclusiva_pre_2023
benpresaad_v1,situación_a_31_de_octubre_de_2018,TRUE,FALSE,exclusiva_pre_2023
benpresaad_v1,teleasistencia,TRUE,FALSE,exclusiva_pre_2023
benpresaad_v2,10,FALSE,TRUE,exclusiva_post_2023
benpresaad_v2,11,FALSE,TRUE,exclusiva_post_2023
benpresaad_v2,12,FALSE,TRUE,exclusiva_post_2023
benpresaad_v2,12_personas_con_resolución_de_pia_y_prestación_efectiva_o_no_efectiva,FALSE,TRUE,exclusiva_post_2023
benpresaad_v2,13,FALSE,TRUE,exclusiva_post_2023
benpresaad_v2,14,FALSE,TRUE,exclusiva_post_2023
benpresaad_v2,15,FALSE,TRUE,exclusiva_post_2023
benpresaad_v2,16,FALSE,TRUE,exclusiva_post_2023
benpresaad_v2,situación_a_28_de_febrero_de_2023,FALSE,TRUE,exclusiva_post_2023
benpresaad_v2,situación_a_28_de_febrero_de_2025,FALSE,TRUE,exclusiva_post_2023
benpresaad_v2,situación_a_28_de_febrero_de_2026,FALSE,TRUE,exclusiva_post_2023
benpresaad_v2,situación_a_29_de_febrero_de_2024,FALSE,TRUE,exclusiva_post_2023
benpresaad_v2,situación_a_30_de_abril_de_2023,FALSE,TRUE,exclusiva_post_2023
benpresaad_v2,situación_a_30_de_abril_de_2024,FALSE,TRUE,exclusiva_post_2023
benpresaad_v2,situación_a_30_de_abril_de_2025,FALSE,TRUE,exclusiva_post_2023
benpresaad_v2,situación_a_30_de_junio_de_2023,FALSE,TRUE,exclusiva_post_2023
benpresaad_v2,situación_a_30_de_junio_de_2024,FALSE,TRUE,exclusiva_post_2023
benpresaad_v2,situación_a_30_de_junio_de_2025,FALSE,TRUE,exclusiva_post_2023
benpresaad_v2,situación_a_30_de_noviembre_de_2023,FALSE,TRUE,exclusiva_post_2023
benpresaad_v2,situación_a_30_de_noviembre_de_2024,FALSE,TRUE,exclusiva_post_2023
benpresaad_v2,situación_a_30_de_noviembre_de_2025,FALSE,TRUE,exclusiva_post_2023
benpresaad_v2,situación_a_30_de_septiembre_de_2023,FALSE,TRUE,exclusiva_post_2023
benpresaad_v2,situación_a_30_de_septiembre_de_2024,FALSE,TRUE,exclusiva_post_2023
benpresaad_v2,situación_a_30_de_septiembre_de_2025,FALSE,TRUE,exclusiva_post_2023
benpresaad_v2,situación_a_31_de_agosto_de_2023,FALSE,TRUE,exclusiva_post_2023
benpresaad_v2,situación_a_31_de_agosto_de_2024,FALSE,TRUE,exclusiva_post_2023
benpresaad_v2,situación_a_31_de_agosto_de_2025,FALSE,TRUE,exclusiva_post_2023
benpresaad_v2,situación_a_31_de_diciembre_de_2023,FALSE,TRUE,exclusiva_post_2023
benpresaad_v2,situación_a_31_de_diciembre_de_2024,FALSE,TRUE,exclusiva_post_2023
benpresaad_v2,situación_a_31_de_diciembre_de_2025,FALSE,TRUE,exclusiva_post_2023
benpresaad_v2,situación_a_31_de_enero_de_2023,FALSE,TRUE,exclusiva_post_2023
benpresaad_v2,situación_a_31_de_enero_de_2024,FALSE,TRUE,exclusiva_post_2023
benpresaad_v2,situación_a_31_de_enero_de_2025,FALSE,TRUE,exclusiva_post_2023
benpresaad_v2,situación_a_31_de_enero_de_2026,FALSE,TRUE,exclusiva_post_2023
benpresaad_v2,situación_a_31_de_julio_de_2023,FALSE,TRUE,exclusiva_post_2023
benpresaad_v2,situación_a_31_de_julio_de_2024,FALSE,TRUE,exclusiva_post_2023
benpresaad_v2,situación_a_31_de_julio_de_2025,FALSE,TRUE,exclusiva_post_2023
benpresaad_v2,situación_a_31_de_marzo_de_2023,FALSE,TRUE,exclusiva_post_2023
benpresaad_v2,situación_a_31_de_marzo_de_2024,FALSE,TRUE,exclusiva_post_2023
benpresaad_v2,situación_a_31_de_marzo_de_2025,FALSE,TRUE,exclusiva_post_2023
benpresaad_v2,situación_a_31_de_mayo_de_2023,FALSE,TRUE,exclusiva_post_2023
benpresaad_v2,situación_a_31_de_mayo_de_2024,FALSE,TRUE,exclusiva_post_2023
benpresaad_v2,situación_a_31_de_mayo_de_2025,FALSE,TRUE,exclusiva_post_2023
benpresaad_v2,situación_a_31_de_octubre_de_2023,FALSE,TRUE,exclusiva_post_2023
benpresaad_v2,situación_a_31_de_octubre_de_2024,FALSE,TRUE,exclusiva_post_2023
benpresaad_v2,situación_a_31_de_octubre_de_2025,FALSE,TRUE,exclusiva_post_2023
dictsaad,10,TRUE,TRUE,comun
dictsaad,11,TRUE,TRUE,comun
dictsaad,12,TRUE,TRUE,comun
dictsaad,13,TRUE,TRUE,comun
dictsaad,14,TRUE,TRUE,comun
dictsaad,15,TRUE,TRUE,comun
dictsaad,16,TRUE,TRUE,comun
dictsaad,17,TRUE,TRUE,comun
dictsaad,18,TRUE,TRUE,comun
dictsaad,19,TRUE,TRUE,comun
dictsaad,20,TRUE,TRUE,comun
dictsaad,21,TRUE,TRUE,comun
dictsaad,22,TRUE,TRUE,comun
dictsaad,23,TRUE,TRUE,comun
dictsaad,24,TRUE,TRUE,comun
dictsaad,25,TRUE,TRUE,comun
dictsaad,26,TRUE,TRUE,comun
dictsaad,3_1_resoluciones_de_grado,FALSE,TRUE,exclusiva_post_2023
dictsaad,situación_a_28_de_febrero_de_2023,FALSE,TRUE,exclusiva_post_2023
dictsaad,situación_a_28_de_febrero_de_2025,FALSE,TRUE,exclusiva_post_2023
dictsaad,situación_a_28_de_febrero_de_2026,FALSE,TRUE,exclusiva_post_2023
dictsaad,situación_a_29_de_febrero_de_2024,FALSE,TRUE,exclusiva_post_2023
dictsaad,situación_a_30_de_abril_de_2023,FALSE,TRUE,exclusiva_post_2023
dictsaad,situación_a_30_de_abril_de_2024,FALSE,TRUE,exclusiva_post_2023
dictsaad,situación_a_30_de_abril_de_2025,FALSE,TRUE,exclusiva_post_2023
dictsaad,situación_a_30_de_junio_de_2023,FALSE,TRUE,exclusiva_post_2023
dictsaad,situación_a_30_de_junio_de_2024,FALSE,TRUE,exclusiva_post_2023
dictsaad,situación_a_30_de_junio_de_2025,FALSE,TRUE,exclusiva_post_2023
dictsaad,situación_a_30_de_noviembre_de_2023,FALSE,TRUE,exclusiva_post_2023
dictsaad,situación_a_30_de_noviembre_de_2024,FALSE,TRUE,exclusiva_post_2023
dictsaad,situación_a_30_de_noviembre_de_2025,FALSE,TRUE,exclusiva_post_2023
dictsaad,situación_a_30_de_septiembre_de_2023,FALSE,TRUE,exclusiva_post_2023
dictsaad,situación_a_30_de_septiembre_de_2024,FALSE,TRUE,exclusiva_post_2023
dictsaad,situación_a_30_de_septiembre_de_2025,FALSE,TRUE,exclusiva_post_2023
dictsaad,situación_a_31_de_agosto_de_2023,FALSE,TRUE,exclusiva_post_2023
dictsaad,situación_a_31_de_agosto_de_2024,FALSE,TRUE,exclusiva_post_2023
dictsaad,situación_a_31_de_agosto_de_2025,FALSE,TRUE,exclusiva_post_2023
dictsaad,situación_a_31_de_diciembre_de_2023,FALSE,TRUE,exclusiva_post_2023
dictsaad,situación_a_31_de_diciembre_de_2024,FALSE,TRUE,exclusiva_post_2023
dictsaad,situación_a_31_de_diciembre_de_2025,FALSE,TRUE,exclusiva_post_2023
dictsaad,situación_a_31_de_enero_de_2023,FALSE,TRUE,exclusiva_post_2023
dictsaad,situación_a_31_de_enero_de_2024,FALSE,TRUE,exclusiva_post_2023
dictsaad,situación_a_31_de_enero_de_2025,FALSE,TRUE,exclusiva_post_2023
dictsaad,situación_a_31_de_enero_de_2026,FALSE,TRUE,exclusiva_post_2023
dictsaad,situación_a_31_de_julio_de_2023,FALSE,TRUE,exclusiva_post_2023
dictsaad,situación_a_31_de_julio_de_2024,FALSE,TRUE,exclusiva_post_2023
dictsaad,situación_a_31_de_julio_de_2025,FALSE,TRUE,exclusiva_post_2023
dictsaad,situación_a_31_de_marzo_de_2023,FALSE,TRUE,exclusiva_post_2023
dictsaad,situación_a_31_de_marzo_de_2024,FALSE,TRUE,exclusiva_post_2023
dictsaad,situación_a_31_de_marzo_de_2025,FALSE,TRUE,exclusiva_post_2023
dictsaad,situación_a_31_de_mayo_de_2023,FALSE,TRUE,exclusiva_post_2023
dictsaad,situación_a_31_de_mayo_de_2024,FALSE,TRUE,exclusiva_post_2023
dictsaad,situación_a_31_de_mayo_de_2025,FALSE,TRUE,exclusiva_post_2023
dictsaad,situación_a_31_de_octubre_de_2023,FALSE,TRUE,exclusiva_post_2023
dictsaad,situación_a_31_de_octubre_de_2024,FALSE,TRUE,exclusiva_post_2023
dictsaad,situación_a_31_de_octubre_de_2025,FALSE,TRUE,exclusiva_post_2023
dictsaad,1_4_dictámenes,TRUE,FALSE,exclusiva_pre_2023
dictsaad,1_4_resoluciones,TRUE,FALSE,exclusiva_pre_2023
dictsaad,27,TRUE,FALSE,exclusiva_pre_2023
dictsaad,28,TRUE,FALSE,exclusiva_pre_2023
dictsaad,2_1_resoluciones_de_grado,TRUE,FALSE,exclusiva_pre_2023
dictsaad,2_4_dictámenes,TRUE,FALSE,exclusiva_pre_2023
dictsaad,situación_a_1_de_abril_de_2012,TRUE,FALSE,exclusiva_pre_2023
dictsaad,situación_a_1_de_agosto_de_2012,TRUE,FALSE,exclusiva_pre_2023
dictsaad,situación_a_1_de_enero_de_2012,TRUE,FALSE,exclusiva_pre_2023
dictsaad,situación_a_1_de_febrero_de_2012,TRUE,FALSE,exclusiva_pre_2023
dictsaad,situación_a_1_de_julio_de_2012,TRUE,FALSE,exclusiva_pre_2023
dictsaad,situación_a_1_de_junio_de_2012,TRUE,FALSE,exclusiva_pre_2023
dictsaad,situación_a_1_de_marzo_de_2012,TRUE,FALSE,exclusiva_pre_2023
dictsaad,situación_a_1_de_mayo_de_2012,TRUE,FALSE,exclusiva_pre_2023
dictsaad,situación_a_1_de_octubre_de_2012,TRUE,FALSE,exclusiva_pre_2023
dictsaad,situación_a_1_de_septiembre_de_2012,TRUE,FALSE,exclusiva_pre_2023
dictsaad,situación_a_28_de_febrero_de_2013,TRUE,FALSE,exclusiva_pre_2023
dictsaad,situación_a_28_de_febrero_de_2014,TRUE,FALSE,exclusiva_pre_2023
dictsaad,situación_a_28_de_febrero_de_2015,TRUE,FALSE,exclusiva_pre_2023
dictsaad,situación_a_28_de_febrero_de_2017,TRUE,FALSE,exclusiva_pre_2023
dictsaad,situación_a_28_de_febrero_de_2018,TRUE,FALSE,exclusiva_pre_2023
dictsaad,situación_a_28_de_febrero_de_2019,TRUE,FALSE,exclusiva_pre_2023
dictsaad,situación_a_28_de_febrero_de_2021,TRUE,FALSE,exclusiva_pre_2023
dictsaad,situación_a_28_de_febrero_de_2022,TRUE,FALSE,exclusiva_pre_2023
dictsaad,situación_a_29_de_febrero_de_2016,TRUE,FALSE,exclusiva_pre_2023
dictsaad,situación_a_29_de_febrero_de_2020,TRUE,FALSE,exclusiva_pre_2023
dictsaad,situación_a_30_de_abril_de_2014,TRUE,FALSE,exclusiva_pre_2023
dictsaad,situación_a_30_de_abril_de_2015,TRUE,FALSE,exclusiva_pre_2023
dictsaad,situación_a_30_de_abril_de_2016,TRUE,FALSE,exclusiva_pre_2023
dictsaad,situación_a_30_de_abril_de_2017,TRUE,FALSE,exclusiva_pre_2023
dictsaad,situación_a_30_de_abril_de_2018,TRUE,FALSE,exclusiva_pre_2023
dictsaad,situación_a_30_de_abril_de_2019,TRUE,FALSE,exclusiva_pre_2023
dictsaad,situación_a_30_de_abril_de_2020,TRUE,FALSE,exclusiva_pre_2023
dictsaad,situación_a_30_de_abril_de_2021,TRUE,FALSE,exclusiva_pre_2023
dictsaad,situación_a_30_de_abril_de_2022,TRUE,FALSE,exclusiva_pre_2023
dictsaad,situación_a_30_de_junio_de_2013,TRUE,FALSE,exclusiva_pre_2023
dictsaad,situación_a_30_de_junio_de_2014,TRUE,FALSE,exclusiva_pre_2023
dictsaad,situación_a_30_de_junio_de_2015,TRUE,FALSE,exclusiva_pre_2023
dictsaad,situación_a_30_de_junio_de_2016,TRUE,FALSE,exclusiva_pre_2023
dictsaad,situación_a_30_de_junio_de_2017,TRUE,FALSE,exclusiva_pre_2023
dictsaad,situación_a_30_de_junio_de_2018,TRUE,FALSE,exclusiva_pre_2023
dictsaad,situación_a_30_de_junio_de_2019,TRUE,FALSE,exclusiva_pre_2023
dictsaad,situación_a_30_de_junio_de_2020,TRUE,FALSE,exclusiva_pre_2023
dictsaad,situación_a_30_de_junio_de_2021,TRUE,FALSE,exclusiva_pre_2023
dictsaad,situación_a_30_de_junio_de_2022,TRUE,FALSE,exclusiva_pre_2023
dictsaad,situación_a_30_de_noviembre_de_2013,TRUE,FALSE,exclusiva_pre_2023
dictsaad,situación_a_30_de_noviembre_de_2014,TRUE,FALSE,exclusiva_pre_2023
dictsaad,situación_a_30_de_noviembre_de_2015,TRUE,FALSE,exclusiva_pre_2023
dictsaad,situación_a_30_de_noviembre_de_2016,TRUE,FALSE,exclusiva_pre_2023
dictsaad,situación_a_30_de_noviembre_de_2017,TRUE,FALSE,exclusiva_pre_2023
dictsaad,situación_a_30_de_noviembre_de_2018,TRUE,FALSE,exclusiva_pre_2023
dictsaad,situación_a_30_de_noviembre_de_2019,TRUE,FALSE,exclusiva_pre_2023
dictsaad,situación_a_30_de_noviembre_de_2020,TRUE,FALSE,exclusiva_pre_2023
dictsaad,situación_a_30_de_noviembre_de_2021,TRUE,FALSE,exclusiva_pre_2023
dictsaad,situación_a_30_de_noviembre_de_2022,TRUE,FALSE,exclusiva_pre_2023
dictsaad,situación_a_30_de_septiembre_de_2013,TRUE,FALSE,exclusiva_pre_2023
dictsaad,situación_a_30_de_septiembre_de_2014,TRUE,FALSE,exclusiva_pre_2023
dictsaad,situación_a_30_de_septiembre_de_2015,TRUE,FALSE,exclusiva_pre_2023
dictsaad,situación_a_30_de_septiembre_de_2016,TRUE,FALSE,exclusiva_pre_2023
dictsaad,situación_a_30_de_septiembre_de_2017,TRUE,FALSE,exclusiva_pre_2023
dictsaad,situación_a_30_de_septiembre_de_2018,TRUE,FALSE,exclusiva_pre_2023
dictsaad,situación_a_30_de_septiembre_de_2019,TRUE,FALSE,exclusiva_pre_2023
dictsaad,situación_a_30_de_septiembre_de_2020,TRUE,FALSE,exclusiva_pre_2023
dictsaad,situación_a_30_de_septiembre_de_2021,TRUE,FALSE,exclusiva_pre_2023
dictsaad,situación_a_30_de_septiembre_de_2022,TRUE,FALSE,exclusiva_pre_2023
dictsaad,situación_a_31_de_agosto_de_2013,TRUE,FALSE,exclusiva_pre_2023
dictsaad,situación_a_31_de_agosto_de_2014,TRUE,FALSE,exclusiva_pre_2023
dictsaad,situación_a_31_de_agosto_de_2015,TRUE,FALSE,exclusiva_pre_2023
dictsaad,situación_a_31_de_agosto_de_2016,TRUE,FALSE,exclusiva_pre_2023
dictsaad,situación_a_31_de_agosto_de_2017,TRUE,FALSE,exclusiva_pre_2023
dictsaad,situación_a_31_de_agosto_de_2018,TRUE,FALSE,exclusiva_pre_2023
dictsaad,situación_a_31_de_agosto_de_2019,TRUE,FALSE,exclusiva_pre_2023
dictsaad,situación_a_31_de_agosto_de_2020,TRUE,FALSE,exclusiva_pre_2023
dictsaad,situación_a_31_de_agosto_de_2021,TRUE,FALSE,exclusiva_pre_2023
dictsaad,situación_a_31_de_agosto_de_2022,TRUE,FALSE,exclusiva_pre_2023
dictsaad,situación_a_31_de_diciembre_de_2012,TRUE,FALSE,exclusiva_pre_2023
dictsaad,situación_a_31_de_diciembre_de_2013,TRUE,FALSE,exclusiva_pre_2023
dictsaad,situación_a_31_de_diciembre_de_2014,TRUE,FALSE,exclusiva_pre_2023
dictsaad,situación_a_31_de_diciembre_de_2015,TRUE,FALSE,exclusiva_pre_2023
dictsaad,situación_a_31_de_diciembre_de_2016,TRUE,FALSE,exclusiva_pre_2023
dictsaad,situación_a_31_de_diciembre_de_2017,TRUE,FALSE,exclusiva_pre_2023
dictsaad,situación_a_31_de_diciembre_de_2018,TRUE,FALSE,exclusiva_pre_2023
dictsaad,situación_a_31_de_diciembre_de_2019,TRUE,FALSE,exclusiva_pre_2023
dictsaad,situación_a_31_de_diciembre_de_2020,TRUE,FALSE,exclusiva_pre_2023
dictsaad,situación_a_31_de_diciembre_de_2021,TRUE,FALSE,exclusiva_pre_2023
dictsaad,situación_a_31_de_diciembre_de_2022,TRUE,FALSE,exclusiva_pre_2023
dictsaad,situación_a_31_de_enero_de_2013,TRUE,FALSE,exclusiva_pre_2023
dictsaad,situación_a_31_de_enero_de_2014,TRUE,FALSE,exclusiva_pre_2023
dictsaad,situación_a_31_de_enero_de_2015,TRUE,FALSE,exclusiva_pre_2023
dictsaad,situación_a_31_de_enero_de_2016,TRUE,FALSE,exclusiva_pre_2023
dictsaad,situación_a_31_de_enero_de_2017,TRUE,FALSE,exclusiva_pre_2023
dictsaad,situación_a_31_de_enero_de_2018,TRUE,FALSE,exclusiva_pre_2023
dictsaad,situación_a_31_de_enero_de_2019,TRUE,FALSE,exclusiva_pre_2023
dictsaad,situación_a_31_de_enero_de_2020,TRUE,FALSE,exclusiva_pre_2023
dictsaad,situación_a_31_de_enero_de_2021,TRUE,FALSE,exclusiva_pre_2023
dictsaad,situación_a_31_de_enero_de_2022,TRUE,FALSE,exclusiva_pre_2023
dictsaad,situación_a_31_de_julio_de_2013,TRUE,FALSE,exclusiva_pre_2023
dictsaad,situación_a_31_de_julio_de_2014,TRUE,FALSE,exclusiva_pre_2023
dictsaad,situación_a_31_de_julio_de_2015,TRUE,FALSE,exclusiva_pre_2023
dictsaad,situación_a_31_de_julio_de_2016,TRUE,FALSE,exclusiva_pre_2023
dictsaad,situación_a_31_de_julio_de_2017,TRUE,FALSE,exclusiva_pre_2023
dictsaad,situación_a_31_de_julio_de_2018,TRUE,FALSE,exclusiva_pre_2023
dictsaad,situación_a_31_de_julio_de_2019,TRUE,FALSE,exclusiva_pre_2023
dictsaad,situación_a_31_de_julio_de_2020,TRUE,FALSE,exclusiva_pre_2023
dictsaad,situación_a_31_de_julio_de_2021,TRUE,FALSE,exclusiva_pre_2023
dictsaad,situación_a_31_de_julio_de_2022,TRUE,FALSE,exclusiva_pre_2023
dictsaad,situación_a_31_de_marzo_de_2013,TRUE,FALSE,exclusiva_pre_2023
dictsaad,situación_a_31_de_marzo_de_2014,TRUE,FALSE,exclusiva_pre_2023
dictsaad,situación_a_31_de_marzo_de_2016,TRUE,FALSE,exclusiva_pre_2023
dictsaad,situación_a_31_de_marzo_de_2017,TRUE,FALSE,exclusiva_pre_2023
dictsaad,situación_a_31_de_marzo_de_2018,TRUE,FALSE,exclusiva_pre_2023
dictsaad,situación_a_31_de_marzo_de_2019,TRUE,FALSE,exclusiva_pre_2023
dictsaad,situación_a_31_de_marzo_de_2020,TRUE,FALSE,exclusiva_pre_2023
dictsaad,situación_a_31_de_marzo_de_2021,TRUE,FALSE,exclusiva_pre_2023
dictsaad,situación_a_31_de_marzo_de_2022,TRUE,FALSE,exclusiva_pre_2023
dictsaad,situación_a_31_de_mayo_de_2013,TRUE,FALSE,exclusiva_pre_2023
dictsaad,situación_a_31_de_mayo_de_2014,TRUE,FALSE,exclusiva_pre_2023
dictsaad,situación_a_31_de_mayo_de_2015,TRUE,FALSE,exclusiva_pre_2023
dictsaad,situación_a_31_de_mayo_de_2016,TRUE,FALSE,exclusiva_pre_2023
dictsaad,situación_a_31_de_mayo_de_2017,TRUE,FALSE,exclusiva_pre_2023
dictsaad,situación_a_31_de_mayo_de_2018,TRUE,FALSE,exclusiva_pre_2023
dictsaad,situación_a_31_de_mayo_de_2019,TRUE,FALSE,exclusiva_pre_2023
dictsaad,situación_a_31_de_mayo_de_2020,TRUE,FALSE,exclusiva_pre_2023
dictsaad,situación_a_31_de_mayo_de_2021,TRUE,FALSE,exclusiva_pre_2023
dictsaad,situación_a_31_de_mayo_de_2022,TRUE,FALSE,exclusiva_pre_2023
dictsaad,situación_a_31_de_octubre_de_2013,TRUE,FALSE,exclusiva_pre_2023
dictsaad,situación_a_31_de_octubre_de_2014,TRUE,FALSE,exclusiva_pre_2023
dictsaad,situación_a_31_de_octubre_de_2015,TRUE,FALSE,exclusiva_pre_2023
dictsaad,situación_a_31_de_octubre_de_2016,TRUE,FALSE,exclusiva_pre_2023
dictsaad,situación_a_31_de_octubre_de_2017,TRUE,FALSE,exclusiva_pre_2023
dictsaad,situación_a_31_de_octubre_de_2018,TRUE,FALSE,exclusiva_pre_2023
dictsaad,situación_a_31_de_octubre_de_2019,TRUE,FALSE,exclusiva_pre_2023
dictsaad,situación_a_31_de_octubre_de_2020,TRUE,FALSE,exclusiva_pre_2023
dictsaad,situación_a_31_de_octubre_de_2021,TRUE,FALSE,exclusiva_pre_2023
dictsaad,situación_a_31_de_octubre_de_2022,TRUE,FALSE,exclusiva_pre_2023
perfsaad,11,TRUE,TRUE,comun
perfsaad,12,TRUE,TRUE,comun
perfsaad,14,TRUE,TRUE,comun
perfsaad,15,TRUE,TRUE,comun
perfsaad,17,TRUE,TRUE,comun
perfsaad,18,TRUE,TRUE,comun
perfsaad,19_a_30,TRUE,TRUE,comun
perfsaad,20,TRUE,TRUE,comun
perfsaad,21,TRUE,TRUE,comun
perfsaad,23,TRUE,TRUE,comun
perfsaad,24,TRUE,TRUE,comun
perfsaad,26,TRUE,TRUE,comun
perfsaad,27,TRUE,TRUE,comun
perfsaad,28,TRUE,TRUE,comun
perfsaad,29,TRUE,TRUE,comun
perfsaad,31_a_45,TRUE,TRUE,comun
perfsaad,3_a_18,TRUE,TRUE,comun
perfsaad,46_a_54,TRUE,TRUE,comun
perfsaad,55_a_64,TRUE,TRUE,comun
perfsaad,65_a_79,TRUE,TRUE,comun
perfsaad,80_y,TRUE,TRUE,comun
perfsaad,menores_de_3,TRUE,TRUE,comun
perfsaad,10,TRUE,FALSE,exclusiva_pre_2023
perfsaad,13,TRUE,FALSE,exclusiva_pre_2023
perfsaad,16,TRUE,FALSE,exclusiva_pre_2023
perfsaad,19,TRUE,FALSE,exclusiva_pre_2023
perfsaad,1_3_perfil_de_la_persona_solicitante_sexo_y_edad,TRUE,FALSE,exclusiva_pre_2023
perfsaad,22,TRUE,FALSE,exclusiva_pre_2023
perfsaad,25,TRUE,FALSE,exclusiva_pre_2023
perfsaad,30,TRUE,FALSE,exclusiva_pre_2023
perfsaad,31,TRUE,FALSE,exclusiva_pre_2023
perfsaad,42220,TRUE,FALSE,exclusiva_pre_2023
perfsaad,43044,TRUE,FALSE,exclusiva_pre_2023
perfsaad,43171,TRUE,FALSE,exclusiva_pre_2023
perfsaad,54648,TRUE,FALSE,exclusiva_pre_2023
perfsaad,5785,TRUE,FALSE,exclusiva_pre_2023
perfsaad,58520,TRUE,FALSE,exclusiva_pre_2023
perfsaad,5884,TRUE,FALSE,exclusiva_pre_2023
perfsaad,5913,TRUE,FALSE,exclusiva_pre_2023
perfsaad,59228,TRUE,FALSE,exclusiva_pre_2023
perfsaad,situación_a_28_de_febrero_de_2014,TRUE,FALSE,exclusiva_pre_2023
perfsaad,situación_a_28_de_febrero_de_2015,TRUE,FALSE,exclusiva_pre_2023
perfsaad,situación_a_28_de_febrero_de_2017,TRUE,FALSE,exclusiva_pre_2023
perfsaad,situación_a_28_de_febrero_de_2018,TRUE,FALSE,exclusiva_pre_2023
perfsaad,situación_a_29_de_febrero_de_2016,TRUE,FALSE,exclusiva_pre_2023
perfsaad,situación_a_30_de_abril_de_2014,TRUE,FALSE,exclusiva_pre_2023
perfsaad,situación_a_30_de_abril_de_2015,TRUE,FALSE,exclusiva_pre_2023
perfsaad,situación_a_30_de_abril_de_2016,TRUE,FALSE,exclusiva_pre_2023
perfsaad,situación_a_30_de_abril_de_2017,TRUE,FALSE,exclusiva_pre_2023
perfsaad,situación_a_30_de_abril_de_2018,TRUE,FALSE,exclusiva_pre_2023
perfsaad,situación_a_30_de_junio_de_2014,TRUE,FALSE,exclusiva_pre_2023
perfsaad,situación_a_30_de_junio_de_2015,TRUE,FALSE,exclusiva_pre_2023
perfsaad,situación_a_30_de_junio_de_2016,TRUE,FALSE,exclusiva_pre_2023
perfsaad,situación_a_30_de_junio_de_2017,TRUE,FALSE,exclusiva_pre_2023
perfsaad,situación_a_30_de_junio_de_2018,TRUE,FALSE,exclusiva_pre_2023
perfsaad,situación_a_30_de_noviembre_de_2013,TRUE,FALSE,exclusiva_pre_2023
perfsaad,situación_a_30_de_noviembre_de_2014,TRUE,FALSE,exclusiva_pre_2023
perfsaad,situación_a_30_de_noviembre_de_2015,TRUE,FALSE,exclusiva_pre_2023
perfsaad,situación_a_30_de_noviembre_de_2016,TRUE,FALSE,exclusiva_pre_2023
perfsaad,situación_a_30_de_noviembre_de_2017,TRUE,FALSE,exclusiva_pre_2023
perfsaad,situación_a_30_de_noviembre_de_2018,TRUE,FALSE,exclusiva_pre_2023
perfsaad,situación_a_30_de_septiembre_de_2014,TRUE,FALSE,exclusiva_pre_2023
perfsaad,situación_a_30_de_septiembre_de_2015,TRUE,FALSE,exclusiva_pre_2023
perfsaad,situación_a_30_de_septiembre_de_2016,TRUE,FALSE,exclusiva_pre_2023
perfsaad,situación_a_30_de_septiembre_de_2017,TRUE,FALSE,exclusiva_pre_2023
perfsaad,situación_a_30_de_septiembre_de_2018,TRUE,FALSE,exclusiva_pre_2023
perfsaad,situación_a_31_de_agosto_de_2013,TRUE,FALSE,exclusiva_pre_2023
perfsaad,situación_a_31_de_agosto_de_2014,TRUE,FALSE,exclusiva_pre_2023
perfsaad,situación_a_31_de_agosto_de_2015,TRUE,FALSE,exclusiva_pre_2023
perfsaad,situación_a_31_de_agosto_de_2016,TRUE,FALSE,exclusiva_pre_2023
perfsaad,situación_a_31_de_agosto_de_2017,TRUE,FALSE,exclusiva_pre_2023
perfsaad,situación_a_31_de_agosto_de_2018,TRUE,FALSE,exclusiva_pre_2023
perfsaad,situación_a_31_de_diciembre_de_2013,TRUE,FALSE,exclusiva_pre_2023
perfsaad,situación_a_31_de_diciembre_de_2014,TRUE,FALSE,exclusiva_pre_2023
perfsaad,situación_a_31_de_diciembre_de_2015,TRUE,FALSE,exclusiva_pre_2023
perfsaad,situación_a_31_de_diciembre_de_2016,TRUE,FALSE,exclusiva_pre_2023
perfsaad,situación_a_31_de_diciembre_de_2017,TRUE,FALSE,exclusiva_pre_2023
perfsaad,situación_a_31_de_diciembre_de_2018,TRUE,FALSE,exclusiva_pre_2023
perfsaad,situación_a_31_de_enero_de_2014,TRUE,FALSE,exclusiva_pre_2023
perfsaad,situación_a_31_de_enero_de_2015,TRUE,FALSE,exclusiva_pre_2023
perfsaad,situación_a_31_de_enero_de_2016,TRUE,FALSE,exclusiva_pre_2023
perfsaad,situación_a_31_de_enero_de_2017,TRUE,FALSE,exclusiva_pre_2023
perfsaad,situación_a_31_de_enero_de_2018,TRUE,FALSE,exclusiva_pre_2023
perfsaad,situación_a_31_de_julio_de_2014,TRUE,FALSE,exclusiva_pre_2023
perfsaad,situación_a_31_de_julio_de_2015,TRUE,FALSE,exclusiva_pre_2023
perfsaad,situación_a_31_de_julio_de_2016,TRUE,FALSE,exclusiva_pre_2023
perfsaad,situación_a_31_de_julio_de_2017,TRUE,FALSE,exclusiva_pre_2023
perfsaad,situación_a_31_de_julio_de_2018,TRUE,FALSE,exclusiva_pre_2023
perfsaad,situación_a_31_de_marzo_de_2013,TRUE,FALSE,exclusiva_pre_2023
perfsaad,situación_a_31_de_marzo_de_2014,TRUE,FALSE,exclusiva_pre_2023
perfsaad,situación_a_31_de_marzo_de_2016,TRUE,FALSE,exclusiva_pre_2023
perfsaad,situación_a_31_de_marzo_de_2017,TRUE,FALSE,exclusiva_pre_2023
perfsaad,situación_a_31_de_marzo_de_2018,TRUE,FALSE,exclusiva_pre_2023
perfsaad,situación_a_31_de_mayo_de_2014,TRUE,FALSE,exclusiva_pre_2023
perfsaad,situación_a_31_de_mayo_de_2015,TRUE,FALSE,exclusiva_pre_2023
perfsaad,situación_a_31_de_mayo_de_2016,TRUE,FALSE,exclusiva_pre_2023
perfsaad,situación_a_31_de_mayo_de_2017,TRUE,FALSE,exclusiva_pre_2023
perfsaad,situación_a_31_de_mayo_de_2018,TRUE,FALSE,exclusiva_pre_2023
perfsaad,situación_a_31_de_octubre_de_2013,TRUE,FALSE,exclusiva_pre_2023
perfsaad,situación_a_31_de_octubre_de_2014,TRUE,FALSE,exclusiva_pre_2023
perfsaad,situación_a_31_de_octubre_de_2015,TRUE,FALSE,exclusiva_pre_2023
perfsaad,situación_a_31_de_octubre_de_2016,TRUE,FALSE,exclusiva_pre_2023
perfsaad,situación_a_31_de_octubre_de_2017,TRUE,FALSE,exclusiva_pre_2023
perfsaad,situación_a_31_de_octubre_de_2018,TRUE,FALSE,exclusiva_pre_2023
solsaad,hombre,TRUE,TRUE,comun
solsaad,mujer,TRUE,TRUE,comun
solsaad,1_1_solicitudes,TRUE,FALSE,exclusiva_pre_2023
solsaad,2_1_solicitudes,TRUE,FALSE,exclusiva_pre_2023
solsaad,34477,TRUE,FALSE,exclusiva_pre_2023
solsaad,34829,TRUE,FALSE,exclusiva_pre_2023
solsaad,35731,TRUE,FALSE,exclusiva_pre_2023
solsaad,391739,TRUE,FALSE,exclusiva_pre_2023
solsaad,397446,TRUE,FALSE,exclusiva_pre_2023
solsaad,413279,TRUE,FALSE,exclusiva_pre_2023
solsaad,45651,TRUE,FALSE,exclusiva_pre_2023
solsaad,46239,TRUE,FALSE,exclusiva_pre_2023
solsaad,49141,TRUE,FALSE,exclusiva_pre_2023
solsaad,situación_a_1_de_abril_de_2012,TRUE,FALSE,exclusiva_pre_2023
solsaad,situación_a_1_de_agosto_de_2012,TRUE,FALSE,exclusiva_pre_2023
solsaad,situación_a_1_de_julio_de_2012,TRUE,FALSE,exclusiva_pre_2023
solsaad,situación_a_1_de_junio_de_2012,TRUE,FALSE,exclusiva_pre_2023
solsaad,situación_a_1_de_mayo_de_2012,TRUE,FALSE,exclusiva_pre_2023
solsaad,situación_a_30_de_noviembre_de_2013,TRUE,FALSE,exclusiva_pre_2023
solsaad,situación_a_31_de_agosto_de_2013,TRUE,FALSE,exclusiva_pre_2023
solsaad,situación_a_31_de_diciembre_de_2013,TRUE,FALSE,exclusiva_pre_2023
solsaad,situación_a_31_de_marzo_de_2013,TRUE,FALSE,exclusiva_pre_2023
solsaad,situación_a_31_de_mayo_de_2014,TRUE,FALSE,exclusiva_pre_2023
solsaad,situación_a_31_de_octubre_de_2013,TRUE,FALSE,exclusiva_pre_2023
