ccaa;fecha;personas_con_pia;personas_prest_efectiva;pendientes_prest_efectiva
Andalucía;2023-01-01;269733;269170;563
Aragón;2023-01-01;37223;36654;569
Principado de Asturias;2023-01-01;28712;27905;807
Islas Baleares;2023-01-01;26547;26547;0
Canarias;2023-01-01;35138;28056;7082
Cantabria;2023-01-01;17682;17682;0
Castilla y León;2023-01-01;114750;108962;5788
Castilla-La Mancha;2023-01-01;67152;64690;2462
Cataluña;2023-01-01;188719;188719;0
Comunidad Valenciana;2023-01-01;135053;132686;2367
Extremadura;2023-01-01;32536;32342;194
Galicia;2023-01-01;68745;66204;2541
Comunidad de Madrid;2023-01-01;162396;162396;0
Región de Murcia;2023-01-01;37921;37587;334
Comunidad Foral de Navarra;2023-01-01;15293;15293;0
País Vasco;2023-01-01;65174;65174;0
La Rioja;2023-01-01;8562;8562;0
Ceuta y Melilla;2023-01-01;3193;3048;145
Andalucía;2023-02-01;270247;269709;538
Aragón;2023-02-01;37626;37063;563
Principado de Asturias;2023-02-01;28697;27916;781
Islas Baleares;2023-02-01;26794;26794;0
Canarias;2023-02-01;35766;28746;7020
Cantabria;2023-02-01;17830;17830;0
Castilla y León;2023-02-01;115546;108902;6644
Castilla-La Mancha;2023-02-01;67423;64977;2446
Cataluña;2023-02-01;187648;187648;0
Comunidad Valenciana;2023-02-01;136992;134504;2488
Extremadura;2023-02-01;32637;32406;231
Galicia;2023-02-01;69070;65374;3696
Comunidad de Madrid;2023-02-01;162755;162755;0
Región de Murcia;2023-02-01;37872;37642;230
Comunidad Foral de Navarra;2023-02-01;15327;15327;0
País Vasco;2023-02-01;65350;65350;0
La Rioja;2023-02-01;8637;8637;0
Ceuta y Melilla;2023-02-01;3183;3053;130
Andalucía;2023-03-01;269920;269316;604
Aragón;2023-03-01;37918;37337;581
Principado de Asturias;2023-03-01;28870;28086;784
Islas Baleares;2023-03-01;26768;26768;0
Canarias;2023-03-01;36628;30022;6606
Cantabria;2023-03-01;17818;17818;0
Castilla y León;2023-03-01;116227;109229;6998
Castilla-La Mancha;2023-03-01;67575;65163;2412
Cataluña;2023-03-01;191389;191389;0
Comunidad Valenciana;2023-03-01;138962;136494;2468
Extremadura;2023-03-01;32777;32528;249
Galicia;2023-03-01;70190;67726;2464
Comunidad de Madrid;2023-03-01;164657;164657;0
Región de Murcia;2023-03-01;38104;37844;260
Comunidad Foral de Navarra;2023-03-01;15346;15346;0
País Vasco;2023-03-01;65268;65268;0
La Rioja;2023-03-01;8666;8666;0
Ceuta y Melilla;2023-03-01;3215;3103;112
Andalucía;2023-04-01;271313;270715;598
Aragón;2023-04-01;38208;37608;600
Principado de Asturias;2023-04-01;29209;28388;821
Islas Baleares;2023-04-01;26991;26991;0
Canarias;2023-04-01;37361;31302;6059
Cantabria;2023-04-01;17908;17908;0
Castilla y León;2023-04-01;116770;109245;7525
Castilla-La Mancha;2023-04-01;68043;65861;2182
Cataluña;2023-04-01;192301;192301;0
Comunidad Valenciana;2023-04-01;140764;138237;2527
Extremadura;2023-04-01;33170;32893;277
Galicia;2023-04-01;70490;68374;2116
Comunidad de Madrid;2023-04-01;167084;167084;0
Región de Murcia;2023-04-01;38398;38036;362
Comunidad Foral de Navarra;2023-04-01;15398;15398;0
País Vasco;2023-04-01;65806;65806;0
La Rioja;2023-04-01;8756;8756;0
Ceuta y Melilla;2023-04-01;3221;3114;107
Andalucía;2023-05-01;272073;271481;592
Aragón;2023-05-01;38394;37792;602
Principado de Asturias;2023-05-01;29719;28866;853
Islas Baleares;2023-05-01;27463;27463;0
Canarias;2023-05-01;37988;32060;5928
Cantabria;2023-05-01;17805;17805;0
Castilla y León;2023-05-01;117431;109705;7726
Castilla-La Mancha;2023-05-01;68486;66409;2077
Cataluña;2023-05-01;194624;194624;0
Comunidad Valenciana;2023-05-01;142054;139410;2644
Extremadura;2023-05-01;33607;33379;228
Galicia;2023-05-01;71475;69427;2048
Comunidad de Madrid;2023-05-01;168871;168871;0
Región de Murcia;2023-05-01;38643;38310;333
Comunidad Foral de Navarra;2023-05-01;15455;15455;0
País Vasco;2023-05-01;66047;66047;0
La Rioja;2023-05-01;8872;8872;0
Ceuta y Melilla;2023-05-01;3250;3145;105
Andalucía;2023-06-01;272883;272263;620
Aragón;2023-06-01;38821;38187;634
Principado de Asturias;2023-06-01;29810;28965;845
Islas Baleares;2023-06-01;27990;27990;0
Canarias;2023-06-01;38568;32573;5995
Cantabria;2023-06-01;17776;17776;0
Castilla y León;2023-06-01;118073;109840;8233
Castilla-La Mancha;2023-06-01;68992;66864;2128
Cataluña;2023-06-01;197300;197300;0
Comunidad Valenciana;2023-06-01;142536;140180;2356
Extremadura;2023-06-01;34378;34131;247
Galicia;2023-06-01;72272;70305;1967
Comunidad de Madrid;2023-06-01;171082;171082;0
Región de Murcia;2023-06-01;39144;38760;384
Comunidad Foral de Navarra;2023-06-01;15541;15541;0
País Vasco;2023-06-01;66391;66391;0
La Rioja;2023-06-01;8945;8945;0
Ceuta y Melilla;2023-06-01;3280;3189;91
Andalucía;2023-07-01;275501;274849;652
Aragón;2023-07-01;39213;38581;632
Principado de Asturias;2023-07-01;29908;29045;863
Islas Baleares;2023-07-01;27809;27809;0
Canarias;2023-07-01;38957;32796;6161
Cantabria;2023-07-01;17653;17653;0
Castilla y León;2023-07-01;118742;109937;8805
Castilla-La Mancha;2023-07-01;69483;67376;2107
Cataluña;2023-07-01;198202;198202;0
Comunidad Valenciana;2023-07-01;139356;138120;1236
Extremadura;2023-07-01;34481;34225;256
Galicia;2023-07-01;72568;70756;1812
Comunidad de Madrid;2023-07-01;168923;168923;0
Región de Murcia;2023-07-01;39421;39019;402
Comunidad Foral de Navarra;2023-07-01;15589;15589;0
País Vasco;2023-07-01;66909;66909;0
La Rioja;2023-07-01;9016;9016;0
Ceuta y Melilla;2023-07-01;3299;3213;86
Andalucía;2023-08-01;276119;275468;651
Aragón;2023-08-01;39459;38856;603
Principado de Asturias;2023-08-01;30053;29131;922
Islas Baleares;2023-08-01;28446;28446;0
Canarias;2023-08-01;39291;33017;6274
Cantabria;2023-08-01;17610;17610;0
Castilla y León;2023-08-01;119437;110819;8618
Castilla-La Mancha;2023-08-01;69903;67760;2143
Cataluña;2023-08-01;199368;199368;0
Comunidad Valenciana;2023-08-01;138619;137421;1198
Extremadura;2023-08-01;34303;34043;260
Galicia;2023-08-01;72822;71034;1788
Comunidad de Madrid;2023-08-01;172160;172160;0
Región de Murcia;2023-08-01;39370;39046;324
Comunidad Foral de Navarra;2023-08-01;15602;15602;0
País Vasco;2023-08-01;66844;66844;0
La Rioja;2023-08-01;9014;9014;0
Ceuta y Melilla;2023-08-01;3282;3200;82
Andalucía;2023-09-01;279070;278419;651
Aragón;2023-09-01;39671;39047;624
Principado de Asturias;2023-09-01;30221;29295;926
Islas Baleares;2023-09-01;28700;28700;0
Canarias;2023-09-01;39639;33306;6333
Cantabria;2023-09-01;17466;17466;0
Castilla y León;2023-09-01;120214;110726;9488
Castilla-La Mancha;2023-09-01;69984;67933;2051
Cataluña;2023-09-01;199875;199875;0
Comunidad Valenciana;2023-09-01;140566;139205;1361
Extremadura;2023-09-01;34508;34237;271
Galicia;2023-09-01;73023;71303;1720
Comunidad de Madrid;2023-09-01;173387;173387;0
Región de Murcia;2023-09-01;39648;39410;238
Comunidad Foral de Navarra;2023-09-01;15742;15742;0
País Vasco;2023-09-01;66938;66938;0
La Rioja;2023-09-01;9002;9002;0
Ceuta y Melilla;2023-09-01;3297;3217;80
Andalucía;2023-10-01;280143;279437;706
Aragón;2023-10-01;39898;39218;680
Principado de Asturias;2023-10-01;30524;29616;908
Islas Baleares;2023-10-01;28954;28954;0
Canarias;2023-10-01;40012;33677;6335
Cantabria;2023-10-01;17312;17312;0
Castilla y León;2023-10-01;121004;111642;9362
Castilla-La Mancha;2023-10-01;70822;68708;2114
Cataluña;2023-10-01;201339;201339;0
Comunidad Valenciana;2023-10-01;143800;142202;1598
Extremadura;2023-10-01;34759;34488;271
Galicia;2023-10-01;73212;71533;1679
Comunidad de Madrid;2023-10-01;174935;174935;0
Región de Murcia;2023-10-01;39783;39677;106
Comunidad Foral de Navarra;2023-10-01;15885;15885;0
País Vasco;2023-10-01;67247;67247;0
La Rioja;2023-10-01;9051;9051;0
Ceuta y Melilla;2023-10-01;3350;3269;81
Andalucía;2023-11-01;281863;281229;634
Aragón;2023-11-01;40121;39437;684
Principado de Asturias;2023-11-01;30849;29939;910
Islas Baleares;2023-11-01;29118;29118;0
Canarias;2023-11-01;40343;33950;6393
Cantabria;2023-11-01;17282;17282;0
Castilla y León;2023-11-01;121749;112791;8958
Castilla-La Mancha;2023-11-01;71826;69712;2114
Cataluña;2023-11-01;202264;202264;0
Comunidad Valenciana;2023-11-01;144169;142308;1861
Extremadura;2023-11-01;35080;34805;275
Galicia;2023-11-01;73482;71851;1631
Comunidad de Madrid;2023-11-01;176545;176545;0
Región de Murcia;2023-11-01;40250;40099;151
Comunidad Foral de Navarra;2023-11-01;16064;16064;0
País Vasco;2023-11-01;67169;67169;0
La Rioja;2023-11-01;9144;9144;0
Ceuta y Melilla;2023-11-01;3379;3298;81
Andalucía;2023-12-01;286600;285983;617
Aragón;2023-12-01;40334;39675;659
Principado de Asturias;2023-12-01;31214;30328;886
Islas Baleares;2023-12-01;29233;29233;0
Canarias;2023-12-01;40697;34358;6339
Cantabria;2023-12-01;17166;17165;1
Castilla y León;2023-12-01;122589;113213;9376
Castilla-La Mancha;2023-12-01;72357;70335;2022
Cataluña;2023-12-01;201720;201720;0
Comunidad Valenciana;2023-12-01;146290;144482;1808
Extremadura;2023-12-01;35293;34974;319
Galicia;2023-12-01;73691;72047;1644
Comunidad de Madrid;2023-12-01;177795;177795;0
Región de Murcia;2023-12-01;40484;40232;252
Comunidad Foral de Navarra;2023-12-01;16142;16142;0
País Vasco;2023-12-01;67674;67674;0
La Rioja;2023-12-01;9180;9180;0
Ceuta y Melilla;2023-12-01;3407;3327;80
Andalucía;2024-01-01;286206;285577;629
Aragón;2024-01-01;40178;39527;651
Principado de Asturias;2024-01-01;31210;30301;909
Islas Baleares;2024-01-01;29190;29190;0
Canarias;2024-01-01;40949;34626;6323
Cantabria;2024-01-01;17076;17075;1
Castilla y León;2024-01-01;122895;113472;9423
Castilla-La Mancha;2024-01-01;72052;70100;1952
Cataluña;2024-01-01;202557;202557;0
Comunidad Valenciana;2024-01-01;144001;142711;1290
Extremadura;2024-01-01;34931;34608;323
Galicia;2024-01-01;73751;72147;1604
Comunidad de Madrid;2024-01-01;176438;176438;0
Región de Murcia;2024-01-01;40749;40382;367
Comunidad Foral de Navarra;2024-01-01;16216;16216;0
País Vasco;2024-01-01;67502;67502;0
La Rioja;2024-01-01;9150;9150;0
Ceuta y Melilla;2024-01-01;3415;3335;80
Andalucía;2024-02-01;286357;285737;620
Aragón;2024-02-01;40215;39594;621
Principado de Asturias;2024-02-01;31190;30322;868
Islas Baleares;2024-02-01;29139;29139;0
Canarias;2024-02-01;40456;34231;6225
Cantabria;2024-02-01;16934;16933;1
Castilla y León;2024-02-01;123323;113232;10091
Castilla-La Mancha;2024-02-01;72070;70087;1983
Cataluña;2024-02-01;203145;203145;0
Comunidad Valenciana;2024-02-01;147902;146266;1636
Extremadura;2024-02-01;34476;34147;329
Galicia;2024-02-01;73273;71695;1578
Comunidad de Madrid;2024-02-01;176828;176828;0
Región de Murcia;2024-02-01;41165;40763;402
Comunidad Foral de Navarra;2024-02-01;16266;16266;0
País Vasco;2024-02-01;67749;67749;0
La Rioja;2024-02-01;9169;9169;0
Ceuta y Melilla;2024-02-01;3453;3377;76
Andalucía;2024-03-01;287048;286473;575
Aragón;2024-03-01;40443;39807;636
Principado de Asturias;2024-03-01;31355;30461;894
Islas Baleares;2024-03-01;29247;29247;0
Canarias;2024-03-01;40108;33934;6174
Cantabria;2024-03-01;16855;16854;1
Castilla y León;2024-03-01;123868;113429;10439
Castilla-La Mancha;2024-03-01;72030;70082;1948
Cataluña;2024-03-01;205681;205681;0
Comunidad Valenciana;2024-03-01;150668;149029;1639
Extremadura;2024-03-01;34652;34375;277
Galicia;2024-03-01;73901;72402;1499
Comunidad de Madrid;2024-03-01;179516;179516;0
Región de Murcia;2024-03-01;41734;41514;220
Comunidad Foral de Navarra;2024-03-01;16288;16288;0
País Vasco;2024-03-01;68248;68248;0
La Rioja;2024-03-01;9191;9191;0
Ceuta y Melilla;2024-03-01;3489;3410;79
Andalucía;2024-04-01;286814;286229;585
Aragón;2024-04-01;40702;40086;616
Principado de Asturias;2024-04-01;31506;30645;861
Islas Baleares;2024-04-01;29317;29317;0
Canarias;2024-04-01;41030;33999;7031
Cantabria;2024-04-01;17396;17395;1
Castilla y León;2024-04-01;124219;113658;10561
Castilla-La Mancha;2024-04-01;72434;70678;1756
Cataluña;2024-04-01;208349;208349;0
Comunidad Valenciana;2024-04-01;152556;150929;1627
Extremadura;2024-04-01;35415;35113;302
Galicia;2024-04-01;74248;72734;1514
Comunidad de Madrid;2024-04-01;181408;181408;0
Región de Murcia;2024-04-01;42280;42121;159
Comunidad Foral de Navarra;2024-04-01;16304;16304;0
País Vasco;2024-04-01;68480;68480;0
La Rioja;2024-04-01;9221;9221;0
Ceuta y Melilla;2024-04-01;3493;3418;75
Andalucía;2024-05-01;286788;286198;590
Aragón;2024-05-01;40938;40283;655
Principado de Asturias;2024-05-01;31581;30722;859
Islas Baleares;2024-05-01;29759;29759;0
Canarias;2024-05-01;41709;34582;7127
Cantabria;2024-05-01;17670;17669;1
Castilla y León;2024-05-01;124604;114171;10433
Castilla-La Mancha;2024-05-01;72771;71001;1770
Cataluña;2024-05-01;211192;211192;0
Comunidad Valenciana;2024-05-01;154633;153082;1551
Extremadura;2024-05-01;35701;35404;297
Galicia;2024-05-01;74500;73006;1494
Comunidad de Madrid;2024-05-01;183203;183203;0
Región de Murcia;2024-05-01;42782;42605;177
Comunidad Foral de Navarra;2024-05-01;16091;16091;0
País Vasco;2024-05-01;68945;68945;0
La Rioja;2024-05-01;9275;9275;0
Ceuta y Melilla;2024-05-01;3526;3449;77
Andalucía;2024-06-01;286867;286266;601
Aragón;2024-06-01;41854;41129;725
Principado de Asturias;2024-06-01;31659;30795;864
Islas Baleares;2024-06-01;30170;30170;0
Canarias;2024-06-01;42634;35232;7402
Cantabria;2024-06-01;17715;17714;1
Castilla y León;2024-06-01;124717;114947;9770
Castilla-La Mancha;2024-06-01;73499;71726;1773
Cataluña;2024-06-01;214625;214625;0
Comunidad Valenciana;2024-06-01;156081;154442;1639
Extremadura;2024-06-01;35934;35669;265
Galicia;2024-06-01;75358;73871;1487
Comunidad de Madrid;2024-06-01;184420;184420;0
Región de Murcia;2024-06-01;43145;42906;239
Comunidad Foral de Navarra;2024-06-01;16056;16056;0
País Vasco;2024-06-01;69653;69653;0
La Rioja;2024-06-01;9277;9277;0
Ceuta y Melilla;2024-06-01;3579;3498;81
Andalucía;2024-07-01;287223;286633;590
Aragón;2024-07-01;42372;41622;750
Principado de Asturias;2024-07-01;31687;30826;861
Islas Baleares;2024-07-01;30585;30585;0
Canarias;2024-07-01;42857;35335;7522
Cantabria;2024-07-01;17828;17827;1
Castilla y León;2024-07-01;124986;115432;9554
Castilla-La Mancha;2024-07-01;73974;72130;1844
Cataluña;2024-07-01;217728;217728;0
Comunidad Valenciana;2024-07-01;157089;155323;1766
Extremadura;2024-07-01;36097;35832;265
Galicia;2024-07-01;75568;74135;1433
Comunidad de Madrid;2024-07-01;185725;185725;0
Región de Murcia;2024-07-01;43686;43438;248
Comunidad Foral de Navarra;2024-07-01;16254;16254;0
País Vasco;2024-07-01;69516;69516;0
La Rioja;2024-07-01;9265;9265;0
Ceuta y Melilla;2024-07-01;3640;3524;116
Andalucía;2024-08-01;288363;287771;592
Aragón;2024-08-01;42703;42085;618
Principado de Asturias;2024-08-01;31501;30690;811
Islas Baleares;2024-08-01;30856;30856;0
Canarias;2024-08-01;43050;35658;7392
Cantabria;2024-08-01;17880;17879;1
Castilla y León;2024-08-01;125164;115715;9449
Castilla-La Mancha;2024-08-01;74540;72673;1867
Cataluña;2024-08-01;219746;219746;0
Comunidad Valenciana;2024-08-01;158505;156687;1818
Extremadura;2024-08-01;36248;35994;254
Galicia;2024-08-01;75850;74442;1408
Comunidad de Madrid;2024-08-01;185247;185247;0
Región de Murcia;2024-08-01;43612;43384;228
Comunidad Foral de Navarra;2024-08-01;16218;16218;0
País Vasco;2024-08-01;69548;69548;0
La Rioja;2024-08-01;9275;9275;0
Ceuta y Melilla;2024-08-01;3640;3529;111
Andalucía;2024-09-01;287571;286986;585
Aragón;2024-09-01;43736;43124;612
Principado de Asturias;2024-09-01;31553;30720;833
Islas Baleares;2024-09-01;31513;31513;0
Canarias;2024-09-01;43406;36012;7394
Cantabria;2024-09-01;17895;17894;1
Castilla y León;2024-09-01;125162;115718;9444
Castilla-La Mancha;2024-09-01;74900;72963;1937
Cataluña;2024-09-01;221659;221659;0
Comunidad Valenciana;2024-09-01;158666;156892;1774
Extremadura;2024-09-01;36487;36246;241
Galicia;2024-09-01;76008;74577;1431
Comunidad de Madrid;2024-09-01;185649;185649;0
Región de Murcia;2024-09-01;44052;43841;211
Comunidad Foral de Navarra;2024-09-01;16119;16119;0
País Vasco;2024-09-01;69758;69758;0
La Rioja;2024-09-01;9296;9296;0
Ceuta y Melilla;2024-09-01;3641;3547;94
Andalucía;2024-10-01;288014;287425;589
Aragón;2024-10-01;44256;43570;686
Principado de Asturias;2024-10-01;32110;31221;889
Islas Baleares;2024-10-01;31705;31705;0
Canarias;2024-10-01;43828;36816;7012
Cantabria;2024-10-01;18009;18008;1
Castilla y León;2024-10-01;125451;116550;8901
Castilla-La Mancha;2024-10-01;75728;73802;1926
Cataluña;2024-10-01;225116;225116;0
Comunidad Valenciana;2024-10-01;160563;158807;1756
Extremadura;2024-10-01;36744;36517;227
Galicia;2024-10-01;76563;75124;1439
Comunidad de Madrid;2024-10-01;187923;187923;0
Región de Murcia;2024-10-01;44249;44152;97
Comunidad Foral de Navarra;2024-10-01;16169;16169;0
País Vasco;2024-10-01;70157;70157;0
La Rioja;2024-10-01;9352;9352;0
Ceuta y Melilla;2024-10-01;3664;3575;89
Andalucía;2024-11-01;291702;288258;3444
Aragón;2024-11-01;44856;44131;725
Principado de Asturias;2024-11-01;32810;31954;856
Islas Baleares;2024-11-01;31849;31849;0
Canarias;2024-11-01;44273;36707;7566
Cantabria;2024-11-01;18285;18284;1
Castilla y León;2024-11-01;125746;118113;7633
Castilla-La Mancha;2024-11-01;76774;74831;1943
Cataluña;2024-11-01;227099;227099;0
Comunidad Valenciana;2024-11-01;163267;161299;1968
Extremadura;2024-11-01;37195;36952;243
Galicia;2024-11-01;77075;75633;1442
Comunidad de Madrid;2024-11-01;189638;189638;0
Región de Murcia;2024-11-01;44420;44332;88
Comunidad Foral de Navarra;2024-11-01;16137;16137;0
País Vasco;2024-11-01;70589;70589;0
La Rioja;2024-11-01;9320;9320;0
Ceuta y Melilla;2024-11-01;3690;3607;83
Andalucía;2024-12-01;296663;295106;1557
Aragón;2024-12-01;45264;44525;739
Principado de Asturias;2024-12-01;33127;32184;943
Islas Baleares;2024-12-01;31849;31849;0
Canarias;2024-12-01;45025;37332;7693
Cantabria;2024-12-01;18175;18174;1
Castilla y León;2024-12-01;126194;118814;7380
Castilla-La Mancha;2024-12-01;78035;76227;1808
Cataluña;2024-12-01;229333;229333;0
Comunidad Valenciana;2024-12-01;164565;162398;2167
Extremadura;2024-12-01;37168;36927;241
Galicia;2024-12-01;77196;75732;1464
Comunidad de Madrid;2024-12-01;190951;190951;0
Región de Murcia;2024-12-01;44630;44589;41
Comunidad Foral de Navarra;2024-12-01;16475;16475;0
País Vasco;2024-12-01;70761;70761;0
La Rioja;2024-12-01;9334;9334;0
Ceuta y Melilla;2024-12-01;3679;3600;79
Andalucía;2025-01-01;297499;295955;1544
Aragón;2025-01-01;45476;44753;723
Principado de Asturias;2025-01-01;33572;32493;1079
Islas Baleares;2025-01-01;31871;31871;0
Canarias;2025-01-01;45615;37717;7898
Cantabria;2025-01-01;18175;18174;1
Castilla y León;2025-01-01;126076;118809;7267
Castilla-La Mancha;2025-01-01;77526;75702;1824
Cataluña;2025-01-01;231314;231314;0
Comunidad Valenciana;2025-01-01;164582;162389;2193
Extremadura;2025-01-01;36678;36445;233
Galicia;2025-01-01;77734;76262;1472
Comunidad de Madrid;2025-01-01;190266;190266;0
Región de Murcia;2025-01-01;44845;44793;52
Comunidad Foral de Navarra;2025-01-01;16322;16322;0
País Vasco;2025-01-01;70900;70900;0
La Rioja;2025-01-01;9344;9344;0
Ceuta y Melilla;2025-01-01;3693;3615;78
Andalucía;2025-02-01;298289;296235;2054
Aragón;2025-02-01;45544;44815;729
Principado de Asturias;2025-02-01;33872;32801;1071
Islas Baleares;2025-02-01;31979;31979;0
Canarias;2025-02-01;45948;38059;7889
Cantabria;2025-02-01;17860;17859;1
Castilla y León;2025-02-01;126099;118645;7454
Castilla-La Mancha;2025-02-01;77301;75520;1781
Cataluña;2025-02-01;231545;231545;0
Comunidad Valenciana;2025-02-01;166087;164025;2062
Extremadura;2025-02-01;36179;35938;241
Galicia;2025-02-01;77397;75944;1453
Comunidad de Madrid;2025-02-01;190553;190553;0
Región de Murcia;2025-02-01;45098;44977;121
Comunidad Foral de Navarra;2025-02-01;16028;16028;0
País Vasco;2025-02-01;70641;70641;0
La Rioja;2025-02-01;9368;9368;0
Ceuta y Melilla;2025-02-01;3702;3635;67
Andalucía;2025-03-01;299148;295891;3257
Aragón;2025-03-01;45732;45055;677
Principado de Asturias;2025-03-01;34418;33309;1109
Islas Baleares;2025-03-01;31794;31794;0
Canarias;2025-03-01;46130;38528;7602
Cantabria;2025-03-01;18114;18113;1
Castilla y León;2025-03-01;126450;119122;7328
Castilla-La Mancha;2025-03-01;77506;75732;1774
Cataluña;2025-03-01;232521;232521;0
Comunidad Valenciana;2025-03-01;167279;165214;2065
Extremadura;2025-03-01;36400;36151;249
Galicia;2025-03-01;78066;76417;1649
Comunidad de Madrid;2025-03-01;194321;194321;0
Región de Murcia;2025-03-01;45626;45390;236
Comunidad Foral de Navarra;2025-03-01;15929;15929;0
País Vasco;2025-03-01;70696;70696;0
La Rioja;2025-03-01;9318;9318;0
Ceuta y Melilla;2025-03-01;3725;3661;64
Andalucía;2025-04-01;299894;296006;3888
Aragón;2025-04-01;46129;45458;671
Principado de Asturias;2025-04-01;34812;33743;1069
Islas Baleares;2025-04-01;31451;31451;0
Canarias;2025-04-01;46446;38624;7822
Cantabria;2025-04-01;18099;18098;1
Castilla y León;2025-04-01;126713;119965;6748
Castilla-La Mancha;2025-04-01;77705;75935;1770
Cataluña;2025-04-01;234486;234486;0
Comunidad Valenciana;2025-04-01;168460;166318;2142
Extremadura;2025-04-01;36564;36301;263
Galicia;2025-04-01;79688;78847;841
Comunidad de Madrid;2025-04-01;196209;196209;0
Región de Murcia;2025-04-01;46181;45924;257
Comunidad Foral de Navarra;2025-04-01;15950;15950;0
País Vasco;2025-04-01;72088;72088;0
La Rioja;2025-04-01;9298;9298;0
Ceuta y Melilla;2025-04-01;3726;3667;59
Andalucía;2025-05-01;301429;295681;5748
Aragón;2025-05-01;46529;45842;687
Principado de Asturias;2025-05-01;34939;33924;1015
Islas Baleares;2025-05-01;31159;31159;0
Canarias;2025-05-01;46750;38799;7951
Cantabria;2025-05-01;18068;18067;1
Castilla y León;2025-05-01;126965;120524;6441
Castilla-La Mancha;2025-05-01;78096;76353;1743
Cataluña;2025-05-01;236273;236273;0
Comunidad Valenciana;2025-05-01;168563;166653;1910
Extremadura;2025-05-01;36837;36580;257
Galicia;2025-05-01;81675;80821;854
Comunidad de Madrid;2025-05-01;196986;196986;0
Región de Murcia;2025-05-01;46549;46430;119
Comunidad Foral de Navarra;2025-05-01;17258;17258;0
País Vasco;2025-05-01;72428;72428;0
La Rioja;2025-05-01;9323;9323;0
Ceuta y Melilla;2025-05-01;3733;3679;54
Andalucía;2025-06-01;302871;296753;6118
Aragón;2025-06-01;47035;46415;620
Principado de Asturias;2025-06-01;35107;34081;1026
Islas Baleares;2025-06-01;32958;32958;0
Canarias;2025-06-01;48365;39839;8526
Cantabria;2025-06-01;18033;18032;1
Castilla y León;2025-06-01;127036;120886;6150
Castilla-La Mancha;2025-06-01;78705;77000;1705
Cataluña;2025-06-01;238250;238250;0
Comunidad Valenciana;2025-06-01;167654;166023;1631
Extremadura;2025-06-01;36975;36725;250
Galicia;2025-06-01;84054;83282;772
Comunidad de Madrid;2025-06-01;198437;198437;0
Región de Murcia;2025-06-01;47031;46883;148
Comunidad Foral de Navarra;2025-06-01;17314;17314;0
País Vasco;2025-06-01;72902;72902;0
La Rioja;2025-06-01;9317;9317;0
Ceuta y Melilla;2025-06-01;3794;3746;48
Andalucía;2025-07-01;304357;296849;7508
Aragón;2025-07-01;47370;46765;605
Principado de Asturias;2025-07-01;34990;34140;850
Islas Baleares;2025-07-01;33221;33221;0
Canarias;2025-07-01;50901;41371;9530
Cantabria;2025-07-01;18124;18123;1
Castilla y León;2025-07-01;127052;121154;5898
Castilla-La Mancha;2025-07-01;79065;77492;1573
Cataluña;2025-07-01;240890;240890;0
Comunidad Valenciana;2025-07-01;174236;171976;2260
Extremadura;2025-07-01;37298;37055;243
Galicia;2025-07-01;85337;84630;707
Comunidad de Madrid;2025-07-01;200291;200291;0
Región de Murcia;2025-07-01;47469;47213;256
Comunidad Foral de Navarra;2025-07-01;17278;17278;0
País Vasco;2025-07-01;73018;73018;0
La Rioja;2025-07-01;9299;9299;0
Ceuta y Melilla;2025-07-01;3815;3769;46
Andalucía;2025-08-01;305669;298306;7363
Aragón;2025-08-01;47607;47010;597
Principado de Asturias;2025-08-01;34630;33784;846
Islas Baleares;2025-08-01;33401;33401;0
Canarias;2025-08-01;54256;42565;11691
Cantabria;2025-08-01;18123;18122;1
Castilla y León;2025-08-01;127434;121724;5710
Castilla-La Mancha;2025-08-01;79522;77957;1565
Cataluña;2025-08-01;241584;241584;0
Comunidad Valenciana;2025-08-01;174851;172315;2536
Extremadura;2025-08-01;37508;37270;238
Galicia;2025-08-01;86858;86135;723
Comunidad de Madrid;2025-08-01;202367;202367;0
Región de Murcia;2025-08-01;47962;47525;437
Comunidad Foral de Navarra;2025-08-01;17306;17306;0
País Vasco;2025-08-01;72880;72880;0
La Rioja;2025-08-01;9314;9314;0
Ceuta y Melilla;2025-08-01;3873;3784;89
Andalucía;2025-09-01;311672;303244;8428
Aragón;2025-09-01;47941;47346;595
Principado de Asturias;2025-09-01;34288;33389;899
Islas Baleares;2025-09-01;33653;33653;0
Canarias;2025-09-01;57996;44255;13741
Cantabria;2025-09-01;18185;18184;1
Castilla y León;2025-09-01;127461;121885;5576
Castilla-La Mancha;2025-09-01;79634;78049;1585
Cataluña;2025-09-01;242430;242430;0
Comunidad Valenciana;2025-09-01;174972;172538;2434
Extremadura;2025-09-01;37473;37248;225
Galicia;2025-09-01;88362;87645;717
Comunidad de Madrid;2025-09-01;203981;203981;0
Región de Murcia;2025-09-01;48020;47725;295
Comunidad Foral de Navarra;2025-09-01;17318;17318;0
País Vasco;2025-09-01;73687;73687;0
La Rioja;2025-09-01;9321;9321;0
Ceuta y Melilla;2025-09-01;3872;3784;88
Andalucía;2025-10-01;321670;310799;10871
Aragón;2025-10-01;48456;47835;621
Principado de Asturias;2025-10-01;34063;33169;894
Islas Baleares;2025-10-01;33805;33805;0
Canarias;2025-10-01;61080;45575;15505
Cantabria;2025-10-01;18238;18237;1
Castilla y León;2025-10-01;127957;122523;5434
Castilla-La Mancha;2025-10-01;80382;78826;1556
Cataluña;2025-10-01;243496;243496;0
Comunidad Valenciana;2025-10-01;177368;174763;2605
Extremadura;2025-10-01;37527;37305;222
Galicia;2025-10-01;90424;89715;709
Comunidad de Madrid;2025-10-01;206319;206319;0
Región de Murcia;2025-10-01;48582;48261;321
Comunidad Foral de Navarra;2025-10-01;17455;17455;0
País Vasco;2025-10-01;74226;74226;0
La Rioja;2025-10-01;9325;9325;0
Ceuta y Melilla;2025-10-01;3893;3817;76
Andalucía;2025-11-01;332828;320680;12148
Aragón;2025-11-01;48921;48304;617
Principado de Asturias;2025-11-01;33860;32954;906
Islas Baleares;2025-11-01;34163;34163;0
Canarias;2025-11-01;63684;46827;16857
Cantabria;2025-11-01;18310;18309;1
Castilla y León;2025-11-01;128107;122879;5228
Castilla-La Mancha;2025-11-01;81366;79767;1599
Cataluña;2025-11-01;245776;245776;0
Comunidad Valenciana;2025-11-01;178555;176107;2448
Extremadura;2025-11-01;37544;37327;217
Galicia;2025-11-01;92589;91361;1228
Comunidad de Madrid;2025-11-01;208749;208749;0
Región de Murcia;2025-11-01;49151;48621;530
Comunidad Foral de Navarra;2025-11-01;17626;17626;0
País Vasco;2025-11-01;74626;74626;0
La Rioja;2025-11-01;9412;9372;40
Ceuta y Melilla;2025-11-01;3897;3829;68
Andalucía;2025-12-01;338932;326811;12121
Aragón;2025-12-01;49312;48724;588
Principado de Asturias;2025-12-01;33772;32835;937
Islas Baleares;2025-12-01;34208;34208;0
Canarias;2025-12-01;65832;48708;17124
Cantabria;2025-12-01;18132;18131;1
Castilla y León;2025-12-01;129176;124105;5071
Castilla-La Mancha;2025-12-01;82425;80900;1525
Cataluña;2025-12-01;248373;248373;0
Comunidad Valenciana;2025-12-01;179408;176873;2535
Extremadura;2025-12-01;37664;37455;209
Galicia;2025-12-01;93660;92878;782
Comunidad de Madrid;2025-12-01;209961;209961;0
Región de Murcia;2025-12-01;50287;49885;402
Comunidad Foral de Navarra;2025-12-01;17562;17562;0
País Vasco;2025-12-01;74802;74802;0
La Rioja;2025-12-01;9620;9402;218
Ceuta y Melilla;2025-12-01;3916;3849;67
Andalucía;2026-01-01;340135;326375;13760
Aragón;2026-01-01;49186;48633;553
Principado de Asturias;2026-01-01;33656;32709;947
Islas Baleares;2026-01-01;34177;34177;0
Canarias;2026-01-01;67552;50313;17239
Cantabria;2026-01-01;18030;18029;1
Castilla y León;2026-01-01;128699;125174;3525
Castilla-La Mancha;2026-01-01;81799;80278;1521
Cataluña;2026-01-01;249207;249207;0
Comunidad Valenciana;2026-01-01;179130;176666;2464
Extremadura;2026-01-01;37151;36952;199
Galicia;2026-01-01;92849;92065;784
Comunidad de Madrid;2026-01-01;208264;208264;0
Región de Murcia;2026-01-01;50018;49857;161
Comunidad Foral de Navarra;2026-01-01;17320;17320;0
País Vasco;2026-01-01;74273;74273;0
La Rioja;2026-01-01;9594;9463;131
Ceuta y Melilla;2026-01-01;3910;3850;60
Andalucía;2026-02-01;338796;323339;15457
Aragón;2026-02-01;49233;48585;648
Principado de Asturias;2026-02-01;33640;32723;917
Islas Baleares;2026-02-01;34144;34144;0
Canarias;2026-02-01;69284;52380;16904
Cantabria;2026-02-01;17725;17724;1
Castilla y León;2026-02-01;127280;123843;3437
Castilla-La Mancha;2026-02-01;81293;79799;1494
Cataluña;2026-02-01;249212;249212;0
Comunidad Valenciana;2026-02-01;179593;177374;2219
Extremadura;2026-02-01;36368;36174;194
Galicia;2026-02-01;92497;91724;773
Comunidad de Madrid;2026-02-01;211239;211239;0
Región de Murcia;2026-02-01;49930;49717;213
Comunidad Foral de Navarra;2026-02-01;17243;17243;0
País Vasco;2026-02-01;73844;73844;0
La Rioja;2026-02-01;9483;9321;162
Ceuta y Melilla;2026-02-01;3934;3864;70
Andalucía;2026-03-01;347017;333922;13095
Aragón;2026-03-01;49822;49157;665
Principado de Asturias;2026-03-01;33854;32971;883
Islas Baleares;2026-03-01;34248;34248;0
Canarias;2026-03-01;71093;55032;16061
Cantabria;2026-03-01;18907;18906;1
Castilla y León;2026-03-01;127186;123885;3301
Castilla-La Mancha;2026-03-01;81518;80020;1498
Cataluña;2026-03-01;250944;250944;0
Comunidad Valenciana;2026-03-01;180393;178140;2253
Extremadura;2026-03-01;37186;37000;186
Galicia;2026-03-01;93892;93057;835
Comunidad de Madrid;2026-03-01;213333;213333;0
Región de Murcia;2026-03-01;50387;50125;262
Comunidad Foral de Navarra;2026-03-01;17234;17234;0
País Vasco;2026-03-01;74024;74024;0
La Rioja;2026-03-01;9560;9530;30
Ceuta y Melilla;2026-03-01;4013;3918;95
