ccaa;fecha;pers_benef_prest;prev_dep_prom_ap;teleasistencia;ayuda_domicilio;centros_dia_noche;atencion_residencial;pe_vinc_serv;pe_cuidados_fam;pe_asist_pers;total;ratio_prest_x_benef
Andalucía;2023-01-01;269733;786;120937;145587;14106;26770;4177;77276;12;389651;1,44458038134007
Aragón;2023-01-01;37223;3449;3330;5203;1659;3974;6743;18993;0;43351;1,16462939580367
Principado de Asturias;2023-01-01;28712;7344;2458;6798;2255;3541;3509;10774;13;36692;1,27793257174700
Islas Baleares;2023-01-01;26547;4016;11366;2020;1980;2882;835;20059;0;43158;1,62572042038648
Canarias;2023-01-01;35138;1091;1817;474;5139;4384;12138;14024;0;39067;1,11181626728897
Cantabria;2023-01-01;17682;6935;3127;1458;2029;5139;104;9043;0;27835;1,57419975115937
Castilla y León;2023-01-01;114750;13139;21571;21539;7863;8489;48569;31105;2054;154329;1,34491503267974
Castilla-La Mancha;2023-01-01;67152;8409;25592;16082;3390;12100;9037;15353;21;89984;1,34000476530855
Cataluña;2023-01-01;188719;285;24217;32712;12821;38554;21695;97708;85;228077;1,20855345778644
Comunidad Valenciana;2023-01-01;135053;1215;33979;4094;7886;13309;20870;91686;273;173312;1,28328878292226
Extremadura;2023-01-01;32536;1194;3461;920;2100;4661;17716;6287;0;36339;1,11688591099090
Galicia;2023-01-01;68745;5537;8939;26495;8323;6680;11127;16214;108;83423;1,21351371008801
Comunidad de Madrid;2023-01-01;162396;4280;62908;46978;15429;23648;24180;41351;88;218862;1,34770560851252
Región de Murcia;2023-01-01;37921;4125;7486;2940;3872;4800;1163;23085;4;47475;1,25194483267846
Comunidad Foral de Navarra;2023-01-01;15293;1703;2756;994;506;2435;2515;9502;31;20442;1,33668998888380
País Vasco;2023-01-01;65174;810;21806;5612;7427;12739;1351;33749;6382;89876;1,37901617209317
La Rioja;2023-01-01;8562;1036;2966;3557;1224;1758;1026;1270;0;12837;1,49929922915207
Ceuta y Melilla;2023-01-01;3193;557;759;1118;60;180;4;1632;0;4310;1,34982774819919
Andalucía;2023-02-01;270247;772;121406;145945;14128;26933;4284;77331;11;390810;1,44612151106210
Aragón;2023-02-01;37626;3432;3302;5252;1671;3941;6963;19143;0;43704;1,16153723489077
Principado de Asturias;2023-02-01;28697;7367;2443;6737;2243;3582;3540;10776;12;36700;1,27887932536502
Islas Baleares;2023-02-01;26794;4095;11354;2074;1998;2896;831;20161;0;43409;1,62010151526461
Canarias;2023-02-01;35766;1107;1829;493;5166;4415;12342;14383;0;39735;1,11097131353800
Cantabria;2023-02-01;17830;6972;3183;1476;2027;5174;153;9066;0;28051;1,57324733595064
Castilla y León;2023-02-01;115546;13089;23607;21687;7854;8482;49361;30909;2075;157064;1,35932009762346
Castilla-La Mancha;2023-02-01;67423;8380;25638;16055;3425;12152;9097;15548;22;90317;1,33955771769278
Cataluña;2023-02-01;187648;202;24086;32521;12823;38246;21543;97348;84;226853;1,20892841916780
Comunidad Valenciana;2023-02-01;136992;1220;37505;4167;7852;13482;21175;93066;286;178753;1,30484261854707
Extremadura;2023-02-01;32637;1233;3452;950;2116;4713;17627;6330;0;36421;1,11594202898551
Galicia;2023-02-01;69070;5419;8851;26326;8227;6955;11441;16255;106;83580;1,21007673374837
Comunidad de Madrid;2023-02-01;162755;4369;63073;46521;15393;23639;24644;41922;85;219646;1,34954993702190
Región de Murcia;2023-02-01;37872;4203;7552;2961;3910;4811;1113;22957;4;47511;1,25451520912548
Comunidad Foral de Navarra;2023-02-01;15327;1740;2813;993;521;2469;2517;9486;31;20570;1,34207607490050
País Vasco;2023-02-01;65350;799;21961;5568;7442;12727;1325;33858;6467;90147;1,37944912012242
La Rioja;2023-02-01;8637;1048;3017;3624;1241;1763;1018;1255;0;12966;1,50121569989580
Ceuta y Melilla;2023-02-01;3183;558;751;1105;63;177;4;1636;0;4294;1,34904178448005
Andalucía;2023-03-01;269920;760;121595;145775;14179;26972;4256;77428;11;390976;1,44848844101956
Aragón;2023-03-01;37918;3394;3289;5293;1669;3874;7052;19374;0;43945;1,15894825676460
Principado de Asturias;2023-03-01;28870;7357;2462;6785;2224;3599;3637;10827;13;36904;1,27828195358504
Islas Baleares;2023-03-01;26768;4048;11340;2138;2008;2915;835;19789;0;43073;1,60912283323371
Canarias;2023-03-01;36628;1194;2109;520;5266;4586;12518;14700;0;40893;1,11644097411816
Cantabria;2023-03-01;17818;6963;3225;1488;2043;5151;180;9023;0;28073;1,57554158715905
Castilla y León;2023-03-01;116227;13012;24756;21631;7831;8427;49980;30858;2106;158601;1,36457965877120
Castilla-La Mancha;2023-03-01;67575;8420;25732;15993;3485;12168;9044;15606;23;90471;1,33882352941176
Cataluña;2023-03-01;191389;201;24592;32965;13005;38909;21997;99582;87;231338;1,20873195429204
Comunidad Valenciana;2023-03-01;138962;1288;40724;4348;8042;13815;21412;95135;336;185100;1,33201882529037
Extremadura;2023-03-01;32777;1250;3582;989;2137;4747;17627;6287;0;36619;1,11721634072673
Galicia;2023-03-01;70190;5633;9031;26341;8498;7047;12081;16316;106;85053;1,21175381108420
Comunidad de Madrid;2023-03-01;164657;4413;64581;46966;15603;23890;24517;42289;85;222344;1,35034647782967
Región de Murcia;2023-03-01;38104;4174;7765;3069;3889;4918;1117;22863;4;47799;1,25443522989712
Comunidad Foral de Navarra;2023-03-01;15346;1768;2847;998;535;2473;2499;9497;33;20650;1,34562752508797
País Vasco;2023-03-01;65268;807;21846;5671;7467;12710;1297;33780;6602;90180;1,38168781025924
La Rioja;2023-03-01;8666;1052;3086;3648;1246;1777;981;1255;0;13045;1,50530810062312
Ceuta y Melilla;2023-03-01;3215;563;749;1120;64;180;4;1642;0;4322;1,34432348367030
Andalucía;2023-04-01;271313;749;122978;147009;14201;26957;4343;77661;11;393909;1,45186187171275
Aragón;2023-04-01;38208;3426;3307;5277;1676;4000;7133;19536;0;44355;1,16088253768844
Principado de Asturias;2023-04-01;29209;7438;2486;6839;2231;3651;3766;10903;15;37329;1,27799650792564
Islas Baleares;2023-04-01;26991;4210;11363;2178;1944;2812;829;20129;0;43465;1,61035159868104
Canarias;2023-04-01;37361;1242;2181;558;5361;4695;12773;14961;0;41771;1,11803752576216
Cantabria;2023-04-01;17908;7030;3276;1507;2053;5211;198;9002;0;28277;1,57901496537860
Castilla y León;2023-04-01;116770;13061;26118;22099;7852;8450;50000;30970;2106;160656;1,37583283377580
Castilla-La Mancha;2023-04-01;68043;8419;26172;15888;3486;12180;9122;15851;24;91142;1,33947650750261
Cataluña;2023-04-01;192301;180;24747;32981;13050;38716;22342;100411;91;232518;1,20913567792159
Comunidad Valenciana;2023-04-01;140764;1301;42597;4423;8005;13792;21622;96496;351;188587;1,33973885368418
Extremadura;2023-04-01;33170;1256;3621;994;2155;4823;17829;6301;0;36979;1,11483268013265
Galicia;2023-04-01;70490;5673;9002;25996;8506;7019;12689;16476;106;85467;1,21246985387998
Comunidad de Madrid;2023-04-01;167084;4462;66311;47685;15890;23891;24882;42767;84;225972;1,35244547652678
Región de Murcia;2023-04-01;38398;4182;7891;3131;3907;4903;1213;22949;4;48180;1,25475285171103
Comunidad Foral de Navarra;2023-04-01;15398;1818;2885;999;567;2493;2520;9476;32;20790;1,35017534744772
País Vasco;2023-04-01;65806;811;22456;5622;7497;12910;1297;33899;6707;91199;1,38587666778105
La Rioja;2023-04-01;8756;1054;3168;3697;1249;1773;998;1253;0;13192;1,50662402923709
Ceuta y Melilla;2023-04-01;3221;560;743;1110;62;183;4;1655;0;4317;1,34026699782676
Andalucía;2023-05-01;272073;742;123640;147538;14261;27125;4370;77875;11;395562;1,45388186258835
Aragón;2023-05-01;38394;3416;3313;5256;1685;3984;7160;19686;0;44500;1,15903526592697
Principado de Asturias;2023-05-01;29719;7477;2561;7007;2240;3661;3967;11009;18;37940;1,27662438170867
Islas Baleares;2023-05-01;27463;4596;11727;2189;1632;2891;792;20370;0;44197;1,60932891526781
Canarias;2023-05-01;37988;1272;2279;593;5456;4722;12998;15210;0;42530;1,11956407286512
Cantabria;2023-05-01;17805;6938;3295;1507;2045;5127;194;8984;0;28090;1,57764672844707
Castilla y León;2023-05-01;117431;13149;26359;22070;7839;8443;50385;31343;2162;161750;1,37740460355443
Castilla-La Mancha;2023-05-01;68486;8411;26462;15811;3476;12194;9248;16077;23;91702;1,33898899045060
Cataluña;2023-05-01;194624;179;25212;33319;13178;38881;22758;101833;94;235454;1,20978913186452
Comunidad Valenciana;2023-05-01;142054;1321;43079;4491;7999;13907;21998;97180;381;190356;1,34002562405846
Extremadura;2023-05-01;33607;1291;4069;1005;2162;4846;18147;6322;0;37842;1,12601541345553
Galicia;2023-05-01;71475;5716;9157;25930;8571;7026;13253;16910;106;86669;1,21257782441413
Comunidad de Madrid;2023-05-01;168871;4505;67544;48464;16016;23910;24884;43194;84;228601;1,35370193816582
Región de Murcia;2023-05-01;38643;4181;8046;3169;3936;4921;1254;22957;4;48468;1,25425044639391
Comunidad Foral de Navarra;2023-05-01;15455;1848;2924;1007;580;2476;2573;9486;35;20929;1,35418958265933
País Vasco;2023-05-01;66047;854;22673;5564;7538;12916;1323;34011;6733;91612;1,38707284206701
La Rioja;2023-05-01;8872;1045;3245;3758;1238;1847;1020;1252;0;13405;1,51093327321912
Ceuta y Melilla;2023-05-01;3250;575;761;1140;64;181;4;1652;0;4377;1,34676923076923
Andalucía;2023-06-01;272883;735;124306;147945;14282;27347;4498;78063;11;397187;1,45552123071060
Aragón;2023-06-01;38821;3424;3336;5299;1688;3984;7536;19691;0;44958;1,15808454187167
Principado de Asturias;2023-06-01;29810;7517;2581;7029;2250;3677;4040;10969;18;38081;1,27745722911775
Islas Baleares;2023-06-01;27990;4725;12168;2197;1637;2930;794;20781;0;45232;1,61600571632726
Canarias;2023-06-01;38568;1299;2325;631;5528;4786;13206;15464;0;43239;1,12111076540137
Cantabria;2023-06-01;17776;6875;3314;1506;2031;5080;189;9016;0;28011;1,57577632763276
Castilla y León;2023-06-01;118073;13188;26120;22583;7824;8484;50249;31634;2145;162227;1,37395509557647
Castilla-La Mancha;2023-06-01;68992;8432;26772;15850;3478;12202;9323;16311;23;92391;1,33915526437848
Cataluña;2023-06-01;197300;177;25890;33809;13302;38982;23289;103422;98;238969;1,21119614799797
Comunidad Valenciana;2023-06-01;142536;1317;44676;4550;7985;13899;21968;97583;393;192371;1,34963097042151
Extremadura;2023-06-01;34378;1304;4381;997;2177;4950;18439;6334;0;38582;1,12228750945372
Galicia;2023-06-01;72272;5786;9229;25978;8608;7042;13764;17094;127;87628;1,21247509408900
Comunidad de Madrid;2023-06-01;171082;4531;68673;49184;16520;24072;25723;43623;84;232410;1,35847137629908
Región de Murcia;2023-06-01;39144;4190;8185;3263;3969;4945;1294;23276;3;49125;1,25498160637646
Comunidad Foral de Navarra;2023-06-01;15541;1897;2964;1013;585;2471;2609;9540;35;21114;1,35859983270060
País Vasco;2023-06-01;66391;869;22976;5670;7515;13013;1347;34096;6800;92286;1,39003780632917
La Rioja;2023-06-01;8945;1063;3288;3799;1259;1888;1036;1257;0;13590;1,51928451648966
Ceuta y Melilla;2023-06-01;3280;588;761;1149;67;188;3;1664;0;4420;1,34756097560976
Andalucía;2023-07-01;275501;725;126328;149207;14306;27423;4664;78633;11;401297;1,45660814298315
Aragón;2023-07-01;39213;3428;3372;5335;1693;3942;7841;19779;0;45390;1,15752429041389
Principado de Asturias;2023-07-01;29908;7558;2606;7038;2255;3695;4112;10956;18;38238;1,27852079711114
Islas Baleares;2023-07-01;27809;4715;12135;2165;1628;2909;792;20640;0;44984;1,61760581106836
Canarias;2023-07-01;38957;1331;2336;644;5571;4811;13361;15614;0;43668;1,12092820289037
Cantabria;2023-07-01;17653;6773;3321;1498;2022;4986;184;9004;0;27788;1,57412337846258
Castilla y León;2023-07-01;118742;13218;26634;22536;7839;8500;50792;31880;2169;163568;1,37750753734988
Castilla-La Mancha;2023-07-01;69483;8444;27016;15861;3496;12226;9587;16363;21;93014;1,33865837686916
Cataluña;2023-07-01;198202;176;26029;33825;13400;38934;23565;104074;100;240103;1,21140553576654
Comunidad Valenciana;2023-07-01;139356;1362;45400;4788;8891;13936;21065;95201;434;191077;1,37114297195672
Extremadura;2023-07-01;34481;1301;4763;1000;2191;4938;18509;6348;0;39050;1,13250775789565
Galicia;2023-07-01;72568;5814;9250;25795;8655;7084;14058;17207;126;87989;1,21250413405358
Comunidad de Madrid;2023-07-01;168923;4542;68208;48355;16602;23042;24994;43687;84;229514;1,35869005404829
Región de Murcia;2023-07-01;39421;4190;8157;3273;4010;4942;1307;23494;3;49376;1,25253037721012
Comunidad Foral de Navarra;2023-07-01;15589;1912;2983;1013;585;2455;2661;9556;35;21200;1,35993328629162
País Vasco;2023-07-01;66909;885;23274;5653;7521;13076;1360;34530;6756;93055;1,39076955267602
La Rioja;2023-07-01;9016;1058;3339;3829;1262;1943;1040;1262;0;13733;1,52318101153505
Ceuta y Melilla;2023-07-01;3299;577;755;1133;68;193;4;1689;0;4419;1,33949681721734
Andalucía;2023-08-01;276119;715;127361;150399;14387;27515;4578;78191;11;403157;1,46008423904186
Aragón;2023-08-01;39459;3429;8138;5336;1691;3920;8092;19808;0;50414;1,27762994500621
Principado de Asturias;2023-08-01;30053;7660;2648;7117;2282;3744;4115;10909;18;38493;1,28083718763518
Islas Baleares;2023-08-01;28446;4366;13021;2141;1673;2939;817;21412;0;46369;1,63007101174155
Canarias;2023-08-01;39291;1343;2352;663;5593;4795;13509;15800;0;44055;1,12124914102466
Cantabria;2023-08-01;17610;6708;3336;1501;2016;4926;180;9023;0;27690;1,57240204429302
Castilla y León;2023-08-01;119437;13261;27393;22536;7963;8210;50924;32171;2176;164634;1,37841707343620
Castilla-La Mancha;2023-08-01;69903;8451;27229;15885;3506;12209;9718;16460;22;93480;1,33728166173126
Cataluña;2023-08-01;199368;173;26428;34065;13479;38815;23995;104757;99;241811;1,21288772521167
Comunidad Valenciana;2023-08-01;138619;1380;44949;4853;8918;14048;20885;94457;437;189927;1,37013684992678
Extremadura;2023-08-01;34303;1309;4932;995;2196;4953;18329;6286;0;39000;1,13692679940530
Galicia;2023-08-01;72822;5831;9332;25763;8686;7100;14239;17277;126;88354;1,21328719343056
Comunidad de Madrid;2023-08-01;172160;4597;70051;49317;17180;24011;25635;43713;84;234588;1,36261617100372
Región de Murcia;2023-08-01;39370;4158;8167;3243;3997;5013;1333;23407;3;49321;1,25275590551181
Comunidad Foral de Navarra;2023-08-01;15602;1944;2998;1019;592;2464;2671;9544;35;21267;1,36309447506730
País Vasco;2023-08-01;66844;936;23330;5587;7506;13046;1366;34458;6813;93042;1,39192747292203
La Rioja;2023-08-01;9014;1059;3378;3850;1263;1969;995;1236;0;13750;1,52540492567118
Ceuta y Melilla;2023-08-01;3282;574;742;1124;64;195;4;1685;0;4388;1,33698964046313
Andalucía;2023-09-01;279070;704;129373;152273;14474;27514;4690;79404;11;408443;1,46358619701150
Aragón;2023-09-01;39671;3419;8007;5333;1704;3860;8283;19887;0;50493;1,27279372841622
Principado de Asturias;2023-09-01;30221;7683;2783;7383;2276;3760;4072;10819;18;38794;1,28367691340459
Islas Baleares;2023-09-01;28700;4379;13549;2164;1659;2939;799;21542;0;47031;1,63871080139373
Canarias;2023-09-01;39639;1364;2369;681;5634;4842;13613;15994;0;44497;1,12255606851838
Cantabria;2023-09-01;17466;6598;3345;1493;2002;4829;170;9002;0;27439;1,57099507614794
Castilla y León;2023-09-01;120214;13572;27419;22352;8106;8373;51352;32276;2182;165632;1,37780957292828
Castilla-La Mancha;2023-09-01;69984;8460;27230;15862;3498;12124;9864;16509;21;93568;1,33699131229995
Cataluña;2023-09-01;199875;173;26813;34157;13592;38747;23926;105260;98;242766;1,21458911819887
Comunidad Valenciana;2023-09-01;140566;1393;44465;4924;9015;14075;21567;95498;479;191416;1,36175177496692
Extremadura;2023-09-01;34508;1327;5100;981;2186;4940;18357;6362;0;39253;1,13750434681813
Galicia;2023-09-01;73023;5853;9367;25616;8687;7124;14511;17337;126;88621;1,21360393300741
Comunidad de Madrid;2023-09-01;173387;4659;70568;49349;17431;24031;25370;44567;84;236059;1,36145731802269
Región de Murcia;2023-09-01;39648;4138;8074;3235;4059;5005;1273;23771;3;49558;1,24994955609362
Comunidad Foral de Navarra;2023-09-01;15742;1973;3061;1028;633;2456;2731;9600;34;21516;1,36678948037098
País Vasco;2023-09-01;66938;938;23360;5777;7472;13046;1356;34545;6812;93306;1,39391675879172
La Rioja;2023-09-01;9002;1088;3448;3829;1298;1962;934;1214;0;13773;1,52999333481449
Ceuta y Melilla;2023-09-01;3297;581;747;1135;63;195;4;1693;0;4418;1,34000606612072
Andalucía;2023-10-01;280143;690;129841;152250;14536;27938;4724;80212;11;410202;1,46425932470203
Aragón;2023-10-01;39898;3448;7905;5343;1739;3903;8350;19983;0;50671;1,27001353451301
Principado de Asturias;2023-10-01;30524;7655;2789;7304;2297;3725;4263;11057;18;39108;1,28122133403224
Islas Baleares;2023-10-01;28954;4285;14045;2105;1642;2934;812;21620;0;47443;1,63856461974166
Canarias;2023-10-01;40012;1496;2387;691;5638;4886;13633;16271;0;45002;1,12471258622413
Cantabria;2023-10-01;17312;6482;3348;1481;1985;4730;164;8970;0;27160;1,56885397412200
Castilla y León;2023-10-01;121004;13600;27585;22465;8040;8437;51721;32552;2202;166602;1,37683051799940
Castilla-La Mancha;2023-10-01;70822;8588;27541;15983;3535;12107;10102;16690;21;94567;1,33527717375957
Cataluña;2023-10-01;201339;169;27391;34190;13721;38853;23903;106509;98;244834;1,21602868793428
Comunidad Valenciana;2023-10-01;143800;1406;45748;5040;9036;13975;22163;98343;502;196213;1,36448539638387
Extremadura;2023-10-01;34759;1344;5204;993;2210;4951;18691;6345;0;39738;1,14324347650968
Galicia;2023-10-01;73212;5899;9479;25581;8723;7098;14670;17383;128;88961;1,21511500846856
Comunidad de Madrid;2023-10-01;174935;4699;71294;49632;17542;24329;25553;45136;84;238269;1,36204304455941
Región de Murcia;2023-10-01;39783;4080;8265;3182;4093;5138;1165;23778;3;49704;1,24937787497172
Comunidad Foral de Navarra;2023-10-01;15885;1993;3137;1025;652;2471;2782;9669;33;21762;1,36997167138810
País Vasco;2023-10-01;67247;941;23586;5765;7531;13127;1393;34615;6887;93845;1,39552693800467
La Rioja;2023-10-01;9051;1089;3514;3832;1300;1980;904;1226;0;13845;1,52966523036129
Ceuta y Melilla;2023-10-01;3350;589;731;1159;66;196;4;1716;0;4461;1,33164179104478
Andalucía;2023-11-01;281863;675;130661;152643;14622;28563;4758;81182;11;413115;1,46565884844765
Aragón;2023-11-01;40121;3601;7875;5359;1748;4009;8382;20080;0;51054;1,27250068542658
Principado de Asturias;2023-11-01;30849;7657;2845;7222;2298;3738;4479;11273;18;39530;1,28140296281889
Islas Baleares;2023-11-01;29118;4322;14293;2067;1625;2932;806;21666;0;47711;1,63853973487190
Canarias;2023-11-01;40343;1486;2537;704;5638;4887;13815;16409;0;45476;1,12723396871824
Cantabria;2023-11-01;17282;6424;3351;1474;1977;4679;165;8992;0;27062;1,56590672375882
Castilla y León;2023-11-01;121749;13596;26911;22774;8020;8448;52085;32775;2241;166850;1,37044246769994
Castilla-La Mancha;2023-11-01;71826;8768;28644;16040;3598;12185;10433;16927;21;96616;1,34513964302620
Cataluña;2023-11-01;202264;165;27751;34121;13822;38830;23833;107528;98;246148;1,21696396788356
Comunidad Valenciana;2023-11-01;144169;1425;46445;5169;9099;13965;22593;98115;517;197328;1,36872698014136
Extremadura;2023-11-01;35080;1361;5518;989;2248;4974;18818;6463;0;40371;1,15082668187001
Galicia;2023-11-01;73482;5920;9561;25540;8755;7085;14864;17497;128;89350;1,21594404071745
Comunidad de Madrid;2023-11-01;176545;5047;72041;50519;17572;24518;25958;45630;84;241369;1,36718117193917
Región de Murcia;2023-11-01;40250;4022;8578;3133;4089;5192;1164;24059;3;50240;1,24819875776398
Comunidad Foral de Navarra;2023-11-01;16064;1987;3177;1039;680;2494;2850;9737;33;21997;1,36933515936255
País Vasco;2023-11-01;67169;905;23759;5707;7549;13114;1401;34508;6850;93793;1,39637332698120
La Rioja;2023-11-01;9144;1087;3596;3817;1326;1964;861;1239;0;13890;1,51902887139108
Ceuta y Melilla;2023-11-01;3379;600;732;1179;66;195;4;1729;0;4505;1,33323468481799
Andalucía;2023-12-01;286600;665;133935;155969;14657;28704;4940;82380;11;421261;1,46985694347523
Aragón;2023-12-01;40334;3868;8216;5375;1758;4133;8376;20162;0;51888;1,28645807507314
Principado de Asturias;2023-12-01;31214;7677;3132;7353;2284;3778;4558;11405;20;40207;1,28810790030115
Islas Baleares;2023-12-01;29233;4333;14385;2043;1627;2924;803;21864;0;47979;1,64126158793145
Canarias;2023-12-01;40697;1510;2559;708;5645;4888;13962;16685;0;45957;1,12924785610733
Cantabria;2023-12-01;17166;6337;3356;1461;1969;4598;163;8963;0;26847;1,56396364907375
Castilla y León;2023-12-01;122589;13642;27772;22630;8048;8506;52862;32859;2272;168591;1,37525389716859
Castilla-La Mancha;2023-12-01;72357;8845;28921;15805;3594;12184;10632;17260;22;97263;1,34420995895352
Cataluña;2023-12-01;201720;144;27632;33868;13812;38435;23850;107622;98;245461;1,21684017449931
Comunidad Valenciana;2023-12-01;146290;1429;50334;5270;9103;14019;22453;97295;526;200429;1,37007997812564
Extremadura;2023-12-01;35293;1417;5683;985;2249;5021;18968;6420;0;40743;1,15442155668263
Galicia;2023-12-01;73691;5977;9655;25476;8818;7048;14942;17655;133;89704;1,21729926313933
Comunidad de Madrid;2023-12-01;177795;5208;71764;51235;17598;24585;27416;45947;83;243836;1,37144464130037
Región de Murcia;2023-12-01;40484;3989;8748;3103;4085;5165;1283;24175;3;50551;1,24866613970951
Comunidad Foral de Navarra;2023-12-01;16142;2012;3211;1053;693;2499;2880;9770;36;22154;1,37244455457812
País Vasco;2023-12-01;67674;934;24014;5817;7570;13158;1419;34796;6950;94658;1,39873511245087
La Rioja;2023-12-01;9180;1094;3620;3804;1339;1977;892;1231;0;13957;1,52037037037037
Ceuta y Melilla;2023-12-01;3407;616;740;1197;68;195;4;1745;0;4565;1,33988846492515
Andalucía;2024-01-01;286206;655;134040;156018;14714;28739;4813;82193;11;421183;1,47160786286800
Aragón;2024-01-01;40178;3928;8153;5345;1763;4121;8268;20178;0;51756;1,28816765393997
Principado de Asturias;2024-01-01;31210;7614;3322;7324;2285;3738;4594;11457;21;40355;1,29301505927587
Islas Baleares;2024-01-01;29190;4386;14327;2028;1635;2910;749;21861;0;47896;1,64083590270641
Canarias;2024-01-01;40949;1551;2532;702;5631;4858;14091;16878;0;46243;1,12928276636792
Cantabria;2024-01-01;17076;6226;3351;1442;1950;4503;160;9004;0;26636;1,55985008198641
Castilla y León;2024-01-01;122895;13579;28620;22451;8030;8454;53153;33132;2284;169703;1,38087798527198
Castilla-La Mancha;2024-01-01;72052;8883;28714;15780;3597;12216;10423;17219;22;96854;1,34422361627713
Cataluña;2024-01-01;202557;99;27966;33839;13796;37984;24099;108774;99;246656;1,21771155773437
Comunidad Valenciana;2024-01-01;144001;1437;54862;5187;9149;13525;22027;96415;526;203128;1,41060131526864
Extremadura;2024-01-01;34931;1420;5721;975;2276;4967;18738;6358;0;40455;1,15814033380092
Galicia;2024-01-01;73751;6027;9743;25509;8901;7091;14899;17600;133;89903;1,21900719990237
Comunidad de Madrid;2024-01-01;176438;5262;71295;51188;17689;24424;26811;45614;83;242366;1,37366100273184
Región de Murcia;2024-01-01;40749;3955;8994;3173;4101;5147;1396;24196;3;50965;1,25070553878623
Comunidad Foral de Navarra;2024-01-01;16216;2024;3278;1083;713;2536;2846;9821;36;22337;1,37746669955599
País Vasco;2024-01-01;67502;953;24035;5772;7550;13080;1429;34655;6943;94417;1,39872892655032
La Rioja;2024-01-01;9150;1098;3606;3736;1350;1978;917;1216;0;13901;1,51923497267760
Ceuta y Melilla;2024-01-01;3415;614;739;1190;67;199;3;1765;0;4577;1,34026354319180
Andalucía;2024-02-01;286357;645;134317;156155;14665;28705;4854;82447;11;421799;1,47298302468597
Aragón;2024-02-01;40215;3946;6129;5296;1760;4062;8311;20305;0;49809;1,23856769861992
Principado de Asturias;2024-02-01;31190;7611;3559;7341;2288;3732;4612;11403;21;40567;1,30064123116383
Islas Baleares;2024-02-01;29139;4403;14180;2073;1651;2921;727;21833;0;47788;1,64000137273070
Canarias;2024-02-01;40456;1538;2487;688;5596;4789;13813;16753;0;45664;1,12873245006921
Cantabria;2024-02-01;16934;6110;3322;1421;1932;4401;153;9004;0;26343;1,55562773119169
Castilla y León;2024-02-01;123323;13523;28910;22199;8002;8387;53553;33453;2319;170346;1,38129951428363
Castilla-La Mancha;2024-02-01;72070;8962;28821;15720;3604;12218;10384;17319;22;97050;1,34660746496462
Cataluña;2024-02-01;203145;54;28456;33728;13779;37613;23939;110091;98;247758;1,21961160747249
Comunidad Valenciana;2024-02-01;147902;1483;59861;5353;9191;13853;22640;97623;569;210573;1,42373328284945
Extremadura;2024-02-01;34476;1424;6032;976;2285;4961;18344;6300;0;40322;1,16956723517809
Galicia;2024-02-01;73273;6037;9897;25495;8871;6972;14651;17530;133;89586;1,22263316637779
Comunidad de Madrid;2024-02-01;176828;5309;70433;50565;17790;24663;27167;46606;82;242615;1,37203949600742
Región de Murcia;2024-02-01;41165;3887;9580;3296;4103;5152;1466;24259;3;51746;1,25703874650796
Comunidad Foral de Navarra;2024-02-01;16266;2101;3354;1099;731;2530;2787;9892;36;22530;1,38509774990778
País Vasco;2024-02-01;67749;970;24410;5654;7590;13030;1397;34852;6888;94791;1,39914980294912
La Rioja;2024-02-01;9169;1105;3620;3723;1363;1975;920;1215;0;13921;1,51826807721671
Ceuta y Melilla;2024-02-01;3453;627;754;1193;62;203;4;1774;0;4617;1,33709817549957
Andalucía;2024-03-01;287048;662;134709;156352;14740;28781;4910;82990;11;423155;1,47416111591093
Aragón;2024-03-01;40443;4037;6055;5295;1769;4084;8464;20350;0;50054;1,23764310263828
Principado de Asturias;2024-03-01;31355;7611;3879;7399;2274;3753;4614;11505;21;41056;1,30939244139691
Islas Baleares;2024-03-01;29247;4822;14517;2059;1670;2936;722;21865;0;48591;1,66140116935070
Canarias;2024-03-01;40108;1527;2466;679;5557;4713;13736;16696;0;45374;1,13129550214421
Cantabria;2024-03-01;16855;6010;3333;1418;1911;4321;148;9021;0;26162;1,55218036191041
Castilla y León;2024-03-01;123868;13463;28898;21942;7972;8357;54204;33772;2368;170976;1,38030806988084
Castilla-La Mancha;2024-03-01;72030;8978;28736;15628;3637;12277;10452;17445;21;97174;1,34907677356657
Cataluña;2024-03-01;205681;20;28896;33670;13772;37781;23641;112959;98;250837;1,21954385674904
Comunidad Valenciana;2024-03-01;150668;1506;78134;5462;9252;13925;22984;98493;602;230358;1,52891124857302
Extremadura;2024-03-01;34652;1430;6047;973;2312;5077;18381;6345;0;40565;1,17063950132748
Galicia;2024-03-01;73901;6003;10675;25392;8818;6948;15268;17754;136;90994;1,23129592292391
Comunidad de Madrid;2024-03-01;179516;5348;72682;52176;17854;24657;27150;47003;82;246952;1,37565453775708
Región de Murcia;2024-03-01;41734;3839;10073;3379;4096;5158;1463;24758;3;52769;1,26441270906216
Comunidad Foral de Navarra;2024-03-01;16288;2133;3366;1106;739;2528;2813;9880;37;22602;1,38764734774067
País Vasco;2024-03-01;68248;993;24743;5783;7617;13149;1329;35167;6891;95672;1,40182862501465
La Rioja;2024-03-01;9191;1103;3647;3729;1358;1981;937;1220;0;13975;1,52050919377652
Ceuta y Melilla;2024-03-01;3489;638;752;1203;62;208;4;1792;0;4659;1,33533963886500
Andalucía;2024-04-01;286814;647;134688;155997;14739;28739;4863;83383;12;423068;1,47506049216565
Aragón;2024-04-01;40702;4092;6062;5295;1769;4109;8567;20488;0;50382;1,23782615104909
Principado de Asturias;2024-04-01;31506;7639;4121;7412;2271;3772;4674;11561;21;41471;1,31628896083286
Islas Baleares;2024-04-01;29317;4853;14609;2060;1676;2948;712;21989;0;48847;1,66616638810247
Canarias;2024-04-01;41030;1575;2444;795;5585;4766;13901;17480;0;46546;1,13443821593956
Cantabria;2024-04-01;17396;6516;3430;1460;2113;4623;156;9025;0;27323;1,57064842492527
Castilla y León;2024-04-01;124219;13532;28288;21616;8004;8419;54560;33966;2401;170786;1,37487823923876
Castilla-La Mancha;2024-04-01;72434;8978;29051;15527;3633;12272;10574;17662;20;97717;1,34904878924262
Cataluña;2024-04-01;208349;18;29656;33592;13831;37934;23580;115636;97;254344;1,22075939889320
Comunidad Valenciana;2024-04-01;152556;1526;82554;5545;9284;13957;22984;98810;616;235276;1,54222711659981
Extremadura;2024-04-01;35415;1477;6504;917;2332;5240;18922;6482;0;41874;1,18238034731046
Galicia;2024-04-01;74248;6065;11664;25385;8886;6926;15460;17875;135;92396;1,24442409223144
Comunidad de Madrid;2024-04-01;181408;5395;73992;53092;17931;24726;27490;47362;82;250070;1,37849488445934
Región de Murcia;2024-04-01;42280;3798;10671;3520;4077;5177;1465;25118;3;53829;1,27315515610218
Comunidad Foral de Navarra;2024-04-01;16304;2153;3381;1106;733;2523;2814;9907;37;22654;1,38947497546614
País Vasco;2024-04-01;68480;1021;24914;5741;7621;13180;1339;35495;6909;96220;1,40508177570093
La Rioja;2024-04-01;9221;1111;3691;3691;1367;1978;968;1217;0;14023;1,52076781260167
Ceuta y Melilla;2024-04-01;3493;627;749;1202;61;207;3;1801;0;4650;1,33123389636416
Andalucía;2024-05-01;286788;638;134504;155460;14720;29015;4949;83816;12;423114;1,47535461734801
Aragón;2024-05-01;40938;4237;6319;5398;1771;4191;8437;20673;0;51026;1,24642141775368
Principado de Asturias;2024-05-01;31581;7644;4394;7405;2245;3801;4684;11628;22;41823;1,32430891992021
Islas Baleares;2024-05-01;29759;4946;14800;2036;1695;2975;726;22216;0;49394;1,65980039651870
Canarias;2024-05-01;41709;1794;2561;976;5605;4869;14250;17854;0;47909;1,14864897264379
Cantabria;2024-05-01;17670;6615;3517;1451;2141;4693;206;9134;0;27757;1,57085455574420
Castilla y León;2024-05-01;124604;13552;27982;21330;8025;8404;54845;34340;2434;170912;1,37164135982793
Castilla-La Mancha;2024-05-01;72771;9043;29150;15584;3637;12345;10686;17865;22;98332;1,35125255939866
Cataluña;2024-05-01;211192;17;30651;33588;13857;37986;23376;118695;97;258267;1,22290143566044
Comunidad Valenciana;2024-05-01;154633;1552;86640;5664;9331;13984;23088;99407;627;240293;1,55395678800773
Extremadura;2024-05-01;35701;1540;6686;911;2358;5273;19148;6530;0;42446;1,18893028206493
Galicia;2024-05-01;74500;6069;12990;25224;8889;6960;15617;18126;136;94011;1,26189261744966
Comunidad de Madrid;2024-05-01;183203;5448;75278;53366;18075;24694;27736;48056;82;252735;1,37953526961895
Región de Murcia;2024-05-01;42782;3760;11075;3622;4082;5213;1467;25403;3;54625;1,27682202795568
Comunidad Foral de Navarra;2024-05-01;16091;2139;3345;1093;740;2506;2783;9736;38;22380;1,39083959977627
País Vasco;2024-05-01;68945;1042;25115;5720;7658;13187;1376;35792;7001;96891;1,40533758793241
La Rioja;2024-05-01;9275;1109;3726;3720;1367;1984;1002;1218;0;14126;1,52301886792453
Ceuta y Melilla;2024-05-01;3526;625;759;1229;61;207;4;1810;0;4695;1,33153715258083
Andalucía;2024-06-01;286867;631;134516;155162;14740;28955;5008;84303;12;423327;1,47569082536506
Aragón;2024-06-01;41854;4287;8226;5468;1765;4201;8825;21174;0;53946;1,28890906484446
Principado de Asturias;2024-06-01;31659;7690;4601;7362;2250;3831;4659;11731;22;42146;1,33124861808648
Islas Baleares;2024-06-01;30170;5009;14974;2034;1688;2994;722;22268;0;49689;1,64696718594630
Canarias;2024-06-01;42634;1771;2535;968;5595;4843;14870;18262;0;48844;1,14565839470845
Cantabria;2024-06-01;17715;6631;3541;1443;2146;4702;211;9180;0;27854;1,57233982500706
Castilla y León;2024-06-01;124717;13612;27870;21053;8030;8476;54927;34585;2461;171014;1,37121643400659
Castilla-La Mancha;2024-06-01;73499;9615;29596;15580;3657;12452;10809;18053;22;99784;1,35762391325052
Cataluña;2024-06-01;214625;17;31647;33573;13818;38144;23483;121980;91;262753;1,22424228305183
Comunidad Valenciana;2024-06-01;156081;1563;88309;5730;9342;13925;23531;100786;650;243836;1,56224011891262
Extremadura;2024-06-01;35934;1577;6784;930;2358;5294;19400;6538;0;42881;1,19332665442200
Galicia;2024-06-01;75358;6095;14401;25196;8973;6916;15987;18627;134;96329;1,27828498633191
Comunidad de Madrid;2024-06-01;184420;5482;76045;53433;18077;24694;28208;48543;82;254564;1,38034920290641
Región de Murcia;2024-06-01;43145;3731;11469;3782;4075;5204;1518;25608;3;55390;1,28381040676788
Comunidad Foral de Navarra;2024-06-01;16056;2162;3359;1099;747;2506;2772;9715;38;22398;1,39499252615845
País Vasco;2024-06-01;69653;1071;25497;5958;7702;13299;1354;36414;7113;98408;1,41283218238985
La Rioja;2024-06-01;9277;1108;3722;3742;1363;1974;1029;1208;0;14146;1,52484639430850
Ceuta y Melilla;2024-06-01;3579;643;771;1247;62;212;5;1833;0;4773;1,33361274098910
Andalucía;2024-07-01;287223;626;134750;155297;14743;28887;5070;84629;12;424014;1,47625364264004
Aragón;2024-07-01;42372;4262;8617;5481;1752;4152;9109;21454;0;54827;1,29394411403757
Principado de Asturias;2024-07-01;31687;7686;4803;7360;2257;3823;4664;11758;23;42374;1,33726764919368
Islas Baleares;2024-07-01;30585;4781;15486;2044;1699;2990;754;23097;0;50851;1,66261239169528
Canarias;2024-07-01;42857;1892;2579;1047;5624;4879;14848;18560;0;49429;1,15334717782393
Cantabria;2024-07-01;17828;6773;3672;1483;2243;4749;202;9109;0;28231;1,58352030513799
Castilla y León;2024-07-01;124986;13635;27757;20877;8019;8477;54938;34982;2490;171175;1,36955338997968
Castilla-La Mancha;2024-07-01;73974;9645;29836;15576;3685;12433;11006;18209;21;100411;1,35738232351907
Cataluña;2024-07-01;217728;17;32890;33737;13920;38202;23644;124792;88;267290;1,22763264256320
Comunidad Valenciana;2024-07-01;157089;1585;88682;5765;9377;13939;23755;101703;658;245464;1,56257917486266
Extremadura;2024-07-01;36097;1631;6769;935;2365;5318;19485;6607;0;43110;1,19428207330249
Galicia;2024-07-01;75568;6065;15498;24979;8934;6861;16211;18962;134;97644;1,29213423671395
Comunidad de Madrid;2024-07-01;185725;5509;77418;53689;18200;24664;27944;49207;82;256713;1,38222102571006
Región de Murcia;2024-07-01;43686;3687;11863;3795;4080;5194;1565;26120;3;56307;1,28890262326603
Comunidad Foral de Navarra;2024-07-01;16254;2175;3455;1122;748;2492;2849;9848;38;22727;1,39824043312415
País Vasco;2024-07-01;69516;1083;25558;5868;7737;13245;1335;36396;7131;98353;1,41482536394499
La Rioja;2024-07-01;9265;1106;3686;3732;1363;1989;1036;1206;0;14118;1,52379924446843
Ceuta y Melilla;2024-07-01;3640;676;782;1272;68;224;5;1844;0;4871;1,33818681318681
Andalucía;2024-08-01;288363;614;135595;156094;14738;28868;5181;85092;12;426194;1,47797741041673
Aragón;2024-08-01;42703;4248;9021;5367;1750;4094;9212;21801;0;55493;1,29951057302766
Principado de Asturias;2024-08-01;31501;7629;4914;7257;2222;3806;4696;11707;23;42254;1,34135424272245
Islas Baleares;2024-08-01;30856;4539;15868;2064;1697;2986;777;23328;0;51259;1,66123282343791
Canarias;2024-08-01;43050;2368;2837;1413;5776;5056;14817;18829;0;51096;1,18689895470383
Cantabria;2024-08-01;17880;6739;3740;1469;2255;4703;202;9183;0;28291;1,58227069351230
Castilla y León;2024-08-01;125164;13773;27803;20775;8090;8557;54522;35522;2543;171585;1,37088140359848
Castilla-La Mancha;2024-08-01;74540;9615;30280;15563;3717;12417;11075;18304;22;100993;1,35488328414274
Cataluña;2024-08-01;219746;17;33622;33759;13972;38047;23795;126818;84;270114;1,22921008801070
Comunidad Valenciana;2024-08-01;158505;1591;86761;5814;9373;13875;23706;102821;676;244617;1,54327623734267
Extremadura;2024-08-01;36248;1657;6778;938;2367;5283;19676;6659;0;43358;1,19614875303465
Galicia;2024-08-01;75850;6100;16761;24865;8981;6814;16248;19415;134;99318;1,30940013183916
Comunidad de Madrid;2024-08-01;185247;5516;77587;53790;18231;24677;27478;48940;82;256301;1,38356356648151
Región de Murcia;2024-08-01;43612;3662;11851;3774;4068;5185;1592;26096;3;56231;1,28934696872420
Comunidad Foral de Navarra;2024-08-01;16218;2185;3439;1123;764;2519;2818;9795;38;22681;1,39850783080528
País Vasco;2024-08-01;69548;1103;25544;5845;7728;13298;1341;36538;7125;98522;1,41660435957900
La Rioja;2024-08-01;9275;1105;3705;3724;1366;2007;1037;1198;0;14142;1,52474393530997
Ceuta y Melilla;2024-08-01;3640;678;781;1265;68;225;6;1847;0;4870;1,33791208791209
Andalucía;2024-09-01;287571;608;135057;155062;14732;28844;5164;85495;12;424974;1,47780548108119
Aragón;2024-09-01;43736;4250;9661;5437;1751;4036;9539;22499;0;57173;1,30722974208890
Principado de Asturias;2024-09-01;31553;7590;5106;7203;2213;3776;4787;11766;23;42464;1,34579913161981
Islas Baleares;2024-09-01;31513;4446;16172;2180;1692;3010;781;23938;0;52219;1,65706216482087
Canarias;2024-09-01;43406;2980;3169;1814;6005;5347;14920;19143;0;53378;1,22973782426393
Cantabria;2024-09-01;17895;6694;3775;1462;2264;4648;198;9249;0;28290;1,58088851634535
Castilla y León;2024-09-01;125162;14231;27863;20673;8149;9025;53756;35927;2590;172214;1,37592879628002
Castilla-La Mancha;2024-09-01;74900;9705;30394;15545;3758;12408;11216;18404;21;101451;1,35448598130841
Cataluña;2024-09-01;221659;17;34249;33780;14032;37932;23836;128849;84;272779;1,23062451784047
Comunidad Valenciana;2024-09-01;158666;1603;83314;5864;9412;13862;23858;103214;698;241825;1,52411354669557
Extremadura;2024-09-01;36487;1688;6834;938;2393;5252;19813;6785;0;43703;1,19776906843533
Galicia;2024-09-01;76008;6110;17408;24793;8998;6807;16364;19536;133;100149;1,31761130407326
Comunidad de Madrid;2024-09-01;185649;5673;77164;53704;18295;24721;27738;49650;82;257027;1,38447823581059
Región de Murcia;2024-09-01;44052;3641;12070;3804;4109;5238;1495;26385;3;56745;1,28813674748025
Comunidad Foral de Navarra;2024-09-01;16119;2184;3406;1106;767;2520;2793;9713;43;22532;1,39785346485514
País Vasco;2024-09-01;69758;1122;25597;6015;7699;13334;1364;36745;7061;98937;1,41828894177012
La Rioja;2024-09-01;9296;1137;3719;3682;1388;2003;1042;1186;0;14157;1,52291308089501
Ceuta y Melilla;2024-09-01;3641;686;783;1268;65;224;5;1847;0;4878;1,33974182916781
Andalucía;2024-10-01;288014;604;135594;155246;14760;28742;5125;86006;12;426089;1,47940377898297
Aragón;2024-10-01;44256;4345;10295;5519;1799;4031;9687;22777;0;58453;1,32079266088214
Principado de Asturias;2024-10-01;32110;7640;5544;7324;2236;3802;4913;12020;25;43504;1,35484272812208
Islas Baleares;2024-10-01;31705;4337;16466;2240;1709;2989;798;24131;0;52670;1,66125216842769
Canarias;2024-10-01;43828;3700;3558;2250;6304;5717;14979;19511;0;56019;1,27815551702108
Cantabria;2024-10-01;18009;6695;3839;1454;2271;4644;189;9356;0;28448;1,57965461713588
Castilla y León;2024-10-01;125451;14137;27887;20502;8118;8969;53942;36238;2673;172466;1,37476783764179
Castilla-La Mancha;2024-10-01;75728;9884;30817;15557;3769;12483;11412;18679;21;102622;1,35513944643989
Cataluña;2024-10-01;225116;17;35094;33920;14117;38381;24001;131635;84;277249;1,23158282840846
Comunidad Valenciana;2024-10-01;160563;1616;83307;5960;9447;13884;24175;104605;717;243711;1,51785280544086
Extremadura;2024-10-01;36744;1707;6853;950;2393;5314;19928;6876;0;44021;1,19804593947311
Galicia;2024-10-01;76563;6157;18578;24806;9032;6844;16407;19998;133;101955;1,33164844637749
Comunidad de Madrid;2024-10-01;187923;5795;77681;54528;18470;24798;28431;50340;82;260125;1,38421055432278
Región de Murcia;2024-10-01;44249;3601;12352;3850;4181;5323;1417;26386;3;57113;1,29071843431490
Comunidad Foral de Navarra;2024-10-01;16169;2223;3401;1115;778;2552;2790;9701;43;22603;1,39792194940936
País Vasco;2024-10-01;70157;1122;25824;6021;7727;13367;1373;37042;7144;99620;1,41995809398920
La Rioja;2024-10-01;9352;1152;3745;3729;1405;2012;1052;1195;0;14290;1,52801539777588
Ceuta y Melilla;2024-10-01;3664;679;783;1284;66;223;5;1852;0;4892;1,33515283842795
Andalucía;2024-11-01;291702;601;138622;159122;14782;28511;5044;86172;12;432866;1,48393223220958
Aragón;2024-11-01;44856;4501;10548;5589;1806;4130;9727;23180;0;59481;1,32604333868379
Principado de Asturias;2024-11-01;32810;7667;6158;7666;2216;3835;5012;12243;24;44821;1,36607741542213
Islas Baleares;2024-11-01;31849;4277;16553;2304;1764;3007;816;24197;0;52918;1,66152783446890
Canarias;2024-11-01;44273;4505;3948;2759;6574;5979;15091;19915;0;58771;1,32746820861473
Cantabria;2024-11-01;18285;6748;3917;1447;2292;4680;311;9451;0;28846;1,57757724911129
Castilla y León;2024-11-01;125746;14293;28035;20640;8183;9102;53696;36517;2671;173137;1,37687878739682
Castilla-La Mancha;2024-11-01;76774;10230;31237;15629;4294;12537;11738;19001;22;104688;1,36358663089067
Cataluña;2024-11-01;227099;17;35483;33809;14153;38602;24191;133389;85;279729;1,23174914904953
Comunidad Valenciana;2024-11-01;163267;1630;82784;6085;9460;13797;24933;108076;747;247512;1,51599527154906
Extremadura;2024-11-01;37195;1716;6924;941;2420;5388;20227;6968;0;44584;1,19865573329749
Galicia;2024-11-01;77075;6242;20502;24768;9091;6848;16295;20673;135;104554;1,35652286733701
Comunidad de Madrid;2024-11-01;189638;5901;79083;54744;18659;24818;28978;51114;83;263380;1,38885666374883
Región de Murcia;2024-11-01;44420;3579;12623;3892;4185;5357;1397;26386;3;57422;1,29270598829356
Comunidad Foral de Navarra;2024-11-01;16137;2262;3419;1118;803;2538;2851;9604;43;22638;1,40286298568507
País Vasco;2024-11-01;70589;1134;26126;6001;7753;13443;1363;37522;7171;100513;1,42391874088031
La Rioja;2024-11-01;9320;1149;3738;3695;1410;2022;1026;1183;0;14223;1,52607296137339
Ceuta y Melilla;2024-11-01;3690;692;791;1294;66;224;4;1859;0;4930;1,33604336043360
Andalucía;2024-12-01;296663;599;142999;163692;14823;28290;4991;86835;12;442241;1,49071842460974
Aragón;2024-12-01;45264;4504;10563;5649;1787;4113;9837;23465;0;59918;1,32374513962531
Principado de Asturias;2024-12-01;33127;7690;6525;7714;2243;3827;5051;12458;24;45532;1,37446795665167
Islas Baleares;2024-12-01;31849;4256;16606;2305;1763;3000;802;24138;0;52870;1,66002072278564
Canarias;2024-12-01;45025;5422;4381;3335;6903;6309;15351;20464;0;62165;1,38067740144364
Cantabria;2024-12-01;18175;6683;3912;1439;2294;4611;319;9396;0;28654;1,57656121045392
Castilla y León;2024-12-01;126194;14284;32771;21691;8191;9092;52187;36852;2717;177785;1,40882292343535
Castilla-La Mancha;2024-12-01;78035;10564;31893;15619;4279;12485;12015;19651;21;106527;1,36511821618505
Cataluña;2024-12-01;229333;17;36176;33811;14187;38650;24245;135641;85;282812;1,23319365289775
Comunidad Valenciana;2024-12-01;164565;1628;82468;6188;9422;13783;25305;110114;752;249660;1,51709051134810
Extremadura;2024-12-01;37168;1715;6883;939;2422;5358;20304;6927;0;44548;1,19855789926819
Galicia;2024-12-01;77196;6210;21170;24636;9033;6780;16339;21018;135;105321;1,36433234882636
Comunidad de Madrid;2024-12-01;190951;5944;81046;54375;18768;24716;29233;51712;82;265876;1,39237814936816
Región de Murcia;2024-12-01;44630;3552;12962;3861;4188;5312;1370;26724;3;57972;1,29894689670625
Comunidad Foral de Navarra;2024-12-01;16475;2286;3533;1135;831;2571;2994;9759;42;23151;1,40522003034901
País Vasco;2024-12-01;70761;1144;26175;6133;7737;13421;1390;37808;7161;100969;1,42690182445132
La Rioja;2024-12-01;9334;1156;3714;3694;1412;2006;1049;1203;0;14234;1,52496250267838
Ceuta y Melilla;2024-12-01;3679;688;784;1281;66;221;5;1865;0;4910;1,33460179396575
Andalucía;2025-01-01;297499;597;144258;165159;14805;27974;4887;86657;12;444349;1,49361510458859
Aragón;2025-01-01;45476;4539;10534;5608;1792;4093;9919;23661;0;60146;1,32258773858739
Principado de Asturias;2025-01-01;33572;7682;6931;7886;2239;3822;5126;12663;26;46375;1,38135946622185
Islas Baleares;2025-01-01;31871;4135;16836;2345;1752;2975;799;24325;0;53167;1,66819365567444
Canarias;2025-01-01;45615;6178;4746;3884;7196;6653;15554;20867;0;65078;1,42667982023457
Cantabria;2025-01-01;18175;6627;3969;1432;2299;4549;311;9457;0;28644;1,57601100412655
Castilla y León;2025-01-01;126076;14257;32927;24568;8188;9091;49099;37049;2740;177919;1,41120435292998
Castilla-La Mancha;2025-01-01;77526;10650;31628;15539;4268;12417;11890;19738;20;106150;1,36921806877693
Cataluña;2025-01-01;231314;17;36914;33837;14265;38779;23876;137934;86;285708;1,23515221733228
Comunidad Valenciana;2025-01-01;164582;1628;80642;6153;9377;13646;25186;111206;778;248616;1,51059046554301
Extremadura;2025-01-01;36678;1704;6789;926;2429;5341;19933;6857;0;43979;1,19905665521566
Galicia;2025-01-01;77734;6222;22320;24513;9041;6793;16464;21567;136;107056;1,37720945789487
Comunidad de Madrid;2025-01-01;190266;5961;81531;53640;18348;24681;28695;51394;82;264332;1,38927606613898
Región de Murcia;2025-01-01;44845;3528;13127;3914;4171;5263;1350;26994;3;58350;1,30114840004460
Comunidad Foral de Navarra;2025-01-01;16322;2265;3487;1123;816;2613;2923;9656;40;22923;1,40442347751501
País Vasco;2025-01-01;70900;1158;26417;6060;7728;13398;1389;38076;7200;101426;1,43055007052186
La Rioja;2025-01-01;9344;1156;3724;3708;1409;2023;1045;1209;0;14274;1,52761130136986
Ceuta y Melilla;2025-01-01;3693;685;786;1277;67;221;5;1880;0;4921;1,33252098564852
Andalucía;2025-02-01;298289;594;145293;166169;14934;27698;4754;86847;12;446301;1,49620334641908
Aragón;2025-02-01;45544;4560;10519;5568;1783;4078;9897;23827;0;60232;1,32250131740734
Principado de Asturias;2025-02-01;33872;7654;7319;7966;2244;3799;5180;12855;27;47044;1,38887576759565
Islas Baleares;2025-02-01;31979;3769;17059;2433;1781;2996;791;24482;0;53311;1,66706275993621
Canarias;2025-02-01;45948;1695;2462;1693;5420;4660;15728;21197;0;52855;1,15032210324715
Cantabria;2025-02-01;17860;6461;3925;1378;2214;4470;338;9353;0;28139;1,57553191489362
Castilla y León;2025-02-01;126099;14201;32684;24487;8200;9060;49319;36988;2754;177693;1,40915471177408
Castilla-La Mancha;2025-02-01;77301;10940;31563;15414;4276;12447;11814;19873;20;106347;1,37575193076416
Cataluña;2025-02-01;231545;17;36820;33438;14169;38738;23449;139092;86;285809;1,23435617266622
Comunidad Valenciana;2025-02-01;166087;1660;80223;6204;9413;13656;25253;114287;817;251513;1,51434489153275
Extremadura;2025-02-01;36179;1730;6716;930;2438;5273;19555;6787;0;43429;1,20039249288261
Galicia;2025-02-01;77397;6227;23050;24372;9033;6783;16175;21681;136;107457;1,38838714678864
Comunidad de Madrid;2025-02-01;190553;5964;80336;52738;18306;24742;29475;52268;82;263911;1,38497425913001
Región de Murcia;2025-02-01;45098;3511;13518;4066;4167;5236;1374;27087;4;58963;1,30744157168832
Comunidad Foral de Navarra;2025-02-01;16028;2230;3448;1095;804;2623;2813;9472;40;22525;1,40535313201897
País Vasco;2025-02-01;70641;1147;26248;6084;7717;13395;1398;38145;7100;101234;1,43307710819496
La Rioja;2025-02-01;9368;1142;3732;3677;1396;2021;1102;1230;0;14300;1,52647309991460
Ceuta y Melilla;2025-02-01;3702;694;782;1281;69;212;5;1885;0;4928;1,33117233927607
Andalucía;2025-03-01;299148;591;146012;166851;14978;27487;4659;87361;12;447951;1,49742268041237
Aragón;2025-03-01;45732;4616;10534;5547;1772;4100;9922;24003;0;60494;1,32279366745386
Principado de Asturias;2025-03-01;34418;7645;7820;8096;2218;3814;5327;13130;29;48079;1,39691440525307
Islas Baleares;2025-03-01;31794;3639;17051;2390;1774;2987;771;24063;0;52675;1,65675913694408
Canarias;2025-03-01;46130;1696;2497;1691;5439;4661;15826;21342;0;53152;1,15222198135703
Cantabria;2025-03-01;18114;6639;4068;1405;2240;4624;383;9436;0;28795;1,58965441095285
Castilla y León;2025-03-01;126450;14314;32686;24265;8267;9092;49512;37314;2747;178197;1,40922894424674
Castilla-La Mancha;2025-03-01;77506;11777;31714;15407;4287;12546;11783;20034;20;107568;1,38786674580033
Cataluña;2025-03-01;232521;16;36781;32975;14123;38856;23209;140614;88;286662;1,23284348510457
Comunidad Valenciana;2025-03-01;167279;1678;80866;6220;9468;13646;25467;116390;838;254573;1,52184673509526
Extremadura;2025-03-01;36400;1749;6746;908;2444;5256;19697;6897;0;43697;1,20046703296703
Galicia;2025-03-01;78066;6239;24070;24505;9043;6738;16226;22228;136;109185;1,39862424102682
Comunidad de Madrid;2025-03-01;194321;6091;85415;53080;18358;24763;29669;52795;82;270253;1,39075550249330
Región de Murcia;2025-03-01;45626;3476;13937;4089;4145;5242;1482;27493;4;59868;1,31214658308859
Comunidad Foral de Navarra;2025-03-01;15929;2208;3447;1107;796;2633;2782;9411;40;22424;1,40774687676565
País Vasco;2025-03-01;70696;1143;26157;6202;7751;13444;1384;38260;6963;101304;1,43295235939799
La Rioja;2025-03-01;9318;1145;3725;3664;1407;2018;1085;1228;0;14272;1,53165915432496
Ceuta y Melilla;2025-03-01;3725;701;792;1288;67;215;5;1891;0;4959;1,33127516778523
Andalucía;2025-04-01;299894;587;146855;167574;15007;27256;4566;87730;12;449587;1,49915303407204
Aragón;2025-04-01;46129;4702;10544;5601;1771;4142;10045;24199;0;61004;1,32246526046522
Principado de Asturias;2025-04-01;34812;7674;8251;8184;2230;3819;5437;13312;31;48938;1,40577961622429
Islas Baleares;2025-04-01;31451;3592;16863;2319;1763;2933;751;23651;0;51872;1,64929572986551
Canarias;2025-04-01;46446;1708;2490;1660;5431;4673;16091;21481;0;53534;1,15260732894114
Cantabria;2025-04-01;18099;6617;4098;1393;2217;4620;386;9474;0;28805;1,59152439361291
Castilla y León;2025-04-01;126713;14311;32794;24178;8274;9097;49544;37583;2792;178573;1,40927134548152
Castilla-La Mancha;2025-04-01;77705;12136;31866;15385;4292;12593;11858;20219;18;108367;1,39459494241040
Cataluña;2025-04-01;234486;15;37523;32983;14116;38846;23160;142707;89;289439;1,23435514273773
Comunidad Valenciana;2025-04-01;168460;1681;81051;6219;9518;13548;25814;117889;867;256587;1,52313308797341
Extremadura;2025-04-01;36564;1763;6697;891;2430;5277;19806;6961;0;43825;1,19858330598403
Galicia;2025-04-01;79688;6174;27423;23649;8905;6753;16990;24351;146;114391;1,43548589499046
Comunidad de Madrid;2025-04-01;196209;6157;86320;53863;18336;24744;30035;53995;82;273532;1,39408487887915
Región de Murcia;2025-04-01;46181;3444;14378;4028;4178;5315;1467;27993;4;60807;1,31671033541933
Comunidad Foral de Navarra;2025-04-01;15950;2228;3467;1104;789;2618;2793;9442;40;22481;1,40946708463950
País Vasco;2025-04-01;72088;1167;27403;6163;7719;13482;1366;38605;7212;103117;1,43043224947287
La Rioja;2025-04-01;9298;1136;3718;3647;1419;2033;1073;1219;0;14245;1,53204990320499
Ceuta y Melilla;2025-04-01;3726;708;805;1283;69;210;5;1893;0;4973;1,33467525496511
Andalucía;2025-05-01;301429;587;147843;168306;15223;27388;4490;88418;12;452267;1,50040971505728
Aragón;2025-05-01;46529;4735;10603;5648;1771;4140;10118;24493;0;61508;1,32192825979497
Principado de Asturias;2025-05-01;34939;7685;8533;8146;2209;3831;5527;13383;31;49345;1,41231861243882
Islas Baleares;2025-05-01;31159;3570;16698;2259;1747;2879;738;23359;0;51250;1,64478962739497
Canarias;2025-05-01;46750;1703;2483;1646;5416;4706;16272;21703;0;53929;1,15356149732620
Cantabria;2025-05-01;18068;6615;4116;1397;2230;4608;376;9460;0;28802;1,59408899712198
Castilla y León;2025-05-01;126965;14349;32924;24344;8310;9116;49189;38150;2775;179157;1,41107391800890
Castilla-La Mancha;2025-05-01;78096;12501;32136;15352;4289;12656;11990;20430;18;109372;1,40048145871748
Cataluña;2025-05-01;236273;15;38050;33028;14162;39067;23103;144343;91;291859;1,23526175229501
Comunidad Valenciana;2025-05-01;168563;1693;81012;6222;9590;13510;25803;118554;880;257264;1,52621868381555
Extremadura;2025-05-01;36837;1770;6612;886;2434;5231;20022;7096;0;44051;1,19583570866249
Galicia;2025-05-01;81675;6160;30184;23569;8822;6730;17579;26041;146;119231;1,45982246709519
Comunidad de Madrid;2025-05-01;196986;6182;86986;54381;18320;24844;29765;54545;82;275105;1,39657132994223
Región de Murcia;2025-05-01;46549;3414;14768;3966;4170;5331;1439;28402;4;61494;1,32105952866871
Comunidad Foral de Navarra;2025-05-01;17258;2381;4001;1234;810;2703;3019;10408;41;24597;1,42525205701704
País Vasco;2025-05-01;72428;1175;27927;6076;7733;13527;1341;38690;7300;103769;1,43271939029105
La Rioja;2025-05-01;9323;1139;3719;3646;1420;2031;1079;1235;0;14269;1,53051592834924
Ceuta y Melilla;2025-05-01;3733;710;810;1274;66;207;5;1908;0;4980;1,33404768282882
Andalucía;2025-06-01;302871;586;149122;169213;15275;27186;4388;89249;12;455031;1,50239210753093
Aragón;2025-06-01;47035;4809;10704;5888;1775;4177;10197;24671;0;62221;1,32286595088764
Principado de Asturias;2025-06-01;35107;7701;8774;8120;2201;3858;5628;13477;31;49790;1,41823567949412
Islas Baleares;2025-06-01;32958;3608;17773;2492;1812;3083;819;25300;0;54887;1,66536197584805
Canarias;2025-06-01;48365;1706;2496;1638;5482;4727;16982;22722;0;55753;1,15275509149178
Cantabria;2025-06-01;18033;6563;4130;1392;2228;4560;387;9476;0;28736;1,59352298563744
Castilla y León;2025-06-01;127036;14306;32994;24148;8271;9123;49239;38246;2811;179138;1,41013570956264
Castilla-La Mancha;2025-06-01;78705;12882;32561;15361;4302;12676;12081;20741;17;110621;1,40551426211804
Cataluña;2025-06-01;238250;15;38665;32975;14197;39025;23128;146503;89;294597;1,23650367261280
Comunidad Valenciana;2025-06-01;167654;1712;80369;6255;9609;13585;25674;118010;905;256119;1,52766411776635
Extremadura;2025-06-01;36975;1763;6591;905;2438;5137;20191;7159;0;44184;1,19496957403651
Galicia;2025-06-01;84054;6167;33124;23487;8763;6746;18285;27933;146;124651;1,48298712732291
Comunidad de Madrid;2025-06-01;198437;6195;88474;54786;18310;24793;29929;55281;82;277850;1,40019250442206
Región de Murcia;2025-06-01;47031;3405;15316;3865;4192;5337;1472;28824;4;62415;1,32710339988518
Comunidad Foral de Navarra;2025-06-01;17314;2391;4041;1241;819;2688;3091;10407;40;24718;1,42763081899041
País Vasco;2025-06-01;72902;1165;28162;6269;7761;13510;1427;38985;7434;104713;1,43635291212861
La Rioja;2025-06-01;9317;1138;3704;3649;1423;2037;1080;1237;0;14268;1,53139422560910
Ceuta y Melilla;2025-06-01;3794;743;831;1310;67;204;5;1932;0;5092;1,34211913547707
Andalucía;2025-07-01;304357;579;149248;168666;15070;28728;4100;90136;12;456539;1,50001149965337
Aragón;2025-07-01;47370;4860;10739;5947;1788;4160;10282;24877;0;62653;1,32263035676589
Principado de Asturias;2025-07-01;34990;7627;8851;8100;2182;3813;5588;13490;31;49682;1,41989139754215
Islas Baleares;2025-07-01;33221;3573;17836;2489;1836;3086;847;25510;0;55177;1,66090725745763
Canarias;2025-07-01;50901;1707;2475;1577;5487;4819;18697;23570;0;58332;1,14598927329522
Cantabria;2025-07-01;18124;6561;4202;1391;2215;4574;407;9545;0;28895;1,59429485764732
Castilla y León;2025-07-01;127052;14269;33063;24023;8260;9072;49041;38607;2886;179221;1,41061140320499
Castilla-La Mancha;2025-07-01;79065;13282;32930;15314;4274;12647;12213;20889;17;111566;1,41106684373617
Cataluña;2025-07-01;240890;15;39698;33114;14268;39186;23150;148930;90;298451;1,23895138860061
Comunidad Valenciana;2025-07-01;174236;1731;82023;6380;9804;13571;26892;123726;953;265080;1,52138478844785
Extremadura;2025-07-01;37298;1799;6668;915;2459;5077;20468;7248;0;44634;1,19668614939139
Galicia;2025-07-01;85337;6120;35082;23188;8646;6740;18778;29252;146;127952;1,49937307381323
Comunidad de Madrid;2025-07-01;200291;6223;89672;54806;18378;24812;30333;56353;84;280661;1,40126615774049
Región de Murcia;2025-07-01;47469;3361;15681;3764;4192;5310;1573;29136;4;63021;1,32762434430892
Comunidad Foral de Navarra;2025-07-01;17278;2398;4045;1243;824;2700;3120;10321;39;24690;1,42898483620789
País Vasco;2025-07-01;73018;1156;28219;6252;7769;13484;1422;39093;7595;104990;1,43786463611712
La Rioja;2025-07-01;9299;1139;3712;3653;1427;2020;1062;1222;0;14235;1,53080976449081
Ceuta y Melilla;2025-07-01;3815;748;837;1328;65;202;5;1938;0;5123;1,34285714285714
Andalucía;2025-08-01;305669;578;150688;169769;15121;28450;4049;90697;12;459364;1,50281513663473
Aragón;2025-08-01;47607;4879;10804;5963;1783;4158;10342;25064;0;62993;1,32318776650493
Principado de Asturias;2025-08-01;34630;7549;8776;8023;2174;3769;5480;13398;29;49198;1,42067571469824
Islas Baleares;2025-08-01;33401;3585;18299;2493;1867;3114;848;25293;0;55499;1,66159695817491
Canarias;2025-08-01;54256;1739;2487;1547;5530;4947;21071;24461;18;61800;1,13904452963728
Cantabria;2025-08-01;18123;6486;4223;1399;2200;4511;452;9565;0;28836;1,59112729680516
Castilla y León;2025-08-01;127434;14224;33578;23971;8250;9037;48893;38814;2877;179644;1,40970227725725
Castilla-La Mancha;2025-08-01;79522;13657;33309;15265;4269;12788;12075;21107;17;112487;1,41453937275219
Cataluña;2025-08-01;241584;15;40035;32971;14254;38814;22883;150392;90;299454;1,23954400953706
Comunidad Valenciana;2025-08-01;174851;1742;81867;6383;9794;13546;26954;124170;958;265414;1,51794384933458
Extremadura;2025-08-01;37508;1815;6689;919;2445;5089;20621;7305;0;44883;1,19662472005972
Galicia;2025-08-01;86858;6099;37101;23038;8546;6783;19277;30607;146;131597;1,51508208800571
Comunidad de Madrid;2025-08-01;202367;6257;92066;54893;18357;24730;30562;57029;86;283980;1,40329203872173
Región de Murcia;2025-08-01;47962;3329;15913;3785;4180;5282;1766;29511;4;63770;1,32959426212418
Comunidad Foral de Navarra;2025-08-01;17306;2400;4068;1242;826;2703;3105;10363;39;24746;1,42990870218421
País Vasco;2025-08-01;72880;1153;28198;6228;7753;13447;1399;39072;7614;104864;1,43885839736553
La Rioja;2025-08-01;9314;1151;3721;3661;1436;2037;1034;1220;0;14260;1,53102855915826
Ceuta y Melilla;2025-08-01;3873;780;858;1363;64;201;5;1965;0;5236;1,35192357345727
Andalucía;2025-09-01;311672;532;156731;175050;15663;28668;4245;91474;12;472375;1,51561577555892
Aragón;2025-09-01;47941;4920;10849;5948;1791;4151;10382;25389;0;63430;1,32308462485138
Principado de Asturias;2025-09-01;34288;7519;8718;7955;2195;3811;5362;13276;29;48865;1,42513415772282
Islas Baleares;2025-09-01;33653;3574;18544;2525;1856;3091;868;25297;0;55755;1,65676165572163
Canarias;2025-09-01;57996;1799;2479;1540;5567;4960;23494;25851;39;65729;1,13333678184702
Cantabria;2025-09-01;18185;6472;4243;1381;2185;4511;493;9604;0;28889;1,58861699202640
Castilla y León;2025-09-01;127461;14283;33620;24076;8233;9102;48664;39022;2874;179874;1,41120813425283
Castilla-La Mancha;2025-09-01;79634;13854;33321;15209;4304;12857;12025;21315;18;112903;1,41777381520456
Cataluña;2025-09-01;242430;15;40421;32764;14187;38619;22645;151884;90;300625;1,24004867384400
Comunidad Valenciana;2025-09-01;174972;1744;81569;6398;9794;13501;26934;124518;974;265432;1,51699700523512
Extremadura;2025-09-01;37473;1815;6602;923;2475;5101;20557;7290;0;44763;1,19454006884957
Galicia;2025-09-01;88362;6033;39172;22969;8416;6903;19605;32052;145;135295;1,53114460967384
Comunidad de Madrid;2025-09-01;203981;6311;93760;55355;18421;24705;30579;57519;87;286737;1,40570445286571
Región de Murcia;2025-09-01;48020;2986;15994;3751;4194;5283;1692;29609;4;63513;1,32263640149938
Comunidad Foral de Navarra;2025-09-01;17318;2385;4115;1240;819;2682;3153;10349;39;24782;1,43099665088347
País Vasco;2025-09-01;73687;1169;28468;6374;7749;13532;1456;39592;7621;105961;1,43798770475118
La Rioja;2025-09-01;9321;1161;3767;3606;1466;2060;1023;1221;0;14304;1,53459929192147
Ceuta y Melilla;2025-09-01;3872;774;857;1363;65;204;5;1961;0;5229;1,35046487603306
Andalucía;2025-10-01;321670;531;165135;183508;16105;28816;4237;92733;12;491077;1,52664842851369
Aragón;2025-10-01;48456;5029;10935;6065;1836;4190;10467;25624;0;64146;1,32379891035166
Principado de Asturias;2025-10-01;34063;7464;8659;7872;2240;3847;5262;13204;28;48576;1,42606347062795
Islas Baleares;2025-10-01;33805;3601;18658;2531;1837;3119;869;25083;0;55698;1,64762609081497
Canarias;2025-10-01;61080;1836;2482;1503;5582;5196;25611;26731;67;69008;1,12979698755730
Cantabria;2025-10-01;18238;6477;4271;1379;2197;4508;545;9634;0;29011;1,59068976861498
Castilla y León;2025-10-01;127957;14269;33813;24152;8220;9114;48693;39471;2891;180623;1,41159139398392
Castilla-La Mancha;2025-10-01;80382;14366;33688;15270;4336;12905;12247;21654;18;114484;1,42424921002214
Cataluña;2025-10-01;243496;15;40471;32520;14162;38709;22561;153195;88;301721;1,23912097118639
Comunidad Valenciana;2025-10-01;177368;1746;82440;6548;9801;13491;27295;126070;1022;268413;1,51331130756393
Extremadura;2025-10-01;37527;1807;6464;929;2500;5142;20468;7400;0;44710;1,19140885229302
Galicia;2025-10-01;90424;6002;41676;22912;8320;6957;20418;33615;148;140048;1,54879235601168
Comunidad de Madrid;2025-10-01;206319;6380;95667;56949;18389;24657;30943;58249;88;291322;1,41199792554249
Región de Murcia;2025-10-01;48582;2947;16476;3932;4193;5311;1823;29919;4;64605;1,32981351117698
Comunidad Foral de Navarra;2025-10-01;17455;2390;4213;1264;825;2695;3184;10430;39;25040;1,43454597536522
País Vasco;2025-10-01;74226;1140;28705;6332;7833;13533;1466;40022;7626;106657;1,43692237221459
La Rioja;2025-10-01;9325;1185;3798;3587;1502;2059;981;1209;0;14321;1,53576407506702
Ceuta y Melilla;2025-10-01;3893;772;851;1369;67;207;4;1969;0;5239;1,34574877986129
Andalucía;2025-11-01;332828;519;174422;192219;16539;29401;4196;94621;12;511929;1,53811878808273
Aragón;2025-11-01;48921;5117;10978;6136;1832;4240;10486;25964;0;64753;1,32362380163938
Principado de Asturias;2025-11-01;33860;7352;8558;7781;2270;3898;5155;13179;29;48222;1,42415829887773
Islas Baleares;2025-11-01;34163;3626;18860;2556;1854;3110;869;25409;0;56284;1,64751339168106
Canarias;2025-11-01;63684;1882;2515;1478;5574;5297;27528;27566;95;71935;1,12956158532755
Cantabria;2025-11-01;18310;6511;4334;1365;2206;4529;589;9705;0;29239;1,59688694702348
Castilla y León;2025-11-01;128107;14257;33739;23745;8211;9119;48937;39812;2949;180769;1,41107823928435
Castilla-La Mancha;2025-11-01;81366;14878;33997;15357;4347;12918;12699;22183;18;116397;1,43053609615810
Cataluña;2025-11-01;245776;15;40979;32446;14249;38776;22668;155424;89;304646;1,23952704902025
Comunidad Valenciana;2025-11-01;178555;1608;82454;6887;9604;13312;27205;127954;1027;270051;1,51242474307636
Extremadura;2025-11-01;37544;1798;6507;931;2504;5215;20370;7447;0;44772;1,19252077562327
Galicia;2025-11-01;92589;5974;44395;23268;8193;7271;20733;35145;147;145126;1,56742161595870
Comunidad de Madrid;2025-11-01;208749;6408;97626;58575;18614;24645;31049;59044;89;296050;1,41821038663658
Región de Murcia;2025-11-01;49151;3146;16667;3983;4194;5334;2101;30147;4;65576;1,33417427926187
Comunidad Foral de Navarra;2025-11-01;17626;2546;4293;1283;819;2769;3177;10514;40;25441;1,44337909905821
País Vasco;2025-11-01;74626;1146;29355;6288;7889;13588;1469;39974;7627;107336;1,43831908450138
La Rioja;2025-11-01;9412;1392;3876;3575;1521;2103;999;1222;0;14688;1,56056098597535
Ceuta y Melilla;2025-11-01;3897;762;847;1371;69;207;4;1963;0;5223;1,34026173979985
Andalucía;2025-12-01;338932;512;179694;197240;16632;29310;4134;95847;12;523381;1,54420650750003
Aragón;2025-12-01;49312;5164;10946;6086;1839;4234;10638;26250;0;65157;1,32132138221934
Principado de Asturias;2025-12-01;33772;7241;8509;7735;2268;3959;5118;13209;29;48068;1,42330925026649
Islas Baleares;2025-12-01;34208;3679;18922;2547;1847;3085;863;25795;0;56738;1,65861786716558
Canarias;2025-12-01;65832;1929;3537;1470;5606;5481;29067;28182;130;75402;1,14537003281079
Cantabria;2025-12-01;18132;6416;4299;1346;2183;4459;589;9642;0;28934;1,59574233399515
Castilla y León;2025-12-01;129176;14253;37161;24141;8228;9084;48617;39473;2989;183946;1,42399516938131
Castilla-La Mancha;2025-12-01;82425;15420;34382;15425;4355;12927;12954;22950;19;118432;1,43684561722778
Cataluña;2025-12-01;248373;15;41348;32583;14548;39077;23107;157296;92;308066;1,24033610738687
Comunidad Valenciana;2025-12-01;179408;1655;82700;6983;9637;13288;27481;128683;1031;271458;1,51307633996254
Extremadura;2025-12-01;37664;1824;6510;926;2514;5258;20353;7507;0;44892;1,19190739167375
Galicia;2025-12-01;93660;5917;46287;22819;8077;7245;21047;36638;146;148176;1,58206278026906
Comunidad de Madrid;2025-12-01;209961;6454;98996;59614;18704;24451;31110;59553;92;298974;1,42395016217297
Región de Murcia;2025-12-01;50287;3164;16825;3931;4177;5312;2096;31261;4;66770;1,32777855111659
Comunidad Foral de Navarra;2025-12-01;17562;2448;4182;1243;823;2786;3226;10380;39;25127;1,43075959457921
País Vasco;2025-12-01;74802;1134;29495;6369;7867;13495;1518;40021;7766;107665;1,43933317290982
La Rioja;2025-12-01;9620;1391;4092;3590;1520;2120;978;1226;0;14917;1,55062370062370
Ceuta y Melilla;2025-12-01;3916;760;851;1373;71;208;4;1976;0;5243;1,33886618998979
Andalucía;2026-01-01;340135;512;181063;197964;16731;28991;4081;96686;12;526040;1,54656239434342
Aragón;2026-01-01;49186;5147;11046;6039;1844;4185;10549;26324;0;65134;1,32423860448095
Principado de Asturias;2026-01-01;33656;7134;8563;7712;2255;4006;5063;13209;29;47971;1,42533277870216
Islas Baleares;2026-01-01;34177;3664;18806;2530;1839;3064;845;26030;0;56778;1,66129268221318
Canarias;2026-01-01;67552;1950;4528;1434;5603;5532;30292;29026;153;78518;1,16233420180009
Cantabria;2026-01-01;18030;6350;4295;1335;2188;4387;585;9621;0;28761;1,59517470881864
Castilla y León;2026-01-01;128699;14235;36905;24069;8216;9082;46977;39359;3053;181896;1,41334431502964
Castilla-La Mancha;2026-01-01;81799;15551;34199;15315;4371;12828;12788;22975;19;118046;1,44312277656206
Cataluña;2026-01-01;249207;14;41701;32419;14584;38913;22948;158587;91;309257;1,24096433888294
Comunidad Valenciana;2026-01-01;179130;1706;81570;6933;9975;13147;27739;128665;1057;270792;1,51170658181209
Extremadura;2026-01-01;37151;1827;6438;912;2493;5170;19997;7448;0;44285;1,19202713251326
Galicia;2026-01-01;92849;5907;46208;22616;8042;7241;20708;36379;146;147247;1,58587599220239
Comunidad de Madrid;2026-01-01;208264;6546;99248;59243;18743;24347;30443;59111;90;297771;1,42977662966235
Región de Murcia;2026-01-01;50018;3111;16836;3949;4239;5318;1966;31051;4;66474;1,32900155943860
Comunidad Foral de Navarra;2026-01-01;17320;2424;4108;1234;831;2806;3137;10194;39;24773;1,43031177829099
País Vasco;2026-01-01;74273;1134;29357;6978;7847;13387;1516;39580;7740;107539;1,44788819624897
La Rioja;2026-01-01;9594;1386;4057;3594;1512;2121;983;1226;0;14879;1,55086512403586
Ceuta y Melilla;2026-01-01;3910;755;844;1363;70;206;5;1981;0;5224;1,33606138107417
Andalucía;2026-02-01;338796;507;180658;196702;16664;28518;3963;97286;13;524311;1,54757139989846
Aragón;2026-02-01;49233;5126;11319;6220;1838;4110;10565;26266;0;65444;1,32927101740702
Principado de Asturias;2026-02-01;33640;6928;8831;7755;2231;3963;5016;13304;29;48057;1,42856718192628
Islas Baleares;2026-02-01;34144;3727;18733;2585;1824;3068;824;26221;0;56982;1,66887300843486
Canarias;2026-02-01;69284;2015;6357;1394;5559;5590;31366;29882;218;82381;1,18903354309797
Cantabria;2026-02-01;17725;6194;4258;1308;2164;4253;573;9510;0;28260;1,59435825105783
Castilla y León;2026-02-01;127280;14107;36482;23730;8187;8983;46180;39370;3038;180077;1,41480986800754
Castilla-La Mancha;2026-02-01;81293;15830;34117;15217;4330;12703;12582;23091;19;117889;1,45017406172733
Cataluña;2026-02-01;249212;14;41890;32101;14487;38333;22665;159788;89;309367;1,24138083238367
Comunidad Valenciana;2026-02-01;179593;1714;81212;6963;9958;13070;27546;129569;1087;271119;1,50963010807771
Extremadura;2026-02-01;36368;1822;6248;898;2484;5099;19397;7344;0;43292;1,19038715354158
Galicia;2026-02-01;92497;5856;46896;22260;7940;7174;20442;36903;145;147616;1,59590040758079
Comunidad de Madrid;2026-02-01;211239;6720;101673;61408;18789;24427;30360;60600;90;304067;1,43944536756944
Región de Murcia;2026-02-01;49930;3063;16942;3947;4232;5341;1883;31075;5;66488;1,33162427398358
Comunidad Foral de Navarra;2026-02-01;17243;2423;4142;1241;823;2742;3046;10276;39;24732;1,43432117380966
País Vasco;2026-02-01;73844;1119;29154;7185;7845;13156;1441;39627;7625;107152;1,45105898922052
La Rioja;2026-02-01;9483;1342;4002;3591;1454;2142;958;1238;0;14727;1,55298956026574
Ceuta y Melilla;2026-02-01;3934;788;879;1376;69;206;6;1987;0;5311;1,35002541942044
Andalucía;2026-03-01;347017;467;188811;202278;17038;30776;3958;98230;12;541570;1,56064400303155
Aragón;2026-03-01;49822;5136;11366;6342;1838;4080;10798;26544;0;66104;1,32680342017583
Principado de Asturias;2026-03-01;33854;6839;9146;7849;2231;3996;5046;13375;30;48512;1,43297690080936
Islas Baleares;2026-03-01;34248;3705;18828;2620;1823;3078;817;26413;0;57284;1,67262321887409
Canarias;2026-03-01;71093;2063;9802;1393;5560;5755;32454;30635;296;87958;1,23722448060991
Cantabria;2026-03-01;18907;7376;4317;1357;2181;4547;562;9584;0;29924;1,58269424022849
Castilla y León;2026-03-01;127186;14098;36391;23824;8190;8980;46200;39502;3039;180224;1,41701130627585
Castilla-La Mancha;2026-03-01;81518;16263;34299;15178;4329;12856;12547;23427;19;118918;1,45879437670208
Cataluña;2026-03-01;250944;14;42197;31921;14480;38407;22445;161887;87;311438;1,24106573578169
Comunidad Valenciana;2026-03-01;180393;1713;81342;7011;9927;13068;27574;130396;1134;272165;1,50873370917940
Extremadura;2026-03-01;37186;1861;6185;918;2501;5172;19896;7556;0;44089;1,18563437852955
Galicia;2026-03-01;93892;5875;48834;22450;7899;7225;20629;38212;145;151269;1,61109572700550
Comunidad de Madrid;2026-03-01;213333;6878;102986;63535;18927;24532;30388;61421;90;308757;1,44730069890734
Región de Murcia;2026-03-01;50387;3051;17364;3946;4251;5341;1891;31453;5;67302;1,33570166908131
Comunidad Foral de Navarra;2026-03-01;17234;2415;4117;1237;815;2754;3064;10241;39;24682;1,43216896831844
País Vasco;2026-03-01;74024;1118;29280;7327;7914;13272;1374;39618;7651;107554;1,45296120177240
La Rioja;2026-03-01;9560;1088;4090;3595;1149;2161;970;1241;0;14294;1,49518828451883
Ceuta y Melilla;2026-03-01;4013;812;917;1417;72;202;6;2018;0;5444;1,35659107899327
