ccaa;fecha;solicitudes;resoluciones_grado;grado3;grado2;grado1;ratio_g3;ratio_g2;ratio_g1;total_der_prest
Andalucía;2023-01-01;421864;374904;82857;137814;86252;26,9960218035142;44,9018157648661;28,1021624316197;306923
Aragón;2023-01-01;51138;47020;12044;14460;12713;30,7111711757656;36,8717647958793;32,4170640283550;39217
Principado de Asturias;2023-01-01;44192;40217;7719;10684;13365;24,2980357592546;33,6313271216318;42,0706371191136;31768
Islas Baleares;2023-01-01;39808;36155;7655;9963;11979;25,8641078487685;33,6621954927864;40,4736966584451;29597
Canarias;2023-01-01;57982;47595;14103;14422;13300;33,7190675433353;34,4817692767484;31,7991631799163;41825
Cantabria;2023-01-01;23160;22403;6050;7874;4498;32,8411681684942;42,7423732493757;24,4164585821301;18422
Castilla y León;2023-01-01;147653;139708;33419;38033;43505;29,0708699774698;33,0845446558278;37,8445853667023;114957
Castilla-La Mancha;2023-01-01;90834;87070;21426;23184;25706;30,4710165538427;32,9711587689857;36,5578246771716;70316
Cataluña;2023-01-01;355497;330861;50365;94914;112579;19,5320680374470;36,8086311070434;43,6593008555096;257858
Comunidad Valenciana;2023-01-01;186647;170093;42650;54704;47912;29,3599328129087;37,6578139413214;32,9822532457698;145266
Extremadura;2023-01-01;56797;53736;12476;12796;13541;32,1438693221343;32,9683353515575;34,8877953263082;38813
Galicia;2023-01-01;80387;79725;24171;24776;23185;33,5093994343703;34,3481395219875;32,1424610436422;72132
Comunidad de Madrid;2023-01-01;225189;224954;58022;64221;51231;33,4470871715646;37,0205333364078;29,5323794920276;173474
Región de Murcia;2023-01-01;55614;50107;14160;17391;12722;31,9833758724279;39,2812775280645;28,7353465995076;44273
Comunidad Foral de Navarra;2023-01-01;21331;21269;3576;5963;6510;22,2817621035579;37,1549629260390;40,5632749704031;16049
País Vasco;2023-01-01;109294;108729;19116;25533;34520;24,1458146496735;32,2512599628643;43,6029253874623;79169
La Rioja;2023-01-01;14306;14222;2605;4179;3609;25,0649475608583;40,2097565669200;34,7252958722217;10393
Ceuta y Melilla;2023-01-01;4979;4720;1168;1271;1018;33,7865201041365;36,7659820653746;29,4474978304889;3457
Andalucía;2023-02-01;424055;375850;83320;138312;86506;27,0398328021860;44,8863820755635;28,0737851222504;308138
Aragón;2023-02-01;51265;47165;12150;14513;12718;30,8524415327188;36,8527970341027;32,2947614331784;39381
Principado de Asturias;2023-02-01;44688;40338;7704;10744;13437;24,1618315822487;33,6960953426376;42,1420730751137;31885
Islas Baleares;2023-02-01;40305;36595;7765;10081;12115;25,9170254664397;33,6470745302226;40,4359000033377;29961
Canarias;2023-02-01;57844;48083;14203;14570;13477;33,6165680473373;34,4852071005917;31,8982248520710;42250
Cantabria;2023-02-01;23452;22681;6094;7992;4588;32,6336082253400;42,7974724215487;24,5689193531113;18674
Castilla y León;2023-02-01;148272;140473;33416;38211;44092;28,8768482271710;33,0205065719545;38,1026452008745;115719
Castilla-La Mancha;2023-02-01;91964;87657;21778;23253;26019;30,6516537649543;32,7276565798733;36,6206896551724;71050
Cataluña;2023-02-01;359267;330477;50019;94776;112725;19,4233457595527;36,8033550792171;43,7732991612302;257520
Comunidad Valenciana;2023-02-01;187770;172035;43158;55309;48514;29,3629788884278;37,6300338138943;33,0069872976779;146981
Extremadura;2023-02-01;56885;53945;12517;12869;13615;32,0940488705418;32,9965898310300;34,9093612984282;39001
Galicia;2023-02-01;80413;79668;24539;24934;22742;33,9804749705740;34,5274527452745;31,4920722841515;72215
Comunidad de Madrid;2023-02-01;225177;225048;57721;64157;51089;33,3711054709858;37,0920464597293;29,5368480692849;172967
Región de Murcia;2023-02-01;56203;50718;14290;17555;12955;31,8973214285714;39,1852678571429;28,9174107142857;44800
Comunidad Foral de Navarra;2023-02-01;21382;21317;3540;5959;6575;22,0231429637925;37,0722906557173;40,9045663804902;16074
País Vasco;2023-02-01;109999;109443;19259;25631;34742;24,1850010046213;32,1868093228853;43,6281896724935;79632
La Rioja;2023-02-01;14280;14196;2616;4196;3575;25,1853278136132;40,3966496582266;34,4180225281602;10387
Ceuta y Melilla;2023-02-01;4984;4774;1177;1303;1030;33,5327635327635;37,1225071225071;29,3447293447293;3510
Andalucía;2023-03-01;425532;376861;83590;138821;86661;27,0454780763058;44,9154242377181;28,0390976859761;309072
Aragón;2023-03-01;51519;47372;12284;14515;12803;31,0186354224534;36,6521892833695;32,3291752941771;39602
Principado de Asturias;2023-03-01;44700;40298;7730;10744;13372;24,2730641210827;33,7373610500534;41,9895748288639;31846
Islas Baleares;2023-03-01;40775;37095;7838;10239;12318;25,7871360421122;33,6864615890771;40,5264023688107;30395
Canarias;2023-03-01;57505;48647;14417;14738;13635;33,6924515073615;34,4426267819584;31,8649217106801;42790
Cantabria;2023-03-01;23427;22659;6023;7983;4634;32,3122317596567;42,8272532188841;24,8605150214592;18640
Castilla y León;2023-03-01;148924;141040;33277;38411;44698;28,5919268640558;33,0031103397316;38,4049627962126;116386
Castilla-La Mancha;2023-03-01;92632;88248;21973;23459;26175;30,6855475023392;32,7607636124960;36,5536888851649;71607
Cataluña;2023-03-01;361875;334791;50827;96463;114079;19,4464530988755;36,9068252164564;43,6467216846680;261369
Comunidad Valenciana;2023-03-01;189190;173624;43625;55751;49061;29,3895726806659;37,5586949345514;33,0517323847828;148437
Extremadura;2023-03-01;56862;53928;12507;12869;13606;32,0840387871325;33,0126725155200;34,9032886973475;38982
Galicia;2023-03-01;80507;79861;25078;24923;22444;34,6166057008765;34,4026502864242;30,9807440126993;72445
Comunidad de Madrid;2023-03-01;229086;228981;58913;65662;52310;33,3058201656443;37,1212934957741;29,5728863385816;176885
Región de Murcia;2023-03-01;57106;51182;14423;17710;13053;31,9191785066171;39,1935555260479;28,8872659673350;45186
Comunidad Foral de Navarra;2023-03-01;21369;21305;3487;5950;6647;21,6799303655807;36,9932852524248;41,3267843819945;16084
País Vasco;2023-03-01;109480;108954;18997;25566;34676;23,9743055818473;32,2644152500663;43,7612791680864;79239
La Rioja;2023-03-01;14405;14357;2622;4247;3685;24,8436611711200;40,2406670456699;34,9156717832102;10554
Ceuta y Melilla;2023-03-01;5007;4797;1197;1314;1024;33,8613861386139;37,1711456859972;28,9674681753890;3535
Andalucía;2023-04-01;427328;378149;83829;139226;87255;27,0145983049209;44,8667461570687;28,1186555380104;310310
Aragón;2023-04-01;51720;47594;12348;14592;12892;31,0002008435429;36,6338622213296;32,3659369351275;39832
Principado de Asturias;2023-04-01;44486;40550;7771;10824;13501;24,2117397806580;33,7238285144566;42,0644317048853;32096
Islas Baleares;2023-04-01;41078;37754;7961;10410;12593;25,7105025190544;33,6196873788916;40,6698101020540;30964
Canarias;2023-04-01;57756;49176;14614;14905;13780;33,7513568442689;34,4234277927897;31,8252153629414;43299
Cantabria;2023-04-01;23571;22791;5999;8038;4709;32,0014936519791;42,8784807425584;25,1200256054625;18746
Castilla y León;2023-04-01;149821;141778;33428;38587;44924;28,5858439015213;32,9975457289698;38,4166103695089;116939
Castilla-La Mancha;2023-04-01;93138;88695;22088;23648;26350;30,6411785922371;32,8052603834309;36,5535610243320;72086
Cataluña;2023-04-01;363501;335272;50601;96651;114492;19,3322483036860;36,9257748028608;43,7419768934531;261744
Comunidad Valenciana;2023-04-01;191925;175133;43869;56172;49459;29,3438127090301;37,5732441471572;33,0829431438127;149500
Extremadura;2023-04-01;57035;54294;12656;12947;13717;32,1871820956256;32,9272634791455;34,8855544252289;39320
Galicia;2023-04-01;80456;79947;25128;25007;22486;34,6015615317883;34,4349430605472;30,9634954076644;72621
Comunidad de Madrid;2023-04-01;229862;229760;59128;66404;52824;33,1516741797304;37,2311556661957;29,6171701540739;178356
Región de Murcia;2023-04-01;57942;51370;14392;17803;13151;31,7381907996295;39,2603537246946;29,0014554756759;45346
Comunidad Foral de Navarra;2023-04-01;21478;21412;3472;5991;6658;21,5371254884933;37,1627070281000;41,3001674834067;16121
País Vasco;2023-04-01;110499;110006;19181;25753;34975;24,0035540427236;32,2279092467682;43,7685367105082;79909
La Rioja;2023-04-01;14350;14314;2641;4233;3596;25,2244508118434;40,4297994269341;34,3457497612225;10470
Ceuta y Melilla;2023-04-01;5062;4823;1191;1317;1047;33,5021097046413;37,0464135021097;29,4514767932489;3555
Andalucía;2023-05-01;430185;381285;84622;140221;88220;27,0303421356085;44,7900262886384;28,1796315757531;313063
Aragón;2023-05-01;52261;48136;12414;14707;13222;30,7711374959720;36,4548992390254;32,7739632650026;40343
Principado de Asturias;2023-05-01;44731;40919;7887;10934;13640;24,2968485259234;33,6834971196205;42,0196543544561;32461
Islas Baleares;2023-05-01;41490;38451;8053;10596;12900;25,5253732289455;33,5858505816349;40,8887761894196;31549
Canarias;2023-05-01;57804;49685;14726;15049;13945;33,6825251601098;34,4213174748399;31,8961573650503;43720
Cantabria;2023-05-01;23549;22737;5916;8010;4741;31,6922912090856;42,9099480366422;25,3977607542722;18667
Castilla y León;2023-05-01;150745;142502;33665;38786;45125;28,6325440566102;32,9880247669592;38,3794311764306;117576
Castilla-La Mancha;2023-05-01;94029;89439;22268;23917;26663;30,5677575225126;32,8313749176367;36,6008675598506;72848
Cataluña;2023-05-01;365101;337520;50898;97406;115297;19,3087279638545;36,9520601211680;43,7392119149776;263601
Comunidad Valenciana;2023-05-01;195490;177623;44681;56967;50123;29,4397480414572;37,5348386714194;33,0254132871234;151771
Extremadura;2023-05-01;57364;54563;12746;13042;13774;32,2177847429351;32,9659774531116;34,8162378039533;39562
Galicia;2023-05-01;82795;82256;25541;25342;22837;34,6459576776994;34,3760173629951;30,9780249593055;73720
Comunidad de Madrid;2023-05-01;231382;231271;59744;66912;52939;33,2659595200312;37,2571619477157;29,4768785322531;179595
Región de Murcia;2023-05-01;59227;51786;14478;17884;13283;31,7186986526454;39,1806331471136;29,1006682002410;45645
Comunidad Foral de Navarra;2023-05-01;21583;21516;3445;6003;6725;21,3009336548569;37,1174179187535;41,5816484263897;16173
País Vasco;2023-05-01;110818;110384;19218;25848;35028;23,9943066896397;32,2720803056409;43,7336130047195;80094
La Rioja;2023-05-01;14526;14224;2631;4195;3555;25,3443791542241;40,4103650900684;34,2452557557075;10381
Ceuta y Melilla;2023-05-01;5098;4931;1222;1348;1085;33,4336525307798;36,8809849521204;29,6853625170999;3655
Andalucía;2023-06-01;433486;384241;85005;141237;89229;26,9454244605685;44,7702007474538;28,2843747919777;315471
Aragón;2023-06-01;52747;48209;12331;14644;13401;30,5404200515158;36,2690707350902;33,1905092133941;40376
Principado de Asturias;2023-06-01;45417;41658;8094;11153;13910;24,4111349036403;33,6369394094761;41,9519256868836;33157
Islas Baleares;2023-06-01;42037;38540;8026;10618;12986;25,3746443250079;33,5693961429023;41,0559595320898;31630
Canarias;2023-06-01;59043;50306;14897;15276;14093;33,6533682736186;34,5095558668052;31,8370758595762;44266
Cantabria;2023-06-01;23546;22849;5912;8014;4814;31,5474919957311;42,7641408751334;25,6883671291355;18740
Castilla y León;2023-06-01;151767;143181;33831;38988;45412;28,6143228087388;32,9761230134229;38,4095541778383;118231
Castilla-La Mancha;2023-06-01;94471;89970;22390;24061;26900;30,5244645608104;32,8025521124456;36,6729833267440;73351
Cataluña;2023-06-01;368289;341061;51354;98561;116583;19,2699382359342;36,9837672327747;43,7462945312910;266498
Comunidad Valenciana;2023-06-01;197799;179873;45267;57713;50781;29,4398449541821;37,5342251936447;33,0259298521732;153761
Extremadura;2023-06-01;57881;54967;12955;13136;13844;32,4402153499437;32,8934518592713;34,6663327907850;39935
Galicia;2023-06-01;83145;82735;26393;25513;22497;35,4730320013978;34,2902839939250;30,2366840046772;74403
Comunidad de Madrid;2023-06-01;233210;232772;59857;67581;53928;33,0034295292392;37,2622211439851;29,7343493267757;181366
Región de Murcia;2023-06-01;60122;51647;14472;17794;13128;31,8808653125964;39,1990130854298;28,9201216019738;45394
Comunidad Foral de Navarra;2023-06-01;21751;21682;3444;6027;6780;21,1925419974155;37,0869484954772;41,7205095071073;16251
País Vasco;2023-06-01;111374;110944;19373;25955;35201;24,0571719504775;32,2306249922388;43,7122030572837;80529
La Rioja;2023-06-01;14552;14388;2641;4251;3620;25,1236681887367;40,4394977168950;34,4368340943683;10512
Ceuta y Melilla;2023-06-01;5123;4946;1226;1367;1080;33,3787095017697;37,2175333514838;29,4037571467465;3673
Andalucía;2023-07-01;431318;386909;85457;142045;90241;26,8950063416031;44,7043679955184;28,4006256628785;317743
Aragón;2023-07-01;52709;47966;12113;14552;13402;30,2318616317668;36,3191653979584;33,4489729702748;40067
Principado de Asturias;2023-07-01;46011;41870;8136;11203;13964;24,4302315106747;33,6396120469627;41,9301564423626;33303
Islas Baleares;2023-07-01;42419;38623;7964;10641;13100;25,1190663933134;33,5625295694685;41,3184040372181;31705
Canarias;2023-07-01;59710;50587;14914;15383;14209;33,5100885273896;34,5638790275468;31,9260324450636;44506
Cantabria;2023-07-01;23599;22877;5836;7988;4894;31,1785447163158;42,6754995191794;26,1459557645048;18718
Castilla y León;2023-07-01;152778;143867;34102;39192;45611;28,6800386863462;32,9607669988646;38,3591943147891;118905
Castilla-La Mancha;2023-07-01;95149;90878;22592;24308;27249;30,4683812323834;32,7826403592766;36,7489784083400;74149
Cataluña;2023-07-01;370884;343780;51501;99395;117725;19,1723655261502;37,0019469810625;43,8256874927872;268621
Comunidad Valenciana;2023-07-01;200158;182428;45750;58389;51866;29,3259831415660;37,4276465497901;33,2463703086440;156005
Extremadura;2023-07-01;57979;55087;13021;13153;13807;32,5679697856482;32,8981266101398;34,5339036042120;39981
Galicia;2023-07-01;83324;82905;26346;25582;22733;35,2874994977297;34,2642075514660;30,4482929508043;74661
Comunidad de Madrid;2023-07-01;234175;234078;60550;67813;53882;33,2245054734012;37,2097999945129;29,5656945320859;182245
Región de Murcia;2023-07-01;60408;51869;14476;17867;13241;31,7567567567568;39,1957704457704;29,0474727974728;45584
Comunidad Foral de Navarra;2023-07-01;21797;21724;3427;6033;6834;21,0322818215294;37,0258991039646;41,9418190745060;16294
País Vasco;2023-07-01;112012;111558;19531;26126;35364;24,1060959504326;32,2459609237111;43,6479431258563;81021
La Rioja;2023-07-01;14594;14505;2636;4277;3688;24,8655787189888;40,3452504480709;34,7891708329403;10601
Ceuta y Melilla;2023-07-01;5135;4965;1226;1369;1085;33,3152173913044;37,2010869565217;29,4836956521739;3680
Andalucía;2023-08-01;428922;388272;85542;142627;90741;26,8232416669280;44,7232761594180;28,4534821736540;318910
Aragón;2023-08-01;52929;48041;11989;14592;13513;29,9022297600639;36,3944729884771;33,7032972514591;40094
Principado de Asturias;2023-08-01;46391;41692;8123;11130;13830;24,5533960039900;33,6426563491824;41,8039476468277;33083
Islas Baleares;2023-08-01;42593;39205;8108;10760;13284;25,2177158497139;33,4660363274446;41,3162478228415;32152
Canarias;2023-08-01;60701;51370;15100;15666;14453;33,3930427475176;34,6447289856034;31,9622282668790;45219
Cantabria;2023-08-01;23726;22976;5828;7993;4961;31,0297092961346;42,5567032264935;26,4135874773720;18782
Castilla y León;2023-08-01;153863;144558;34359;39429;45794;28,7325851716814;32,9723536987172;38,2950611296014;119582
Castilla-La Mancha;2023-08-01;95553;90767;22411;24269;27338;30,2777702720960;32,7879704936637;36,9342592342403;74018
Cataluña;2023-08-01;374101;342548;50771;98923;117748;18,9839292257761;36,9885807016101;44,0274900726139;267442
Comunidad Valenciana;2023-08-01;201091;181536;45541;58232;51494;29,3307657132552;37,5044278565310;33,1648064302138;155267
Extremadura;2023-08-01;58227;55368;13082;13223;13908;32,5317683336235;32,8824012135379;34,5858304528386;40213
Galicia;2023-08-01;83438;83005;26539;25633;22722;35,4354153870804;34,2257056640051;30,3388789489145;74894
Comunidad de Madrid;2023-08-01;234466;234329;60266;68209;54560;32,9259431256317;37,2655503045866;29,8085065697817;183035
Región de Murcia;2023-08-01;60702;51566;14383;17781;13161;31,7330391616106;39,2300055157198;29,0369553226696;45325
Comunidad Foral de Navarra;2023-08-01;21858;21790;3425;6026;6853;21,0071148184495;36,9602551521099;42,0326300294406;16304
País Vasco;2023-08-01;112122;111679;19490;26104;35471;24,0424350829581;32,2013199284525;43,7562449885894;81065
La Rioja;2023-08-01;14580;14516;2636;4268;3702;24,8538563077503;40,2413728078446;34,9047708844051;10606
Ceuta y Melilla;2023-08-01;5162;4948;1212;1359;1090;33,1057088227260;37,1210051898388;29,7732859874351;3661
Andalucía;2023-09-01;426595;389125;85391;142939;91330;26,7130701370206;44,7159481949571;28,5709816680223;319660
Aragón;2023-09-01;53137;48010;11856;14553;13620;29,6185265682380;36,3561417971970;34,0253316345649;40029
Principado de Asturias;2023-09-01;46555;41448;8092;11045;13718;24,6294323542840;33,6174098310759;41,7531578146401;32855
Islas Baleares;2023-09-01;42939;39600;8193;10853;13422;25,2340766292965;33,4267586546754;41,3391647160281;32468
Canarias;2023-09-01;61055;51719;15126;15780;14596;33,2424948353919;34,6797942947563;32,0777108698519;45502
Cantabria;2023-09-01;23714;22952;5745;7954;5028;30,6776312276392;42,4734340791371;26,8489346932237;18727
Castilla y León;2023-09-01;154644;145333;34494;39709;46179;28,6537854496519;32,9858284461132;38,3603861042349;120382
Castilla-La Mancha;2023-09-01;95991;91458;22442;24416;27732;30,0871430486660;32,7336104035394;37,1792465477946;74590
Cataluña;2023-09-01;375746;346080;50742;99997;119566;18,7721277815801;36,9941362534914;44,2337359649285;270305
Comunidad Valenciana;2023-09-01;202495;184587;46201;59173;52575;29,2505808837030;37,4633584258210;33,2860606904760;157949
Extremadura;2023-09-01;58313;55510;13019;13274;14004;32,3076159515597;32,9404174007991;34,7519666476413;40297
Galicia;2023-09-01;83392;82951;26551;25656;22719;35,4362971465179;34,2417852280917;30,3219176253904;74926
Comunidad de Madrid;2023-09-01;237354;237103;61197;69046;55067;33,0241217419459;37,2597269440397;29,7161513140144;185310
Región de Murcia;2023-09-01;61577;52799;14657;18143;13667;31,5428153313104;39,0449135945940;29,4122710740956;46467
Comunidad Foral de Navarra;2023-09-01;21979;21909;3443;6156;6841;20,9428223844282;37,4452554744526;41,6119221411192;16440
País Vasco;2023-09-01;112659;112230;19465;26244;35751;23,8951632703167;32,2170390375644;43,8877976921188;81460
La Rioja;2023-09-01;14579;14524;2595;4289;3718;24,4765138653084;40,4546312016601;35,0688549330315;10602
Ceuta y Melilla;2023-09-01;5170;4966;1217;1372;1088;33,0976339407125;37,3130269241229;29,5893391351645;3677
Andalucía;2023-10-01;425463;391632;85841;143691;92215;26,6796582407917;44,6596238659568;28,6607178932515;321747
Aragón;2023-10-01;53455;48208;11883;14614;13692;29,5677921819403;36,3631839558088;34,0690238622509;40189
Principado de Asturias;2023-10-01;46790;41081;8044;10939;13546;24,7287036183098;33,6284546097329;41,6428417719573;32529
Islas Baleares;2023-10-01;43293;40174;8345;10978;13603;25,3447123853490;33,3414323027395;41,3138553119116;32926
Canarias;2023-10-01;61680;52097;15169;15922;14712;33,1179180403030;34,7619151583957;32,1201668013012;45803
Cantabria;2023-10-01;23695;22933;5670;7930;5081;30,3516942347840;42,4495476687543;27,1987580964616;18681
Castilla y León;2023-10-01;155442;146129;34505;39961;46690;28,4798111525636;32,9830961735283;38,5370926739080;121156
Castilla-La Mancha;2023-10-01;95726;91963;22590;24587;27845;30,1111673908987;32,7730532377169;37,1157793713844;75022
Cataluña;2023-10-01;377760;349697;50842;101087;121420;18,5996656289213;36,9809291418663;44,4194052292125;273349
Comunidad Valenciana;2023-10-01;203398;185448;46264;59360;53070;29,1529610445259;37,4053209321083;33,4417180233657;158694
Extremadura;2023-10-01;58538;55845;13101;13362;14107;32,2923342371210;32,9356667488292;34,7719990140498;40570
Galicia;2023-10-01;83578;83124;26600;25706;22867;35,3850451624918;34,1957883814667;30,4191664560414;75173
Comunidad de Madrid;2023-10-01;238875;238510;61520;69368;55633;32,9828812841450;37,1904504050482;29,8266683108068;186521
Región de Murcia;2023-10-01;62109;52811;14612;18127;13699;31,4656100607261;39,0348421551316;29,4995477841423;46438
Comunidad Foral de Navarra;2023-10-01;22032;21958;3532;6154;6878;21,3233518473799;37,1528616276262;41,5237865249940;16564
País Vasco;2023-10-01;113402;112964;19611;26320;35924;23,9582188015393;32,1544194001588;43,8873617983019;81855
La Rioja;2023-10-01;14651;14589;2600;4303;3765;24,3719535058118;40,3355830521185;35,2924634420697;10668
Ceuta y Melilla;2023-10-01;5184;4986;1219;1360;1112;33,0262801408832;36,8463830940125;30,1273367651043;3691
Andalucía;2023-11-01;422976;394981;86416;144590;93431;26,6356796542934;44,5664335448793;28,7978868008273;324437
Aragón;2023-11-01;53885;48404;11908;14660;13797;29,5008051529791;36,3185928403320;34,1806020066890;40365
Principado de Asturias;2023-11-01;47113;41140;7987;10896;13525;24,6451493458405;33,6213280671439;41,7335225870155;32408
Islas Baleares;2023-11-01;43539;40514;8372;11056;13770;25,2183866497982;33,3032110368094;41,4784023133924;33198
Canarias;2023-11-01;62675;52450;15280;16043;14767;33,1525276632675;34,8079843783901;32,0394879583424;46090
Cantabria;2023-11-01;23808;23023;5662;7940;5141;30,2086112148535;42,3624819932775;27,4289067918690;18743
Castilla y León;2023-11-01;156261;146879;34708;40220;46996;28,4669138151635;32,9877628686723;38,5453233161642;121924
Castilla-La Mancha;2023-11-01;95196;92354;22702;24691;27946;30,1331315785981;32,7731984762208;37,0936699451811;75339
Cataluña;2023-11-01;351972;324785;48116;95247;104690;19,3974674767086;38,3978423965846;42,2046901267068;248053
Comunidad Valenciana;2023-11-01;206145;187392;46628;59791;53972;29,0714566278657;37,2782762125057;33,6502671596287;160391
Extremadura;2023-11-01;58608;56080;13170;13402;14180;32,3174322732627;32,8867294856694;34,7958382410679;40752
Galicia;2023-11-01;83723;83197;26594;25753;22974;35,3075503511637;34,1909958710054;30,5014537778309;75321
Comunidad de Madrid;2023-11-01;237594;237448;61086;69276;55445;32,8760488033282;37,2838482941977;29,8401029024741;185807
Región de Murcia;2023-11-01;62443;53715;14778;18391;14130;31,2437895092920;38,8824288039916;29,8737816867164;47299
Comunidad Foral de Navarra;2023-11-01;22127;22051;3618;6333;6781;21,6232369113077;37,8496294525460;40,5271336361463;16732
País Vasco;2023-11-01;113565;113145;19621;26368;35968;23,9406029991337;32,1729687519065;43,8864282489598;81957
La Rioja;2023-11-01;14582;14522;2611;4272;3711;24,6460260524825;40,3247121011894;35,0292618463281;10594
Ceuta y Melilla;2023-11-01;5197;5003;1218;1353;1127;32,9367225527312;36,5873445105462;30,4759329367226;3698
Andalucía;2023-12-01;420976;392545;85375;143653;93130;26,5009715729549;44,5908529355161;28,9081754915290;322158
Aragón;2023-12-01;54128;48583;11944;14697;13879;29,4768015794669;36,2709772951629;34,2522211253702;40520
Principado de Asturias;2023-12-01;46871;41209;8017;10952;13591;24,6222358722359;33,6363636363636;41,7414004914005;32560
Islas Baleares;2023-12-01;43584;40725;8395;11090;13865;25,1724137931034;33,2533733133433;41,5742128935532;33350
Canarias;2023-12-01;63120;52927;15362;16224;14937;33,0202265546074;34,8730735335211;32,1066999118715;46523
Cantabria;2023-12-01;23876;23077;5624;7921;5204;29,9962664675449;42,2475865379487;27,7561469945064;18749
Castilla y León;2023-12-01;156550;150140;34977;40457;47312;28,4954295863002;32,9599335212553;38,5446368924446;122746
Castilla-La Mancha;2023-12-01;94676;91940;22559;24534;27742;30,1449856350638;32,7841250751654;37,0708892897708;74835
Cataluña;2023-12-01;352939;327571;49481;96688;104021;19,7773691994085;38,6458291698309;41,5768016307606;250190
Comunidad Valenciana;2023-12-01;205653;189030;46861;60220;54710;28,9639102298645;37,2208590094628;33,8152307606727;161791
Extremadura;2023-12-01;58876;56464;13245;13474;14327;32,2686741704429;32,8265848072894;34,9047410222677;41046
Galicia;2023-12-01;83919;83386;26416;25890;23278;34,9491955969517;34,2532811176969;30,7975232853514;75584
Comunidad de Madrid;2023-12-01;237216;237020;61476;69327;55054;33,0770431030308;37,3012584944339;29,6216984025353;185857
Región de Murcia;2023-12-01;62760;54056;14781;18474;14325;31,0655737704918;38,8272383354351;30,1071878940731;47580
Comunidad Foral de Navarra;2023-12-01;22108;22030;3585;6427;6789;21,3380155943099;38,2536753764657;40,4083090292244;16801
País Vasco;2023-12-01;114252;113823;19751;26446;36246;23,9571582790534;32,0779205026503;43,9649212182963;82443
La Rioja;2023-12-01;14631;14615;2601;4306;3739;24,4317114409168;40,4471162878076;35,1211722712756;10646
Ceuta y Melilla;2023-12-01;5237;5044;1229;1350;1149;32,9667381974249;36,2124463519313;30,8208154506438;3728
Andalucía;2024-01-01;417819;388688;83914;142250;92357;26,3448877781999;44,6595357919886;28,9955764298115;318521
Aragón;2024-01-01;54342;48423;11824;14659;13886;29,2898015804206;36,3125170303946;34,3976813891848;40369
Principado de Asturias;2024-01-01;47031;41059;7982;10902;13494;24,6525418494039;33,6710111804312;41,6764469701649;32378
Islas Baleares;2024-01-01;43746;40777;8303;11087;13954;24,9010316698656;33,2503598848369;41,8486084452975;33344
Canarias;2024-01-01;63642;53252;15464;16369;14995;33,0229777056462;34,9555821303494;32,0214401640044;46828
Cantabria;2024-01-01;23735;22940;5540;7862;5203;29,7769416823435;42,2574576726686;27,9656006449879;18605
Castilla y León;2024-01-01;157332;149948;34765;40422;47897;28,2449384160411;32,8409866432680;38,9140749406909;123084
Castilla-La Mancha;2024-01-01;95728;92434;22544;24645;28290;29,8679102796804;32,6514659706673;37,4806237496522;75479
Cataluña;2024-01-01;354657;327118;49066;96500;104100;19,6526559483470;38,6516385891551;41,6957054624979;249666
Comunidad Valenciana;2024-01-01;204614;189273;46887;60353;54865;28,9238456555936;37,2308071928688;33,8453471515376;162105
Extremadura;2024-01-01;58759;56108;13048;13355;14306;32,0518804195632;32,8060134122676;35,1421061681692;40709
Galicia;2024-01-01;83638;83134;26293;25833;23284;34,8667285505901;34,2567298766742;30,8765415727357;75410
Comunidad de Madrid;2024-01-01;242904;242621;61977;70588;56638;32,7568801763186;37,3080765104147;29,9350433132667;189203
Región de Murcia;2024-01-01;63686;54004;14718;18432;14383;30,9637514989586;38,7772705278438;30,2589779731976;47533
Comunidad Foral de Navarra;2024-01-01;22108;22027;3566;6434;6871;21,1368620710094;38,1364471578448;40,7266907711458;16871
País Vasco;2024-01-01;113902;113489;19578;26320;36232;23,8378180932668;32,0467551442835;44,1154267624498;82130
La Rioja;2024-01-01;14653;14641;2604;4312;3777;24,3523800617226;40,3254465538203;35,3221733844571;10693
Ceuta y Melilla;2024-01-01;5305;5050;1225;1354;1157;32,7890792291221;36,2419700214133;30,9689507494647;3736
Andalucía;2024-02-01;414034;385584;82526;141122;91992;26,1456089215562;44,7097959700925;29,1445951083513;315640
Aragón;2024-02-01;54409;48346;11831;14618;13894;29,3260292987631;36,2342909550604;34,4396797461765;40343
Principado de Asturias;2024-02-01;46861;40734;7878;10809;13411;24,5435852701103;33,6749953268116;41,7814194030781;32098
Islas Baleares;2024-02-01;43797;40919;8284;11074;14055;24,7927453386406;33,1427887349235;42,0644659264358;33413
Canarias;2024-02-01;64073;52710;15178;16239;14910;32,7627517430440;35,0529928551385;32,1842554018175;46327
Cantabria;2024-02-01;23718;22898;5440;7822;5273;29,3498786080388;42,2012408956029;28,4488804963582;18535
Castilla y León;2024-02-01;157973;150463;34663;40502;48327;28,0690247141515;32,7972662196741;39,1337090661743;123492
Castilla-La Mancha;2024-02-01;96147;92224;22549;24717;28040;29,9431652192388;32,8220858895706;37,2347488911906;75306
Cataluña;2024-02-01;357537;328658;48739;96810;105218;19,4359704426819;38,6055581476032;41,9584714097150;250767
Comunidad Valenciana;2024-02-01;204692;189689;46618;60653;55102;28,7104383117883;37,3541167558646;33,9354449323471;162373
Extremadura;2024-02-01;58544;56066;12998;13346;14315;31,9683218967510;32,8242209596891;35,2074571435599;40659
Galicia;2024-02-01;83028;82521;25979;25775;23236;34,6432857714362;34,3712494999333;30,9854647286305;74990
Comunidad de Madrid;2024-02-01;245045;244285;62127;71456;57860;32,4519569793620;37,3249478957183;30,2230951249197;191443
Región de Murcia;2024-02-01;64044;53958;14611;18356;14478;30,7956581304669;38,6890083254294;30,5153335441037;47445
Comunidad Foral de Navarra;2024-02-01;22014;21931;3476;6377;7037;20,5802249851983;37,7560686796921;41,6637063351095;16890
País Vasco;2024-02-01;114310;113889;19453;26393;36474;23,6309523809524;32,0614674441205;44,3075801749271;82320
La Rioja;2024-02-01;14771;14755;2586;4354;3821;24,0312238639532;40,4609237059753;35,5078524300716;10761
Ceuta y Melilla;2024-02-01;5355;5140;1245;1379;1189;32,6514555468135;36,1657487542617;31,1827956989247;3813
Andalucía;2024-03-01;416723;383563;81640;140333;91861;26,0137524933564;44,7156777149703;29,2705697916733;313834
Aragón;2024-03-01;54801;48510;11941;14623;13996;29,4403353057199;36,0527613412229;34,5069033530572;40560
Principado de Asturias;2024-03-01;47098;40614;7853;10803;13411;24,4893504225528;33,6888389933577;41,8218105840896;32067
Islas Baleares;2024-03-01;44131;41369;8327;11167;14253;24,6747859068954;33,0903487717427;42,2348653213619;33747
Canarias;2024-03-01;64728;53771;15367;16553;15267;32,5661728866001;35,0795770021404;32,3542501112595;47187
Cantabria;2024-03-01;23904;23074;5401;7853;5414;28,9318620098564;42,0666380972788;29,0014998928648;18668
Castilla y León;2024-03-01;158793;150999;34581;40721;48732;27,8802586387603;32,8305142138446;39,2892271473951;124034
Castilla-La Mancha;2024-03-01;96674;92825;22758;24794;28324;29,9936738889768;32,6769993146713;37,3293267963519;75876
Cataluña;2024-03-01;360948;332274;48628;97551;107532;19,1666896587062;38,4496533457359;42,3836569955579;253711
Comunidad Valenciana;2024-03-01;205341;191238;47253;61186;55389;28,8430549112484;37,3477061308201;33,8092389579315;163828
Extremadura;2024-03-01;58858;56595;13202;13495;14398;32,1255627205256;32,8385448351381;35,0358924443363;41095
Galicia;2024-03-01;83380;82870;26052;25926;23500;34,5160179125043;34,3490818516654;31,1349002358303;75478
Comunidad de Madrid;2024-03-01;247073;246606;62840;71920;58343;32,5422184015784;37,2443721744354;30,2134094239862;193103
Región de Murcia;2024-03-01;64254;54480;14625;18427;14724;30,6116041527127;38,5695746818486;30,8188211654387;47776
Comunidad Foral de Navarra;2024-03-01;21946;21863;3443;6377;7080;20,3727810650888;37,7337278106509;41,8934911242604;16900
País Vasco;2024-03-01;114555;114343;19603;26529;36633;23,6851326043617;32,0534042167583;44,2614631788800;82765
La Rioja;2024-03-01;14489;14476;2522;4291;3662;24,0763723150358;40,9642004773270;34,9594272076372;10475
Ceuta y Melilla;2024-03-01;5373;5165;1265;1382;1192;32,9512893982808;35,9989580619953;31,0497525397239;3839
Andalucía;2024-04-01;413406;380959;80463;139380;91630;25,8330577610258;44,7486620028060;29,4182802361681;311473
Aragón;2024-04-01;55580;48743;12011;14683;14113;29,4336755948734;35,9815717891538;34,5847526159727;40807
Principado de Asturias;2024-04-01;47521;40802;7880;10843;13502;24,4530643910008;33,6477889837083;41,8991466252909;32225
Islas Baleares;2024-04-01;44482;41928;8434;11260;14517;24,6528894215311;32,9133904299787;42,4337201484903;34211
Canarias;2024-04-01;66429;54153;15474;16739;15378;32,5145510705806;35,1726166712193;32,3128322582001;47591
Cantabria;2024-04-01;23979;23068;5415;7918;5323;29,0255145797599;42,4421097770154;28,5323756432247;18656
Castilla y León;2024-04-01;159389;151668;34751;40821;48808;27,9393793214343;32,8195851423058;39,2410355362599;124380
Castilla-La Mancha;2024-04-01;97526;93270;22844;25000;28539;29,9071782988361;32,7297958969928;37,3630258041711;76383
Cataluña;2024-04-01;363527;333820;49147;97973;107737;19,2841475808002;38,4423421762008;42,2735102429990;254857
Comunidad Valenciana;2024-04-01;206158;192584;47538;61707;55768;28,8086393193264;37,3952355268979;33,7961251537758;165013
Extremadura;2024-04-01;59007;56445;13118;13472;14342;32,0482751881169;32,9131242060002;35,0386006058829;40932
Galicia;2024-04-01;83666;83144;26068;26077;23713;34,3642068074560;34,3760710801761;31,2597221123678;75858
Comunidad de Madrid;2024-04-01;249077;248586;63399;72442;58894;32,5565512106196;37,2002978406553;30,2431509487252;194735
Región de Murcia;2024-04-01;64774;55143;14684;18559;15100;30,3746147322260;38,3902529838860;31,2351322838880;48343
Comunidad Foral de Navarra;2024-04-01;21879;21795;3426;6381;7091;20,2745887087229;37,7618653095041;41,9635459817730;16898
País Vasco;2024-04-01;114752;114559;19692;26562;36714;23,7344518368528;32,0147526757304;44,2507954874168;82968
La Rioja;2024-04-01;14621;14609;2531;4336;3712;23,9247565932508;40,9868607618868;35,0883826448625;10579
Ceuta y Melilla;2024-04-01;5405;5185;1250;1389;1207;32,5013000520021;36,1154446177847;31,3832553302132;3846
Andalucía;2024-05-01;409871;378522;79578;138495;91296;25,7226806822920;44,7669288131649;29,5103905045431;309369
Aragón;2024-05-01;56234;49012;11991;14755;14306;29,2092955276235;35,9422196238917;34,8484848484849;41052
Principado de Asturias;2024-05-01;47942;40830;7862;10840;13518;24,4009931719429;33,6436995654873;41,9553072625698;32220
Islas Baleares;2024-05-01;44957;42312;8509;11303;14695;24,6587648882835;32,7556727620483;42,5855623496682;34507
Canarias;2024-05-01;67784;54756;15680;16934;15544;32,5594916732422;35,1634204078242;32,2770879189335;48158
Cantabria;2024-05-01;23669;22789;5342;7840;5112;29,2008308735104;42,8555810648300;27,9435880616596;18294
Castilla y León;2024-05-01;159928;152468;34823;40950;48972;27,9153473085094;32,8269670127059;39,2576856787847;124745
Castilla-La Mancha;2024-05-01;97887;93791;22938;25222;28681;29,8512512851212;32,8236228055335;37,3251259093453;76841
Cataluña;2024-05-01;365710;335382;49021;98205;108835;19,1442664052706;38,3521895173416;42,5035440773878;256061
Comunidad Valenciana;2024-05-01;207616;194038;47893;62241;56297;28,7764899567989;37,3974800367720;33,8260300064291;166431
Extremadura;2024-05-01;58687;56113;13136;13406;13988;32,4105600789539;33,0767332839872;34,5127066370590;40530
Galicia;2024-05-01;83637;83153;25972;26123;23853;34,1970822141465;34,3959024595776;31,4070153262759;75948
Comunidad de Madrid;2024-05-01;249829;249317;63350;72779;59460;32,3893470491694;37,2101703061011;30,4004826447295;195589
Región de Murcia;2024-05-01;65560;55940;14803;18761;15400;30,2324156523160;38,3159055632710;31,4516787844130;48964
Comunidad Foral de Navarra;2024-05-01;21596;21512;3375;6331;6973;20,2350260807003;37,9579111457521;41,8070627735476;16679
País Vasco;2024-05-01;115512;115341;19649;26665;37124;23,5492221769458;31,9578609266761;44,4929168963781;83438
La Rioja;2024-05-01;14777;14758;2523;4373;3786;23,6191724396180;40,9380265867815;35,4428009736004;10682
Ceuta y Melilla;2024-05-01;5438;5230;1262;1402;1220;32,4922760041195;36,0968074150360;31,4109165808445;3884
Andalucía;2024-06-01;407182;376734;78852;137863;91112;25,6156867331326;44,7858699854139;29,5984432814535;307827
Aragón;2024-06-01;56858;49959;12278;15064;14612;29,2653858988416;35,9059922772560;34,8286218239024;41954
Principado de Asturias;2024-06-01;48519;40816;7902;10862;13532;24,4674263066634;33,6326480059450;41,8999256873916;32296
Islas Baleares;2024-06-01;45142;42594;8527;11327;14852;24,5692387483432;32,6370080101423;42,7937532415144;34706
Canarias;2024-06-01;69464;55189;15898;17134;15635;32,6668995417840;35,2066081739166;32,1264922842994;48667
Cantabria;2024-06-01;23700;22833;5340;7881;5143;29,0786321062949;42,9154868220431;28,0058810716619;18364
Castilla y León;2024-06-01;159961;153002;34931;40996;48948;27,9727727727728;32,8296296296296;39,1975975975976;124875
Castilla-La Mancha;2024-06-01;98240;94727;23183;25471;29002;29,8534562686721;32,7997836612754;37,3467600700525;77656
Cataluña;2024-06-01;368778;338778;49490;98952;110443;19,1165961720455;38,2223767309809;42,6610270969736;258885
Comunidad Valenciana;2024-06-01;209122;195278;47970;62679;56881;28,6336775502895;37,4135975646153;33,9527248850952;167530
Extremadura;2024-06-01;58675;56394;13208;13449;14075;32,4265933418443;33,0182657370127;34,5551409211431;40732
Galicia;2024-06-01;84146;83897;26096;26427;24250;33,9911166686205;34,4222578250166;31,5866255063629;76773
Comunidad de Madrid;2024-06-01;252067;251691;63927;73342;60196;32,3738384017421;37,1417719595878;30,4843896386701;197465
Región de Murcia;2024-06-01;65939;56723;14927;18920;15756;30,0929379271415;38,1428542628470;31,7642078100115;49603
Comunidad Foral de Navarra;2024-06-01;21613;21529;3342;6307;6983;20,0937950937951;37,9208754208754;41,9853294853295;16632
País Vasco;2024-06-01;116241;116085;19866;26875;37284;23,6429634037489;31,9845284141625;44,3725081820887;84025
La Rioja;2024-06-01;14873;14845;2524;4386;3823;23,5162582688903;40,8646231249418;35,6191186061679;10733
Ceuta y Melilla;2024-06-01;5474;5270;1270;1413;1237;32,3979591836735;36,0459183673469;31,5561224489796;3920
Andalucía;2024-07-01;411417;374894;77975;137277;90980;25,4627210742182;44,8277776326445;29,7095012931372;306232
Aragón;2024-07-01;57063;50437;12482;15196;14772;29,4040047114252;35,7974087161366;34,7985865724382;42450
Principado de Asturias;2024-07-01;49263;41301;7884;10825;13504;24,4745910036321;33,6044454102381;41,9209635861298;32213
Islas Baleares;2024-07-01;45432;43076;8601;11394;15048;24,5441314955911;32,5143395257255;42,9415289786833;35043
Canarias;2024-07-01;71366;55884;16108;17378;15828;32,6641521677414;35,2394857444134;32,0963620878452;49314
Cantabria;2024-07-01;24038;23141;5509;7992;5097;29,6214646736208;42,9723626196365;27,4061727067427;18598
Castilla y León;2024-07-01;159998;153594;34890;41092;49152;27,8821103776751;32,8383972381607;39,2794923841642;125134
Castilla-La Mancha;2024-07-01;98427;95703;23365;25747;29413;29,7548551416746;32,7882839859917;37,4568608723336;78525
Cataluña;2024-07-01;371456;341024;49554;99569;111395;19,0213344183511;38,2196239799169;42,7590416017319;260518
Comunidad Valenciana;2024-07-01;213107;195460;47841;62785;57069;28,5285786696085;37,4399952294344;34,0314261009571;167695
Extremadura;2024-07-01;58552;56412;13161;13458;14098;32,3231082840091;33,0525333398826;34,6243583761083;40717
Galicia;2024-07-01;84329;84084;25971;26518;24500;33,7333904843549;34,4438815934744;31,8227279221707;76989
Comunidad de Madrid;2024-07-01;253141;252333;63927;73550;60609;32,2723463546137;37,1303373282312;30,5973163171552;198086
Región de Murcia;2024-07-01;65981;57229;14958;19040;15928;29,9603413051316;38,1364419340624;31,9032167608060;49926
Comunidad Foral de Navarra;2024-07-01;21790;21713;3325;6384;7125;19,7516930022573;37,9232505643341;42,3250564334086;16834
País Vasco;2024-07-01;116122;115847;19729;26793;37301;23,5364995287690;31,9637808238789;44,4997196473522;83823
La Rioja;2024-07-01;14871;14817;2521;4385;3790;23,5695587135378;40,9966342557966;35,4338070306657;10696
Ceuta y Melilla;2024-07-01;5498;5290;1261;1423;1246;32,0865139949109;36,2086513994911;31,7048346055980;3930
Andalucía;2024-08-01;415660;386023;78725;139163;95554;25,1162894570606;44,3983256870490;30,4853848558904;313442
Aragón;2024-08-01;56996;50813;12522;15348;14927;29,2590602145010;35,8623267986074;34,8786129868916;42797
Principado de Asturias;2024-08-01;49643;41120;7802;10758;13470;24,3584139868873;33,5872619419294;42,0543240711833;32030
Islas Baleares;2024-08-01;45609;43210;8589;11380;15145;24,4603292134192;32,4087258643276;43,1309449222532;35114
Canarias;2024-08-01;72563;56213;16142;17503;15960;32,5410744884588;35,2847495212176;32,1741759903236;49605
Cantabria;2024-08-01;24208;23300;5477;8008;5219;29,2825064157399;42,8143712574850;27,9031223267750;18704
Castilla y León;2024-08-01;160193;154017;34891;41149;49254;27,8473031430076;32,8419557201462;39,3107411368461;125294
Castilla-La Mancha;2024-08-01;98324;95643;23204;25770;29482;29,5758131946569;32,8464362190272;37,5777505863159;78456
Cataluña;2024-08-01;374354;342169;49335;99667;112229;18,8855840233357;38,1528225976243;42,9615933790400;261231
Comunidad Valenciana;2024-08-01;213093;196336;47816;63056;57551;28,3904217357487;37,4390671107865;34,1705111534648;168423
Extremadura;2024-08-01;58261;56463;13163;13509;14099;32,2852027176179;33,1338451350224;34,5809521473596;40771
Galicia;2024-08-01;84471;84246;25863;26620;24744;33,4895826589146;34,4698097815531;32,0406075595323;77227
Comunidad de Madrid;2024-08-01;252940;252326;63827;73757;60825;32,1694076377584;37,1742209274781;30,6563714347635;198409
Región de Murcia;2024-08-01;65755;56975;14824;18976;15859;29,8515878289937;38,2126100002014;31,9358021708049;49659
Comunidad Foral de Navarra;2024-08-01;21678;21604;3311;6374;7110;19,7142006549568;37,9517713605240;42,3340279845192;16795
País Vasco;2024-08-01;116059;115872;19659;26806;37409;23,4387295228557;31,9598445286978;44,6014259484465;83874
La Rioja;2024-08-01;14876;14846;2510;4421;3758;23,4820843858172;41,3602769201983;35,1576386939845;10689
Ceuta y Melilla;2024-08-01;5523;5298;1253;1430;1254;31,8262636525273;36,3220726441453;31,8516637033274;3937
Andalucía;2024-09-01;412788;383373;77811;138126;95154;25,0122954376694;44,4005130331639;30,5871915291667;311091
Aragón;2024-09-01;57082;51740;12828;15725;15259;29,2796494111202;35,8919930612618;34,8283575276180;43812
Principado de Asturias;2024-09-01;50027;41245;7787;10782;13602;24,2050293742812;33,5146560566970;42,2803145690218;32171
Islas Baleares;2024-09-01;45845;43453;8581;11429;15257;24,3315280573908;32,4070660957836;43,2614058468256;35267
Canarias;2024-09-01;73643;56541;16201;17639;16063;32,4649820652065;35,3465723503597;32,1884455844338;49903
Cantabria;2024-09-01;24265;23356;5443;8004;5274;29,0743015864537;42,7541263821377;28,1715720314086;18721
Castilla y León;2024-09-01;160316;154327;34934;41200;49166;27,8802873104549;32,8810853950519;39,2386272944932;125300
Castilla-La Mancha;2024-09-01;98535;95924;23209;25865;29659;29,4781095601590;32,8515362046410;37,6703542352000;78733
Cataluña;2024-09-01;375869;342826;49011;99687;112876;18,7369539786064;38,1104391109208;43,1526069104728;261574
Comunidad Valenciana;2024-09-01;213180;196819;47541;63270;57950;28,1706081381362;37,4908894827596;34,3385023791042;168761
Extremadura;2024-09-01;58482;56581;13074;13537;14210;32,0276328360403;33,1618529678352;34,8105141961245;40821
Galicia;2024-09-01;84538;84355;25880;26652;24877;33,4328049709982;34,4301050265473;32,1370900024545;77409
Comunidad de Madrid;2024-09-01;253523;253264;63923;74047;60993;32,1280841161422;37,2164673833828;30,6554485004750;198963
Región de Murcia;2024-09-01;66558;57634;14912;19117;16202;29,6868467679322;38,0581712488304;32,2549819832374;50231
Comunidad Foral de Navarra;2024-09-01;21482;21406;3287;6354;7033;19,7133261364999;38,1072328175603;42,1794410459398;16674
País Vasco;2024-09-01;116519;116315;19692;26905;37639;23,3771784035329;31,9400256422432;44,6827959542238;84236
La Rioja;2024-09-01;14863;14836;2479;4400;3756;23,3098260460743;41,3728255759285;35,3173483779972;10635
Ceuta y Melilla;2024-09-01;5557;5312;1246;1433;1260;31,6323940086316;36,3797918253364;31,9878141660320;3939
Andalucía;2024-10-01;412895;381205;77126;137346;94840;24,9346937719843;44,4037088764742;30,6615973515415;309312
Aragón;2024-10-01;57535;52268;13021;15885;15434;29,3662607126748;35,8254397834912;34,8082995038340;44340
Principado de Asturias;2024-10-01;50749;41922;7903;10949;13937;24,1025953825978;33,3922961968953;42,5051084205069;32789
Islas Baleares;2024-10-01;46046;43774;8588;11458;15423;24,2126927739716;32,3042656968057;43,4830415292227;35469
Canarias;2024-10-01;74817;57782;16751;18049;16347;32,7506989657262;35,2884822179209;31,9608188163529;51147
Cantabria;2024-10-01;24593;23650;5459;8031;5437;28,8423944629365;42,4314471390078;28,7261583980557;18927
Castilla y León;2024-10-01;160404;155075;35137;41344;49134;27,9719778688851;32,9132667276997;39,1147554034152;125615
Castilla-La Mancha;2024-10-01;99393;96594;23508;26088;29779;29,6163779527559;32,8667716535433;37,5168503937008;79375
Cataluña;2024-10-01;378335;346284;49352;100637;114414;18,6654463073414;38,0619735782120;43,2725801144465;264403
Comunidad Valenciana;2024-10-01;215210;198444;47986;63767;58465;28,1909081295750;37,4619605447132;34,3471313257117;170218
Extremadura;2024-10-01;59181;56901;13320;13666;14193;32,3465844240997;33,1868185240050;34,4665970518954;41179
Galicia;2024-10-01;84886;84833;26032;26764;25188;33,3812064013131;34,3198604842019;32,2989331144850;77984
Comunidad de Madrid;2024-10-01;256574;256185;64668;74994;61740;32,1089164953675;37,2359758095749;30,6551076950576;201402
Región de Murcia;2024-10-01;66926;58347;15019;19227;16433;29,6355492413031;37,9387912152963;32,4256595434006;50679
Comunidad Foral de Navarra;2024-10-01;21325;21250;3289;6320;6963;19,8467294231233;38,1366159787594;42,0166545981173;16572
País Vasco;2024-10-01;117049;116890;19768;26994;37929;23,3413231630279;31,8735166664699;44,7851601705022;84691
La Rioja;2024-10-01;14815;14787;2469;4387;3707;23,3740414654928;41,5317618100918;35,0941967244154;10563
Ceuta y Melilla;2024-10-01;5588;5333;1245;1458;1252;31,4791403286979;36,8647281921618;31,6561314791403;3955
Andalucía;2024-11-01;421232;385264;76848;137546;96221;24,7405952706727;44,2818279864141;30,9775767429133;310615
Aragón;2024-11-01;57826;52839;13231;16016;15692;29,4421326687287;35,6394223280447;34,9184450032266;44939
Principado de Asturias;2024-11-01;51212;42501;7943;11098;14320;23,8092383321843;33,2663888972153;42,9243727706004;33361
Islas Baleares;2024-11-01;46224;43954;8607;11447;15499;24,2089275166653;32,1970016594943;43,5940708238405;35553
Canarias;2024-11-01;75587;58487;17145;18280;16402;33,0812124954174;35,2711906921103;31,6475968124723;51827
Cantabria;2024-11-01;23597;23385;5392;7940;5269;28,9876888339337;42,6858771033815;28,3264340626848;18601
Castilla y León;2024-11-01;160569;155773;35112;41418;49388;27,8848139265236;32,8928350196159;39,2223510538605;125918
Castilla-La Mancha;2024-11-01;99090;96855;23726;26233;29715;29,7788488088963;32,9254210909456;37,2957301001581;79674
Cataluña;2024-11-01;380731;349423;49592;101250;115971;18,5868004932293;37,9479260755660;43,4652734312046;266813
Comunidad Valenciana;2024-11-01;216542;200058;48217;64272;59060;28,1068382794420;37,4656803595474;34,4274813610106;171549
Extremadura;2024-11-01;59493;56967;13333;13707;14168;32,3553678897301;33,2629586488061;34,3816734614638;41208
Galicia;2024-11-01;85172;85120;25967;26890;25483;33,1465407199387;34,3247383201430;32,5287209599183;78340
Comunidad de Madrid;2024-11-01;257624;257527;64764;75546;62384;31,9516117891995;37,2709601665565;30,7774280442440;202694
Región de Murcia;2024-11-01;67041;59207;15073;19398;16940;29,3186283091167;37,7312248351520;32,9501468557313;51411
Comunidad Foral de Navarra;2024-11-01;21196;21123;3287;6331;6900;19,8995035718610;38,3278847318077;41,7726116963313;16518
País Vasco;2024-11-01;117632;117475;19949;27074;38104;23,4343980170804;31,8042454215466;44,7613565613730;85127
La Rioja;2024-11-01;14780;14750;2491;4396;3652;23,6360185975899;41,7117373564854;34,6522440459247;10539
Ceuta y Melilla;2024-11-01;5608;5377;1250;1475;1259;31,3755020080321;37,0230923694779;31,6014056224900;3984
Andalucía;2024-12-01;423377;391278;76789;138248;98818;24,4663937168438;44,0483662837935;31,4852399993628;313855
Aragón;2024-12-01;57909;53246;13356;16179;15815;29,4509371554576;35,6758544652701;34,8732083792723;45350
Principado de Asturias;2024-12-01;51282;42684;7915;11181;14476;23,5761944477541;33,3045394972000;43,1192660550459;33572
Islas Baleares;2024-12-01;46233;44039;8577;11482;15540;24,0933734093654;32,2537149919942;43,6529115986404;35599
Canarias;2024-12-01;75761;59260;17324;18556;16623;32,9962097403958;35,3427423194865;31,6610479401177;52503
Cantabria;2024-12-01;23556;23374;5336;7925;5290;28,7639480351464;42,7200689989758;28,5159829658778;18551
Castilla y León;2024-12-01;160725;156506;35163;41339;49843;27,8309390953342;32,7191420317385;39,4499188729273;126345
Castilla-La Mancha;2024-12-01;98880;97222;23889;26396;29760;29,8444624898495;32,9764507464551;37,1790867636954;80045
Cataluña;2024-12-01;382242;352224;49806;101997;117285;18,5091865858009;37,9047003210846;43,5861130931145;269088
Comunidad Valenciana;2024-12-01;218328;201299;48307;64643;59604;27,9952942267348;37,4624755149113;34,5422302583539;172554
Extremadura;2024-12-01;59450;56727;13200;13612;14179;32,2021907247932;33,2072894049913;34,5905198702154;40991
Galicia;2024-12-01;85251;85199;25794;26936;25722;32,8787029011370;34,3343700606740;32,7869270381890;78452
Comunidad de Madrid;2024-12-01;256424;256322;64576;75323;61911;31,9984143501313;37,3237203310044;30,6778653188643;201810
Región de Murcia;2024-12-01;66811;59427;15096;19409;17112;29,2461785845748;37,6019528449929;33,1518685704322;51617
Comunidad Foral de Navarra;2024-12-01;21514;21443;3531;6723;6679;20,8527726923758;39,7035374712101;39,4436898364141;16933
País Vasco;2024-12-01;117575;117423;19873;27063;38146;23,3574669142709;31,8081380315460;44,8343950541830;85082
La Rioja;2024-12-01;14722;14692;2456;4375;3575;23,6017682106477;42,0430520853354;34,3551797040169;10406
Ceuta y Melilla;2024-12-01;5608;5404;1256;1483;1265;31,3686313686314;37,0379620379620;31,5934065934066;4004
Andalucía;2025-01-01;424865;392432;76160;138046;100066;24,2337847469708;43,9256440281030;31,8405712249262;314272
Aragón;2025-01-01;57851;53437;13380;16240;15946;29,3639994732915;35,6406092261774;34,9953913005311;45566
Principado de Asturias;2025-01-01;51635;43162;7975;11323;14726;23,4393369386316;33,2794498001411;43,2812132612274;34024
Islas Baleares;2025-01-01;46118;43922;8447;11428;15565;23,8346501128668;32,2460496613995;43,9193002257336;35440
Canarias;2025-01-01;75170;59230;17662;18938;16811;33,0680945872573;35,4571155754433;31,4747898372994;53411
Cantabria;2025-01-01;23612;23418;5281;7908;5347;28,4905049633146;42,6629261976694;28,8465688390160;18536
Castilla y León;2025-01-01;160337;156720;34883;41479;49894;27,6287859586871;32,8530921302750;39,5181219110379;126256
Castilla-La Mancha;2025-01-01;100119;96965;23866;26318;29706;29,8735761672299;32,9427963449743;37,1836274877957;79890
Cataluña;2025-01-01;385490;352792;49486;101812;118088;18,3699227131328;37,7940947191020;43,8359825677652;269386
Comunidad Valenciana;2025-01-01;219001;201840;47978;64779;60191;27,7412863982237;37,4557670513680;34,8029465504082;172948
Extremadura;2025-01-01;59500;56996;13264;13658;14302;32,1754317873084;33,1311857170580;34,6933824956336;41224
Galicia;2025-01-01;85714;85665;26127;26942;25900;33,0851346730996;34,1171852245818;32,7976801023186;78969
Comunidad de Madrid;2025-01-01;261049;260965;65167;76627;63930;31,6769069238397;37,2474772024654;31,0756158736949;205724
Región de Murcia;2025-01-01;66933;59850;15088;19487;17389;29,0354861057655;37,5009622046032;33,4635516896313;51964
Comunidad Foral de Navarra;2025-01-01;21298;21230;3478;6686;6611;20,7332339791356;39,8569299552906;39,4098360655738;16775
País Vasco;2025-01-01;117857;117706;19846;27140;38238;23,2868675490472;31,8454895334648;44,8676429174880;85224
La Rioja;2025-01-01;14780;14749;2448;4404;3604;23,4123947972456;42,1193573068095;34,4682478959449;10456
Ceuta y Melilla;2025-01-01;5678;5416;1236;1493;1279;30,8383233532934;37,2504990019960;31,9111776447106;4008
Andalucía;2025-02-01;423413;392607;75562;137882;101353;24,0034053691744;43,8002903458419;32,1963042849837;314797
Aragón;2025-02-01;57888;53485;13398;16230;16020;29,3506834910620;35,5546792849632;35,0946372239748;45648
Principado de Asturias;2025-02-01;51675;43328;8034;11395;14874;23,4206920677492;33,2186689210856;43,3606390111652;34303
Islas Baleares;2025-02-01;46508;44238;8505;11446;15680;23,8696640565799;32,1237124975443;44,0066234458758;35631
Canarias;2025-02-01;76187;63901;19228;20133;17346;33,9076304512670;35,5035533532015;30,5888161955314;56707
Cantabria;2025-02-01;23198;22822;5157;7745;5155;28,5595613889350;42,8919532591239;28,5484853519411;18057
Castilla y León;2025-02-01;160402;157228;34743;41519;49989;27,5189899485945;32,8860761498919;39,5949339015136;126251
Castilla-La Mancha;2025-02-01;100632;97418;23806;26381;30104;29,6496494003064;32,8567336314157;37,4936169682779;80291
Cataluña;2025-02-01;386600;354986;49438;102227;119212;18,2510881322519;37,7392691147643;44,0096427529838;270877
Comunidad Valenciana;2025-02-01;219504;204737;48185;65612;61557;27,4787002292505;37,4168824207033;35,1044173500462;175354
Extremadura;2025-02-01;59616;57282;13310;13704;14433;32,1133013245832;33,0639129490675;34,8227857263493;41447
Galicia;2025-02-01;85269;85220;25942;26823;25846;33,0004706720434;34,1211789698643;32,8783503580924;78611
Comunidad de Madrid;2025-02-01;262487;262142;65365;77004;64265;31,6332258969966;37,2658904149366;31,1008836880668;206634
Región de Murcia;2025-02-01;67463;59971;14995;19465;17519;28,8481886915870;37,4478154639374;33,7039958444757;51979
Comunidad Foral de Navarra;2025-02-01;20949;20881;3367;6550;6562;20,4320650524910;39,7475574974210;39,8203774500880;16479
País Vasco;2025-02-01;117866;117718;19685;27099;38368;23,1174840285607;31,8242671927847;45,0582487786546;85152
La Rioja;2025-02-01;14827;14794;2430;4411;3644;23,1759656652361;42,0696232713400;34,7544110634239;10485
Ceuta y Melilla;2025-02-01;5676;5454;1242;1493;1291;30,8494783904620;37,0839542970690;32,0665673124690;4026
Andalucía;2025-03-01;424082;394924;75089;137707;102208;23,8374750796815;43,7159528132976;32,4465721070209;315004
Aragón;2025-03-01;58385;53675;13390;16365;16079;29,2141205218833;35,7049352009425;35,0809442771741;45834
Principado de Asturias;2025-03-01;51790;43925;8184;11496;15175;23,4801319753264;32,9823554726725;43,5375125520011;34855
Islas Baleares;2025-03-01;46932;44108;8446;11441;15593;23,8049605411499;32,2463359639233;43,9487034949267;35480
Canarias;2025-03-01;76190;65199;19647;20553;17729;33,9156553712303;35,4796388682698;30,6047057604999;57929
Cantabria;2025-03-01;23289;22977;5287;7906;5126;28,8607456738905;43,1573775861128;27,9818767399967;18319
Castilla y León;2025-03-01;160539;157559;34940;41670;49998;27,5969922911664;32,9126121572097;39,4903955516239;126608
Castilla-La Mancha;2025-03-01;101607;98062;23913;26502;30451;29,5711423836965;32,7727351420869;37,6561224742166;80866
Cataluña;2025-03-01;392480;357984;49579;102907;120687;18,1493046530953;37,6709996961632;44,1796956507415;273173
Comunidad Valenciana;2025-03-01;220547;205673;47889;65888;62283;27,2003862319664;37,4236055890037;35,3760081790299;176060
Extremadura;2025-03-01;60140;57458;13340;13785;14497;32,0503579837586;33,1195041084042;34,8301379078372;41622
Galicia;2025-03-01;85856;85801;25826;27106;26324;32,5855455738367;34,2005652568891;33,2138891692743;79256
Comunidad de Madrid;2025-03-01;265363;265236;66085;78167;64966;31,5866703629707;37,3615080920380;31,0518215449913;209218
Región de Murcia;2025-03-01;68449;60474;15130;19495;17635;28,9513968618446;37,3038652889399;33,7447378492155;52260
Comunidad Foral de Navarra;2025-03-01;20777;20708;3380;6493;6486;20,6614096216150;39,6906901399841;39,6479002384009;16359
País Vasco;2025-03-01;118146;117998;19653;27161;38512;23,0328387595809;31,8320324402878;45,1351288001313;85326
La Rioja;2025-03-01;14811;14805;2414;4407;3660;23,0321534204751;42,0475145501383;34,9203320293865;10481
Ceuta y Melilla;2025-03-01;5712;5510;1244;1507;1317;30,5801376597837;37,0452310717797;32,3746312684366;4068
Andalucía;2025-04-01;424084;395348;74722;137675;103398;23,6615525894963;43,5963203977264;32,7421270127773;315795
Aragón;2025-04-01;58693;54119;13498;16536;16218;29,1836028712272;35,7519674824872;35,0644296462856;46252
Principado de Asturias;2025-04-01;52063;44260;8236;11561;15452;23,3652018496979;32,7980935629380;43,8367045873642;35249
Islas Baleares;2025-04-01;47287;43685;8257;11336;15495;23,5322617419061;32,3073415412677;44,1603967168263;35088
Canarias;2025-04-01;76325;66835;20110;21025;18204;33,8900217394968;35,4320093024823;30,6779689580209;59339
Cantabria;2025-04-01;23380;22962;5259;7902;5152;28,7173046469721;43,1496750941954;28,1330202588325;18313
Castilla y León;2025-04-01;161076;158180;34904;41796;50173;27,5109755424716;32,9431793998723;39,5458450576561;126873
Castilla-La Mancha;2025-04-01;102256;98828;24081;26683;30788;29,5283990582696;32,7190013733569;37,7525995683736;81552
Cataluña;2025-04-01;395271;359181;49558;103019;121500;18,0817799377547;37,5876122403558;44,3306078218895;274077
Comunidad Valenciana;2025-04-01;226297;205448;47519;65840;62424;27,0327619849473;37,4552715564076;35,5119664586450;175783
Extremadura;2025-04-01;60562;57381;13215;13809;14522;31,8081163048188;33,2378568333895;34,9540268617917;41546
Galicia;2025-04-01;87481;87419;26213;27693;27022;32,3905199683669;34,2193060498221;33,3901739818110;80928
Comunidad de Madrid;2025-04-01;266456;266190;65999;78688;65713;31,3683460076046;37,3992395437262;31,2324144486692;210400
Región de Murcia;2025-04-01;69263;60819;15204;19513;17750;28,9782148779233;37,1909962452589;33,8307888768178;52467
Comunidad Foral de Navarra;2025-04-01;20737;20667;3364;6461;6554;20,5384944135784;39,4468526772086;40,0146529092130;16379
País Vasco;2025-04-01;118843;118693;19778;27258;38981;22,9931292651453;31,6890847158120;45,3177860190427;86017
La Rioja;2025-04-01;14818;14810;2404;4400;3653;22,9893851008894;42,0770775557043;34,9335373434063;10457
Ceuta y Melilla;2025-04-01;5735;5562;1259;1520;1334;30,6102601507416;36,9559931923170;32,4337466569414;4113
Andalucía;2025-05-01;425258;396650;74793;138097;104508;23,5644206957826;43,5090958355125;32,9264834687049;317398
Aragón;2025-05-01;59191;54496;13623;16663;16351;29,2107125243905;35,7291420974763;35,0601453781332;46637
Principado de Asturias;2025-05-01;52296;44374;8219;11574;15525;23,2714196726881;32,7708250750326;43,9577552522793;35318
Islas Baleares;2025-05-01;47828;43305;8100;11234;15410;23,3133778494128;32,3336403407783;44,3529818098089;34744
Canarias;2025-05-01;76588;68265;20680;21499;18493;34,0849156118143;35,4347969409283;30,4802874472574;60672
Cantabria;2025-05-01;23494;23067;5242;7954;5232;28,4458432819622;43,1625786846104;28,3915780334274;18428
Castilla y León;2025-05-01;161324;158443;35131;41854;50140;27,6350049164208;32,9235004916421;39,4414945919371;127125
Castilla-La Mancha;2025-05-01;102491;99233;24272;26812;30941;29,5909783602560;32,6875952453520;37,7214263943920;82025
Cataluña;2025-05-01;398610;362024;49793;103727;122858;18,0162675755668;37,5308454363227;44,4528869881105;276378
Comunidad Valenciana;2025-05-01;227362;203821;46728;65337;62196;26,8149499888099;37,4937593609586;35,6912906502316;174261
Extremadura;2025-05-01;60774;57318;13152;13768;14605;31,6724864539434;33,1559301625527;35,1715833835039;41525
Galicia;2025-05-01;89575;89509;26661;28265;27953;32,1685831151438;34,1039346517212;33,7274822331350;82879
Comunidad de Madrid;2025-05-01;267532;267257;66215;79017;65890;31,3633823097545;37,4271748088783;31,2094428813672;211122
Región de Murcia;2025-05-01;70173;61147;15309;19430;17811;29,1322549952426;36,9743101807802;33,8934348239772;52550
Comunidad Foral de Navarra;2025-05-01;23582;23481;3352;6639;7641;19,0108892921960;37,6531306715064;43,3359800362976;17632
País Vasco;2025-05-01;119085;118937;19795;27254;39130;22,9696329732301;31,6248738091646;45,4054932176052;86179
La Rioja;2025-05-01;14780;14769;2380;4426;3614;22,8406909788868;42,4760076775432;34,6833013435701;10420
Ceuta y Melilla;2025-05-01;5774;5577;1250;1533;1342;30,3030303030303;37,1636363636364;32,5333333333333;4125
Andalucía;2025-06-01;426018;396914;74441;138012;105499;23,4126534822866;43,4065519323672;33,1807945853462;317952
Aragón;2025-06-01;59558;54968;13782;16851;16505;29,2375578089864;35,7482286053715;35,0142135856422;47138
Principado de Asturias;2025-06-01;52409;44483;8298;11652;15505;23,4043153292907;32,8641940487942;43,7314906219151;35455
Islas Baleares;2025-06-01;48429;45195;8570;11649;16069;23,6166225749559;32,1015211640212;44,2818562610229;36288
Canarias;2025-06-01;76437;69446;20932;21852;18931;33,9172000324070;35,4079235194037;30,6748764481893;61715
Cantabria;2025-06-01;23596;23158;5234;7986;5291;28,2750796823510;43,1419156177408;28,5830046999082;18511
Castilla y León;2025-06-01;161329;158311;35085;41886;50223;27,5838482947309;32,9307986225765;39,4853530826926;127194
Castilla-La Mancha;2025-06-01;103096;99491;24360;26927;31057;29,5832118915768;32,7006217817935;37,7161663266297;82344
Cataluña;2025-06-01;402234;364843;50004;104527;124073;17,9480553043029;37,5181260857705;44,5338186099266;278604
Comunidad Valenciana;2025-06-01;228620;202376;46057;64904;61933;26,6388654319988;37,5397642486148;35,8213703193864;172894
Extremadura;2025-06-01;60597;57462;13180;13787;14677;31,6492171741427;33,1068101046970;35,2439727211603;41644
Galicia;2025-06-01;91845;91766;27145;28987;29105;31,8464985862947;34,0075319403545;34,1459694733508;85237
Comunidad de Madrid;2025-06-01;269409;269139;66770;79667;66288;31,3879421788694;37,4506992596075;31,1613585615231;212725
Región de Murcia;2025-06-01;71161;61602;15355;19498;18058;29,0204305342934;36,8505603749693;34,1290090907373;52911
Comunidad Foral de Navarra;2025-06-01;23712;23614;3368;6675;7642;19,0443878993497;37,7438507209500;43,2117613797003;17685
País Vasco;2025-06-01;120058;119909;19808;27393;39587;22,8234318108494;31,5631193252523;45,6134488638982;86788
La Rioja;2025-06-01;14836;14826;2373;4427;3633;22,7451356273363;42,4326655803700;34,8221987922937;10433
Ceuta y Melilla;2025-06-01;5805;5637;1269;1551;1357;30,3806559731865;37,1319128561168;32,4874311706967;4177
Andalucía;2025-07-01;427150;397216;74440;137978;106094;23,3711759682524;43,3195609584568;33,3092630732908;318512
Aragón;2025-07-01;60062;55333;13851;17015;16623;29,1667544062836;35,8293499547264;35,0038956389901;47489
Principado de Asturias;2025-07-01;51908;44289;8244;11592;15481;23,3428660418495;32,8227199365745;43,8344140215760;35317
Islas Baleares;2025-07-01;48867;45669;8626;11740;16243;23,5625119506132;32,0686170067470;44,3688710426398;36609
Canarias;2025-07-01;77426;70088;21118;22088;19041;33,9261329863287;35,4844410172378;30,5894259964336;62247
Cantabria;2025-07-01;23465;22985;5173;7932;5214;28,2384409629347;43,2993067307167;28,4622523063486;18319
Castilla y León;2025-07-01;161127;158169;34839;41918;50448;27,3880743681459;32,9531071891828;39,6588184426713;127205
Castilla-La Mancha;2025-07-01;104099;100367;24495;27168;31435;29,4772437363113;32,6939276516884;37,8288286120003;83098
Cataluña;2025-07-01;407365;366328;49840;104783;125057;17,8203661327231;37,4653175057208;44,7143163615561;279680
Comunidad Valenciana;2025-07-01;229150;213090;49364;68387;65120;26,9938918691318;37,3963066861339;35,6098014447343;182871
Extremadura;2025-07-01;60633;57229;13103;13766;14637;31,5689297932829;33,1662892111984;35,2647809955187;41506
Galicia;2025-07-01;93011;92941;27274;29377;29824;31,5397513732293;33,9716681121711;34,4885805145996;86475
Comunidad de Madrid;2025-07-01;270988;270536;66952;80086;66876;31,2985592340847;37,4384098282487;31,2630309376665;213914
Región de Murcia;2025-07-01;72039;62476;15484;19605;18408;28,9436790848085;36,6469147802681;34,4094061349235;53497
Comunidad Foral de Navarra;2025-07-01;23698;23602;3343;6662;7635;18,9512471655329;37,7664399092971;43,2823129251701;17640
País Vasco;2025-07-01;120340;120187;19798;27439;39735;22,7636480706434;31,5492342363059;45,6871176930506;86972
La Rioja;2025-07-01;14782;14771;2334;4424;3614;22,5028924026224;42,6532973389896;34,8438102583880;10372
Ceuta y Melilla;2025-07-01;5863;5656;1264;1560;1363;30,1886792452830;37,2581800812037;32,5531406735133;4187
Andalucía;2025-08-01;429699;397870;74049;138087;107300;23,1811693109105;43,2283775153708;33,5904531737187;319436
Aragón;2025-08-01;60137;55577;13933;17080;16705;29,1986252567165;35,7936208558615;35,0077538874219;47718
Principado de Asturias;2025-08-01;51290;43887;8076;11491;15387;23,1046518281170;32,8746352348801;44,0207129370029;34954
Islas Baleares;2025-08-01;49300;46201;8742;11843;16461;23,5976893591751;31,9683636559952;44,4339469848297;37046
Canarias;2025-08-01;77796;71059;21462;22459;19236;33,9819814114033;35,5605871083174;30,4574314802793;63157
Cantabria;2025-08-01;23683;23290;5197;8037;5313;28,0207041570065;43,3331536097482;28,6461422332453;18547
Castilla y León;2025-08-01;161372;158598;34745;42006;50850;27,2294104278180;32,9198047037249;39,8507848684571;127601
Castilla-La Mancha;2025-08-01;104263;100174;24349;27115;31511;29,3449834287436;32,6785176257909;37,9764989454655;82975
Cataluña;2025-08-01;409358;366826;49408;104726;125792;17,6503790287433;37,4120303222995;44,9375906489572;279926
Comunidad Valenciana;2025-08-01;228773;213527;49264;68632;65269;26,8959681161794;37,4700406737095;35,6339912101111;183165
Extremadura;2025-08-01;60681;57041;13075;13754;14576;31,5783117980920;33,2182103610675;35,2034778408405;41405
Galicia;2025-08-01;94599;94502;27572;29735;30698;31,3300380660190;33,7878529628998;34,8821089710812;88005
Comunidad de Madrid;2025-08-01;272026;271897;67102;80608;67516;31,1774599723082;37,4527241132577;31,3698159144341;215226
Región de Murcia;2025-08-01;72177;62343;15389;19561;18498;28,7924711869481;36,5981888938782;34,6093399191738;53448
Comunidad Foral de Navarra;2025-08-01;23731;23630;3290;6650;7735;18,6138613861386;37,6237623762376;43,7623762376238;17675
País Vasco;2025-08-01;120133;119985;19695;27334;39741;22,6979370750259;31,5016710844762;45,8003918404979;86770
La Rioja;2025-08-01;14720;14709;2307;4403;3590;22,3980582524272;42,7475728155340;34,8543689320388;10300
Ceuta y Melilla;2025-08-01;5854;5640;1258;1553;1370;30,0884955752212;37,1442238698876;32,7672805548912;4181
Andalucía;2025-09-01;430507;400745;76325;140467;108237;23,4825200212904;43,2167591199554;33,3007208587541;325029
Aragón;2025-09-01;60372;55898;14012;17157;16892;29,1546160088221;35,6983833045505;35,1470006866274;48061
Principado de Asturias;2025-09-01;50778;43521;7908;11391;15349;22,8238282151928;32,8763564996537;44,2998152851535;34648
Islas Baleares;2025-09-01;49903;46462;8750;11902;16577;23,5031830024981;31,9697010395122;44,5271159579897;37229
Canarias;2025-09-01;78043;72415;21860;22919;19603;33,9535895125967;35,5984591966699;30,4479512907334;64382
Cantabria;2025-09-01;23666;23214;5170;8005;5283;28,0095351609058;43,3687290063929;28,6217358327013;18458
Castilla y León;2025-09-01;161623;158834;34656;42085;50922;27,1464715696795;32,9656987537501;39,8878296765703;127663
Castilla-La Mancha;2025-09-01;103929;100471;24491;27080;31673;29,4207390322426;32,5308730959589;38,0483878717986;83244
Cataluña;2025-09-01;411492;367600;49225;104789;126418;17,5532749472243;37,3669909282821;45,0797341244936;280432
Comunidad Valenciana;2025-09-01;232662;214222;49167;68930;65748;26,7437243329979;37,4935407544399;35,7627349125622;183845
Extremadura;2025-09-01;60913;57010;13029;13733;14603;31,4976429348483;33,1995648495105;35,3027922156412;41365
Galicia;2025-09-01;95826;95714;27815;30116;31504;31,1007994632974;33,6736177111869;35,2255828255157;89435
Comunidad de Madrid;2025-09-01;274638;274049;68128;81502;67970;31,3088235294118;37,4549632352941;31,2362132352941;217600
Región de Murcia;2025-09-01;73141;64413;15757;20071;19517;28,4705032071551;36,2652452796097;35,2642515132352;55345
Comunidad Foral de Navarra;2025-09-01;23677;23576;3260;6633;7803;18,4222423146474;37,4830470162749;44,0947106690778;17696
País Vasco;2025-09-01;120805;120660;19805;27467;40129;22,6599237994989;31,4264138854247;45,9136623150765;87401
La Rioja;2025-09-01;14704;14692;2289;4398;3570;22,3164668031588;42,8780345130155;34,8054986838257;10257
Ceuta y Melilla;2025-09-01;5886;5655;1256;1564;1378;29,9190090519295;37,2558361124345;32,8251548356360;4198
Andalucía;2025-10-01;437319;417063;77490;143681;113656;23,1432948955729;42,9120112774657;33,9446938269614;334827
Aragón;2025-10-01;60843;56460;14121;17332;17097;29,0854788877446;35,6992790937178;35,2152420185376;48550
Principado de Asturias;2025-10-01;50819;43710;7818;11308;15300;22,7095799686284;32,8472666008250;44,4431534305467;34426
Islas Baleares;2025-10-01;50307;46919;8833;11957;16783;23,5089026694701;31,8233838128443;44,6677135176856;37573
Canarias;2025-10-01;78559;73957;22582;23392;19743;34,3624937230854;35,5950515087420;30,0424547681726;65717
Cantabria;2025-10-01;23614;23337;5196;8047;5312;28,0032336297494;43,3683643222851;28,6284020479655;18555
Castilla y León;2025-10-01;162195;158968;34807;42291;51068;27,1577485448559;32,9970506998736;39,8452007552705;128166
Castilla-La Mancha;2025-10-01;103813;101103;24893;27261;31823;29,6426402467342;32,4624599592746;37,8948997939912;83977
Cataluña;2025-10-01;415244;370381;49276;105379;127929;17,4376468589871;37,2912125244175;45,2711406165954;282584
Comunidad Valenciana;2025-10-01;233083;216327;49695;69606;66345;26,7686887948030;37,4939400795062;35,7373711256908;185646
Extremadura;2025-10-01;61690;57569;13189;13877;14792;31,5089110803192;33,1525634287352;35,3385254909456;41858
Galicia;2025-10-01;97778;97629;28302;30605;32545;30,9473822333027;33,4656431789354;35,5869745877619;91452
Comunidad de Madrid;2025-10-01;277217;276968;68902;82344;68484;31,3575752059346;37,4750830564784;31,1673417375870;219730
Región de Murcia;2025-10-01;74140;65978;16132;20448;20021;28,5012632285649;36,1265702019399;35,3721665694952;56601
Comunidad Foral de Navarra;2025-10-01;23753;23654;3259;6662;7920;18,2669132896138;37,3409562244269;44,3921304859593;17841
País Vasco;2025-10-01;121300;121160;19928;27608;40329;22,6802481078928;31,4209298355432;45,8988220565641;87865
La Rioja;2025-10-01;14923;14912;2298;4438;3718;21,9820164530323;42,4526497034628;35,5653338435049;10454
Ceuta y Melilla;2025-10-01;5900;5704;1277;1579;1392;30,0612052730697;37,1704331450094;32,7683615819209;4248
Andalucía;2025-11-01;446477;430860;80703;147543;118161;23,2971620088509;42,5923841030926;34,1104538880565;346407
Aragón;2025-11-01;61070;56977;14224;17493;17280;29,0303487968651;35,7021858481132;35,2674653550217;48997
Principado de Asturias;2025-11-01;50331;43660;7693;11232;15318;22,4659054405280;32,8008644102444;44,7332301492276;34243
Islas Baleares;2025-11-01;50514;47350;8901;12017;16993;23,4786737358550;31,6979240853578;44,8234021787872;37911
Canarias;2025-11-01;78692;75487;23216;23905;19934;34,6223249571247;35,6498396838416;29,7278353590336;67055
Cantabria;2025-11-01;23973;23562;5247;8146;5374;27,9586508232536;43,4059785794213;28,6353705973251;18767
Castilla y León;2025-11-01;162549;159039;34804;42420;51057;27,1310638364216;33,0680303396450;39,8009058239334;128281
Castilla-La Mancha;2025-11-01;103200;101372;24936;27340;31950;29,6060598864959;32,4602854225536;37,9336546909505;84226
Cataluña;2025-11-01;418807;373723;49576;106066;129514;17,3855714065284;37,1957805552049;45,4186480382668;285156
Comunidad Valenciana;2025-11-01;236880;217738;49966;70170;66750;26,7360851000075;37,5469537579059;35,7169611420866;186886
Extremadura;2025-11-01;62199;58346;13246;14028;15021;31,3181227095401;33,1670410213973;35,5148362690625;42295
Galicia;2025-11-01;99310;99165;28583;31075;33359;30,7287915112291;33,4078716793704;35,8633368094004;93017
Comunidad de Madrid;2025-11-01;277873;277724;69482;82642;68242;31,5302723650654;37,5021555049327;30,9675721300019;220366
Región de Murcia;2025-11-01;74523;66578;16278;20629;20184;28,5123749802946;36,1335411886287;35,3540838310767;57091
Comunidad Foral de Navarra;2025-11-01;24172;24089;3470;6605;7899;19,3056637365083;36,7475242016246;43,9468120618671;17974
País Vasco;2025-11-01;121661;121519;19917;27653;40513;22,6116276693573;31,3942531475994;45,9941191830433;88083
La Rioja;2025-11-01;15053;15044;2314;4478;3757;21,9357285050716;42,4495212816381;35,6147502132904;10549
Ceuta y Melilla;2025-11-01;5917;5749;1294;1588;1399;30,2265825741649;37,0941368839056;32,6792805419295;4281
Andalucía;2025-12-01;456133;441462;80968;149458;121806;22,9871221240546;42,4316927479616;34,5811851279838;352232
Aragón;2025-12-01;61425;57328;14296;17611;17458;28,9597893244201;35,6750734325939;35,3651372429859;49365
Principado de Asturias;2025-12-01;50073;43625;7607;11190;15354;22,2746039647448;32,7662440338497;44,9591520014055;34151
Islas Baleares;2025-12-01;50646;47585;8899;12059;17096;23,3851894675987;31,6891785357650;44,9256319966364;38054
Canarias;2025-12-01;79243;76771;23782;24330;20147;34,8408268506717;35,6436513866303;29,5155217626980;68259
Cantabria;2025-12-01;23795;23336;5184;8061;5312;27,9355499272512;43,4391334806273;28,6253165921216;18557
Castilla y León;2025-12-01;162682;160029;34656;42675;51996;26,7971885221184;32,9977498898142;40,2050615880675;129327
Castilla-La Mancha;2025-12-01;104062;101470;25361;27192;31796;30,0667464937344;32,2374894782392;37,6957640280264;84349
Cataluña;2025-12-01;419673;376007;49661;106253;130794;17,3211071891960;37,0596565146421;45,6192362961620;286708
Comunidad Valenciana;2025-12-01;236730;219095;50293;70600;67192;26,7395060743813;37,5362203259165;35,7242735997023;188085
Extremadura;2025-12-01;62130;58757;13200;14093;15209;31,0573620064938;33,1584396028422;35,7841983906640;42502
Galicia;2025-12-01;100525;100376;28716;31517;34021;30,4666114965943;33,4383686633989;36,0950198400068;94254
Comunidad de Madrid;2025-12-01;277807;277650;69555;82753;67709;31,6134662321548;37,6120936109482;30,7744401568970;220017
Región de Murcia;2025-12-01;74588;67138;16331;20819;20416;28,3691762498697;36,1654448806587;35,4653788694716;57566
Comunidad Foral de Navarra;2025-12-01;24200;24116;3448;6913;7810;18,9752902977271;38,0441362610753;42,9805734411975;18171
País Vasco;2025-12-01;121716;121567;19844;27608;40584;22,5407787723204;31,3598982234540;46,0993230042255;88036
La Rioja;2025-12-01;14974;14968;2299;4443;3687;22,0442995493336;42,6023588071723;35,3533416434941;10429
Ceuta y Melilla;2025-12-01;5913;5775;1302;1591;1414;30,2298583700952;36,9398653355004;32,8302762944045;4307
Andalucía;2026-01-01;459849;442279;80491;149683;123201;22,7777856384860;42,3581181464450;34,8640962150690;353375
Aragón;2026-01-01;61572;57255;14247;17547;17463;28,9238077836653;35,6233631768074;35,4528290395274;49257
Principado de Asturias;2026-01-01;49590;43635;7512;11114;15400;22,0772350555458;32,6632575089637;45,2595074354905;34026
Islas Baleares;2026-01-01;50711;47479;8810;11965;17143;23,2343478031542;31,5549343319795;45,2107178648663;37918
Canarias;2026-01-01;82033;78389;24206;24896;20601;34,7273431559617;35,7172575068505;29,5553993371878;69703
Cantabria;2026-01-01;23419;23075;5069;7967;5281;27,6737457007152;43,4951138286837;28,8311404706011;18317
Castilla y León;2026-01-01;161835;159462;34471;42496;51888;26,7517752512514;32,9797058709402;40,2685188778084;128855
Castilla-La Mancha;2026-01-01;104072;101204;25221;27155;31907;29,9241839991457;32,2188341658460;37,8569818350082;84283
Cataluña;2026-01-01;420773;378808;49528;106483;132683;17,1558813137786;36,8843827720701;45,9597359141513;288694
Comunidad Valenciana;2026-01-01;235704;218916;49785;70511;67597;26,4964634126870;37,5272096352711;35,9763269520419;187893
Extremadura;2026-01-01;61911;58621;13086;14045;15242;30,8828735279541;33,1461071908999;35,9710192811460;42373
Galicia;2026-01-01;99635;99508;28246;31282;33921;30,2261126389796;33,4749435520979;36,2989438089225;93449
Comunidad de Madrid;2026-01-01;280628;280480;69970;83749;69472;31,3498304143088;37,5234664480199;31,1267031376713;223191
Región de Murcia;2026-01-01;74450;66935;16176;20747;20320;28,2584770190242;36,2437328581661;35,4977901228098;57243
Comunidad Foral de Navarra;2026-01-01;23997;23913;3358;6807;7750;18,7440692157410;37,9960926597823;43,2598381244767;17915
País Vasco;2026-01-01;121274;121092;19529;27411;40523;22,3282988235025;31,3401095320307;46,3315916444668;87463
La Rioja;2026-01-01;15002;14997;2286;4459;3751;21,7797256097561;42,4828506097561;35,7374237804878;10496
Ceuta y Melilla;2026-01-01;5917;5796;1313;1594;1424;30,3163241745555;36,8044331563149;32,8792426691295;4331
Andalucía;2026-02-01;463883;440067;83691;150773;121672;23,4997304400566;42,3357930678168;34,1644764921266;356136
Aragón;2026-02-01;61626;57159;14294;17549;17470;28,9862713686046;35,5869648976943;35,4267637337011;49313
Principado de Asturias;2026-02-01;49598;43495;7385;11114;15513;21,7129248500529;32,6767023403505;45,6103728095966;34012
Islas Baleares;2026-02-01;50699;47596;8776;11967;17273;23,0850168350168;31,4788510101010;45,4361321548822;38016
Canarias;2026-02-01;82362;79294;24303;25241;21067;34,4181501465777;35,7465550693235;29,8352947840988;70611
Cantabria;2026-02-01;22868;22630;4895;7799;5220;27,3249972088869;43,5357820698895;29,1392207212236;17914
Castilla y León;2026-02-01;160600;157984;33908;42039;51496;26,6064044317852;32,9865116169582;40,4070839512566;127443
Castilla-La Mancha;2026-02-01;103777;100613;25062;27095;31889;29,8193846227066;32,2382980748638;37,9423173024296;84046
Cataluña;2026-02-01;420846;379400;49267;106303;133259;17,0574976889440;36,8048222304547;46,1376800806013;288829
Comunidad Valenciana;2026-02-01;239044;219070;49502;70694;67717;26,3430417267565;37,6206010228138;36,0363572504297;187913
Extremadura;2026-02-01;61714;58170;12925;13980;15185;30,7080066524115;33,2145402708482;36,0774530767403;42090
Galicia;2026-02-01;98981;98819;27661;31261;34166;29,7148934341698;33,5822017875559;36,7029047782743;93088
Comunidad de Madrid;2026-02-01;278856;278703;69659;84361;69238;31,2011215723513;37,7863279255391;31,0125505021097;223258
Región de Murcia;2026-02-01;74124;67471;16158;20959;20585;28,0024955807424;36,3228310977089;35,6746733215486;57702
Comunidad Foral de Navarra;2026-02-01;23909;23828;3236;6693;7858;18,1930623489065;37,6286051610727;44,1783324900208;17787
País Vasco;2026-02-01;120741;120518;19196;27206;40563;22,0732478583338;31,2838498246421;46,6429023170241;86965
La Rioja;2026-02-01;15061;15057;2263;4464;3827;21,4421072579117;42,2967595224559;36,2611332196324;10554
Ceuta y Melilla;2026-02-01;5889;5754;1310;1578;1402;30,5361305361305;36,7832167832168;32,6806526806527;4290
Andalucía;2026-03-01;469701;444855;85057;151624;122295;23,6943416830094;42,2379211980745;34,0677371189160;358976
Aragón;2026-03-01;62021;57743;14513;17760;17636;29,0789236410267;35,5847642709732;35,3363120880002;49909
Principado de Asturias;2026-03-01;50301;43644;7381;11165;15731;21,5333897365580;32,5728622691601;45,8937479942819;34277
Islas Baleares;2026-03-01;50958;47891;8811;11980;17427;23,0545816107593;31,3464859490293;45,5989324402114;38218
Canarias;2026-03-01;83951;80739;24643;25819;21470;34,2587443696825;35,8936217538787;29,8476338764389;71932
Cantabria;2026-03-01;25014;24665;5257;8524;6148;26,3786441868634;42,7718400321140;30,8495157810226;19929
Castilla y León;2026-03-01;160682;157675;33949;42050;51387;26,6504953448574;33,0099068971473;40,3395977579954;127386
Castilla-La Mancha;2026-03-01;104747;101205;25254;27261;32115;29,8404820985466;32,2119815668203;37,9475363346331;84630
Cataluña;2026-03-01;423410;381931;49338;106922;134576;16,9641997551885;36,7636743731863;46,2721258716252;290836
Comunidad Valenciana;2026-03-01;239221;221569;50050;71622;68578;26,3074901445466;37,6462549277267;36,0462549277267;190250
Extremadura;2026-03-01;61962;58238;12964;13980;15271;30,7094634608551;33,1161909273955;36,1743456117494;42215
Galicia;2026-03-01;100175;100152;27696;31687;35079;29,3197264508480;33,5447058076264;37,1355677415257;94462
Comunidad de Madrid;2026-03-01;282861;282709;70867;85911;70736;31,1484128449238;37,7607531844194;31,0908339706567;227514
Región de Murcia;2026-03-01;74212;68049;16051;21031;20856;27,7037522869274;36,2991473644240;35,9971003486486;57938
Comunidad Foral de Navarra;2026-03-01;24006;23920;3207;6658;7881;18,0716781246478;37,5183139862504;44,4100078891018;17746
País Vasco;2026-03-01;120998;120635;19208;27283;40610;22,0525596721048;31,3234061606641;46,6240341672311;87101
La Rioja;2026-03-01;15153;15148;2274;4499;3881;21,3440961141355;42,2282710718979;36,4276328139666;10654
Ceuta y Melilla;2026-03-01;5897;5786;1321;1587;1405;30,6283329469047;36,7957338279620;32,5759332251333;4313
