ccaa;fecha;hombre;mujer
Andalucía;2023-01-01;13567;64978
Aragón;2023-01-01;5789;13462
Principado de Asturias;2023-01-01;2758;8069
Islas Baleares;2023-01-01;6012;14272
Canarias;2023-01-01;2968;11069
Cantabria;2023-01-01;2451;6622
Castilla y León;2023-01-01;7399;23279
Castilla-La Mancha;2023-01-01;3601;12889
Cataluña;2023-01-01;38182;71881
Comunidad Valenciana;2023-01-01;23997;71579
Extremadura;2023-01-01;1142;5278
Galicia;2023-01-01;2298;13583
Comunidad de Madrid;2023-01-01;10693;32815
Región de Murcia;2023-01-01;6667;17300
Comunidad Foral de Navarra;2023-01-01;2744;6881
País Vasco;2023-01-01;11632;23121
La Rioja;2023-01-01;361;903
Andalucía;2023-02-01;13614;64987
Aragón;2023-02-01;5878;13691
Principado de Asturias;2023-02-01;2773;8107
Islas Baleares;2023-02-01;6305;14821
Canarias;2023-02-01;3162;11587
Cantabria;2023-02-01;2515;6734
Castilla y León;2023-02-01;7468;23480
Castilla-La Mancha;2023-02-01;3723;13146
Cataluña;2023-02-01;38727;72651
Comunidad Valenciana;2023-02-01;25176;73942
Extremadura;2023-02-01;1151;5311
Galicia;2023-02-01;2388;14028
Comunidad de Madrid;2023-02-01;10848;33240
Región de Murcia;2023-02-01;6627;17229
Comunidad Foral de Navarra;2023-02-01;2792;7020
País Vasco;2023-02-01;11785;23477
La Rioja;2023-02-01;359;900
Andalucía;2023-03-01;13637;65054
Aragón;2023-03-01;5958;13866
Principado de Asturias;2023-03-01;2780;8153
Islas Baleares;2023-03-01;6235;14742
Canarias;2023-03-01;3246;11824
Cantabria;2023-03-01;2523;6693
Castilla y León;2023-03-01;7468;23430
Castilla-La Mancha;2023-03-01;3742;13219
Cataluña;2023-03-01;39637;74032
Comunidad Valenciana;2023-03-01;25767;75478
Extremadura;2023-03-01;1144;5272
Galicia;2023-03-01;2432;14058
Comunidad de Madrid;2023-03-01;10972;33456
Región de Murcia;2023-03-01;6642;17121
Comunidad Foral de Navarra;2023-03-01;2799;7034
País Vasco;2023-03-01;11780;23450
La Rioja;2023-03-01;356;903
Andalucía;2023-04-01;13664;65266
Aragón;2023-04-01;6002;13997
Principado de Asturias;2023-04-01;2799;8204
Islas Baleares;2023-04-01;6326;14974
Canarias;2023-04-01;3304;12034
Cantabria;2023-04-01;2524;6699
Castilla y León;2023-04-01;7477;23532
Castilla-La Mancha;2023-04-01;3797;13437
Cataluña;2023-04-01;40004;74494
Comunidad Valenciana;2023-04-01;26225;76500
Extremadura;2023-04-01;1152;5279
Galicia;2023-04-01;2457;14203
Comunidad de Madrid;2023-04-01;11069;33803
Región de Murcia;2023-04-01;6686;17180
Comunidad Foral de Navarra;2023-04-01;2802;7018
País Vasco;2023-04-01;11811;23534
La Rioja;2023-04-01;356;901
Andalucía;2023-05-01;13712;65446
Aragón;2023-05-01;6044;14112
Principado de Asturias;2023-05-01;2826;8294
Islas Baleares;2023-05-01;6379;15165
Canarias;2023-05-01;3376;12210
Cantabria;2023-05-01;2522;6685
Castilla y León;2023-05-01;7549;23841
Castilla-La Mancha;2023-05-01;3875;13629
Cataluña;2023-05-01;40518;75351
Comunidad Valenciana;2023-05-01;26554;76944
Extremadura;2023-05-01;1163;5304
Galicia;2023-05-01;2550;14552
Comunidad de Madrid;2023-05-01;11156;34138
Región de Murcia;2023-05-01;6714;17191
Comunidad Foral de Navarra;2023-05-01;2791;7033
País Vasco;2023-05-01;11853;23630
La Rioja;2023-05-01;359;897
Andalucía;2023-06-01;13817;65528
Aragón;2023-06-01;6067;14102
Principado de Asturias;2023-06-01;2832;8267
Islas Baleares;2023-06-01;6494;15481
Canarias;2023-06-01;3451;12389
Cantabria;2023-06-01;2536;6703
Castilla y León;2023-06-01;7632;24032
Castilla-La Mancha;2023-06-01;3964;13801
Cataluña;2023-06-01;41094;76433
Comunidad Valenciana;2023-06-01;26726;77222
Extremadura;2023-06-01;1171;5304
Galicia;2023-06-01;2583;14715
Comunidad de Madrid;2023-06-01;11251;34391
Región de Murcia;2023-06-01;6810;17402
Comunidad Foral de Navarra;2023-06-01;2805;7070
País Vasco;2023-06-01;11823;23646
La Rioja;2023-06-01;368;892
Andalucía;2023-07-01;13978;65937
Aragón;2023-07-01;6099;14177
Principado de Asturias;2023-07-01;2854;8229
Islas Baleares;2023-07-01;6442;15373
Canarias;2023-07-01;3491;12505
Cantabria;2023-07-01;2534;6692
Castilla y León;2023-07-01;7706;24203
Castilla-La Mancha;2023-07-01;3981;13842
Cataluña;2023-07-01;41304;76751
Comunidad Valenciana;2023-07-01;26105;75482
Extremadura;2023-07-01;1184;5317
Galicia;2023-07-01;2610;14807
Comunidad de Madrid;2023-07-01;11288;34439
Región de Murcia;2023-07-01;6906;17530
Comunidad Foral de Navarra;2023-07-01;2792;7096
País Vasco;2023-07-01;12036;23910
La Rioja;2023-07-01;375;890
Andalucía;2023-08-01;13891;65576
Aragón;2023-08-01;6096;14193
Principado de Asturias;2023-08-01;2844;8190
Islas Baleares;2023-08-01;6662;15918
Canarias;2023-08-01;3540;12646
Cantabria;2023-08-01;2537;6707
Castilla y León;2023-08-01;7784;24420
Castilla-La Mancha;2023-08-01;4016;13920
Cataluña;2023-08-01;41605;77164
Comunidad Valenciana;2023-08-01;25900;74904
Extremadura;2023-08-01;1165;5274
Galicia;2023-08-01;2623;14869
Comunidad de Madrid;2023-08-01;11320;34535
Región de Murcia;2023-08-01;6896;17467
Comunidad Foral de Navarra;2023-08-01;2796;7074
País Vasco;2023-08-01;12013;23879
La Rioja;2023-08-01;363;876
Andalucía;2023-09-01;14078;66034
Aragón;2023-09-01;6102;14201
Principado de Asturias;2023-09-01;2817;8088
Islas Baleares;2023-09-01;6604;15824
Canarias;2023-09-01;3533;12604
Cantabria;2023-09-01;2542;6679
Castilla y León;2023-09-01;7818;24485
Castilla-La Mancha;2023-09-01;4011;13953
Cataluña;2023-09-01;41662;77153
Comunidad Valenciana;2023-09-01;26199;75466
Extremadura;2023-09-01;1167;5264
Galicia;2023-09-01;2636;14864
Comunidad de Madrid;2023-09-01;11556;35095
Región de Murcia;2023-09-01;7001;17724
Comunidad Foral de Navarra;2023-09-01;2793;7131
País Vasco;2023-09-01;12031;23930
La Rioja;2023-09-01;358;859
Andalucía;2023-10-01;14426;67062
Aragón;2023-10-01;6180;14289
Principado de Asturias;2023-10-01;2891;8266
Islas Baleares;2023-10-01;6736;16142
Canarias;2023-10-01;3682;12993
Cantabria;2023-10-01;2540;6649
Castilla y León;2023-10-01;7901;24680
Castilla-La Mancha;2023-10-01;4061;14131
Cataluña;2023-10-01;42291;78173
Comunidad Valenciana;2023-10-01;27161;77581
Extremadura;2023-10-01;1175;5321
Galicia;2023-10-01;2658;14953
Comunidad de Madrid;2023-10-01;11716;35482
Región de Murcia;2023-10-01;7052;17723
Comunidad Foral de Navarra;2023-10-01;2800;7203
País Vasco;2023-10-01;12071;23984
La Rioja;2023-10-01;353;876
Andalucía;2023-11-01;14686;67762
Aragón;2023-11-01;6218;14360
Principado de Asturias;2023-11-01;2947;8422
Islas Baleares;2023-11-01;6752;16187
Canarias;2023-11-01;3701;13112
Cantabria;2023-11-01;2541;6671
Castilla y León;2023-11-01;7970;24825
Castilla-La Mancha;2023-11-01;4131;14329
Cataluña;2023-11-01;41683;77068
Comunidad Valenciana;2023-11-01;27102;77333
Extremadura;2023-11-01;1209;5412
Galicia;2023-11-01;2693;15039
Comunidad de Madrid;2023-11-01;11876;35780
Región de Murcia;2023-11-01;7160;17907
Comunidad Foral de Navarra;2023-11-01;2831;7255
País Vasco;2023-11-01;12083;23980
La Rioja;2023-11-01;358;882
Andalucía;2023-12-01;15001;68617
Aragón;2023-12-01;6241;14420
Principado de Asturias;2023-12-01;2966;8535
Islas Baleares;2023-12-01;6793;16350
Canarias;2023-12-01;3784;13314
Cantabria;2023-12-01;2542;6639
Castilla y León;2023-12-01;8005;24873
Castilla-La Mancha;2023-12-01;4215;14617
Cataluña;2023-12-01;41655;76974
Comunidad Valenciana;2023-12-01;26881;76750
Extremadura;2023-12-01;1201;5372
Galicia;2023-12-01;2714;15185
Comunidad de Madrid;2023-12-01;11963;35971
Región de Murcia;2023-12-01;7211;17999
Comunidad Foral de Navarra;2023-12-01;2830;7293
País Vasco;2023-12-01;12095;24183
La Rioja;2023-12-01;357;875
Andalucía;2024-01-01;14963;68446
Aragón;2024-01-01;6233;14435
Principado de Asturias;2024-01-01;2981;8575
Islas Baleares;2024-01-01;6791;16357
Canarias;2024-01-01;3851;13453
Cantabria;2024-01-01;2558;6662
Castilla y León;2024-01-01;8090;25061
Castilla-La Mancha;2024-01-01;4213;14588
Cataluña;2024-01-01;41982;77509
Comunidad Valenciana;2024-01-01;26721;76194
Extremadura;2024-01-01;1191;5317
Galicia;2024-01-01;2700;15147
Comunidad de Madrid;2024-01-01;11883;35706
Región de Murcia;2024-01-01;7238;17996
Comunidad Foral de Navarra;2024-01-01;2854;7330
País Vasco;2024-01-01;12047;24084
La Rioja;2024-01-01;353;864
Andalucía;2024-02-01;15085;68538
Aragón;2024-02-01;6240;14552
Principado de Asturias;2024-02-01;2967;8556
Islas Baleares;2024-02-01;6798;16363
Canarias;2024-02-01;3810;13365
Cantabria;2024-02-01;2562;6655
Castilla y León;2024-02-01;8172;25299
Castilla-La Mancha;2024-02-01;4245;14668
Cataluña;2024-02-01;42315;78250
Comunidad Valenciana;2024-02-01;27149;77102
Extremadura;2024-02-01;1180;5273
Galicia;2024-02-01;2694;15086
Comunidad de Madrid;2024-02-01;12134;36426
Región de Murcia;2024-02-01;7282;18022
Comunidad Foral de Navarra;2024-02-01;2854;7401
País Vasco;2024-02-01;12071;24110
La Rioja;2024-02-01;358;858
Andalucía;2024-03-01;15159;69026
Aragón;2024-03-01;6251;14584
Principado de Asturias;2024-03-01;3007;8632
Islas Baleares;2024-03-01;6792;16404
Canarias;2024-03-01;3799;13317
Cantabria;2024-03-01;2574;6662
Castilla y León;2024-03-01;8258;25531
Castilla-La Mancha;2024-03-01;4301;14780
Cataluña;2024-03-01;43229;80093
Comunidad Valenciana;2024-03-01;27474;77814
Extremadura;2024-03-01;1191;5313
Galicia;2024-03-01;2741;15279
Comunidad de Madrid;2024-03-01;12222;36702
Región de Murcia;2024-03-01;7418;18401
Comunidad Foral de Navarra;2024-03-01;2862;7389
País Vasco;2024-03-01;12220;24316
La Rioja;2024-03-01;359;862
Andalucía;2024-04-01;15271;69305
Aragón;2024-04-01;6294;14666
Principado de Asturias;2024-04-01;3025;8670
Islas Baleares;2024-04-01;6851;16505
Canarias;2024-04-01;4226;13672
Cantabria;2024-04-01;2581;6650
Castilla y León;2024-04-01;8314;25669
Castilla-La Mancha;2024-04-01;4371;14965
Cataluña;2024-04-01;43976;81536
Comunidad Valenciana;2024-04-01;27662;78083
Extremadura;2024-04-01;1227;5408
Galicia;2024-04-01;2773;15371
Comunidad de Madrid;2024-04-01;12352;36897
Región de Murcia;2024-04-01;7519;18666
Comunidad Foral de Navarra;2024-04-01;2876;7403
País Vasco;2024-04-01;12365;24545
La Rioja;2024-04-01;358;860
Andalucía;2024-05-01;15371;69622
Aragón;2024-05-01;6337;14808
Principado de Asturias;2024-05-01;3055;8699
Islas Baleares;2024-05-01;6930;16755
Canarias;2024-05-01;4422;13844
Cantabria;2024-05-01;2616;6713
Castilla y León;2024-05-01;8399;25957
Castilla-La Mancha;2024-05-01;4446;15130
Cataluña;2024-05-01;45002;83537
Comunidad Valenciana;2024-05-01;27980;78555
Extremadura;2024-05-01;1234;5412
Galicia;2024-05-01;2835;15567
Comunidad de Madrid;2024-05-01;12589;37442
Región de Murcia;2024-05-01;7610;18889
Comunidad Foral de Navarra;2024-05-01;2848;7273
País Vasco;2024-05-01;12460;24745
La Rioja;2024-05-01;365;854
Andalucía;2024-06-01;15496;69977
Aragón;2024-06-01;6496;15146
Principado de Asturias;2024-06-01;3083;8783
Islas Baleares;2024-06-01;6940;16892
Canarias;2024-06-01;4917;13756
Cantabria;2024-06-01;2633;6745
Castilla y León;2024-06-01;8469;26133
Castilla-La Mancha;2024-06-01;4494;15306
Cataluña;2024-06-01;46129;85766
Comunidad Valenciana;2024-06-01;28467;79614
Extremadura;2024-06-01;1238;5416
Galicia;2024-06-01;2933;15984
Comunidad de Madrid;2024-06-01;12752;37747
Región de Murcia;2024-06-01;7668;19062
Comunidad Foral de Navarra;2024-06-01;2843;7254
País Vasco;2024-06-01;12680;25137
La Rioja;2024-06-01;359;850
Andalucía;2024-07-01;15572;70229
Aragón;2024-07-01;6567;15340
Principado de Asturias;2024-07-01;3077;8815
Islas Baleares;2024-07-01;7230;17451
Canarias;2024-07-01;4994;13985
Cantabria;2024-07-01;2597;6698
Castilla y León;2024-07-01;8581;26418
Castilla-La Mancha;2024-07-01;4567;15430
Cataluña;2024-07-01;47061;87403
Comunidad Valenciana;2024-07-01;28841;80146
Extremadura;2024-07-01;1247;5482
Galicia;2024-07-01;3026;16224
Comunidad de Madrid;2024-07-01;12915;38233
Región de Murcia;2024-07-01;7826;19432
Comunidad Foral de Navarra;2024-07-01;2890;7342
País Vasco;2024-07-01;12662;25097
La Rioja;2024-07-01;357;850
Andalucía;2024-08-01;15696;70559
Aragón;2024-08-01;6694;15551
Principado de Asturias;2024-08-01;3071;8764
Islas Baleares;2024-08-01;7303;17665
Canarias;2024-08-01;5051;14187
Cantabria;2024-08-01;2620;6748
Castilla y León;2024-08-01;8704;26836
Castilla-La Mancha;2024-08-01;4602;15499
Cataluña;2024-08-01;47824;88733
Comunidad Valenciana;2024-08-01;29208;80901
Extremadura;2024-08-01;1256;5527
Galicia;2024-08-01;3124;16594
Comunidad de Madrid;2024-08-01;12839;38014
Región de Murcia;2024-08-01;7827;19419
Comunidad Foral de Navarra;2024-08-01;2877;7310
País Vasco;2024-08-01;12715;25207
La Rioja;2024-08-01;361;838
Andalucía;2024-09-01;15795;70848
Aragón;2024-09-01;6930;16002
Principado de Asturias;2024-09-01;3073;8819
Islas Baleares;2024-09-01;7495;18091
Canarias;2024-09-01;5123;14446
Cantabria;2024-09-01;2638;6797
Castilla y León;2024-09-01;8855;27091
Castilla-La Mancha;2024-09-01;4647;15592
Cataluña;2024-09-01;48508;90125
Comunidad Valenciana;2024-09-01;29335;81191
Extremadura;2024-09-01;1282;5627
Galicia;2024-09-01;3142;16698
Comunidad de Madrid;2024-09-01;13073;38462
Región de Murcia;2024-09-01;7893;19655
Comunidad Foral de Navarra;2024-09-01;2866;7244
País Vasco;2024-09-01;12750;25354
La Rioja;2024-09-01;351;836
Andalucía;2024-10-01;15951;71205
Aragón;2024-10-01;7022;16173
Principado de Asturias;2024-10-01;3138;8988
Islas Baleares;2024-10-01;7589;18213
Canarias;2024-10-01;5170;14778
Cantabria;2024-10-01;2675;6866
Castilla y León;2024-10-01;8936;27320
Castilla-La Mancha;2024-10-01;4741;15817
Cataluña;2024-10-01;49457;92135
Comunidad Valenciana;2024-10-01;29735;82133
Extremadura;2024-10-01;1306;5698
Galicia;2024-10-01;3247;17060
Comunidad de Madrid;2024-10-01;13267;38936
Región de Murcia;2024-10-01;7895;19651
Comunidad Foral de Navarra;2024-10-01;2859;7243
País Vasco;2024-10-01;12858;25581
La Rioja;2024-10-01;353;843
Andalucía;2024-11-01;16027;71307
Aragón;2024-11-01;7136;16461
Principado de Asturias;2024-11-01;3177;9178
Islas Baleares;2024-11-01;7598;18225
Canarias;2024-11-01;5270;15090
Cantabria;2024-11-01;2709;6921
Castilla y León;2024-11-01;9043;27491
Castilla-La Mancha;2024-11-01;4867;16032
Cataluña;2024-11-01;50113;93357
Comunidad Valenciana;2024-11-01;30798;84589
Extremadura;2024-11-01;1327;5770
Galicia;2024-11-01;3434;17564
Comunidad de Madrid;2024-11-01;13478;39479
Región de Murcia;2024-11-01;7882;19674
Comunidad Foral de Navarra;2024-11-01;2841;7165
País Vasco;2024-11-01;13036;25898
La Rioja;2024-11-01;349;835
Andalucía;2024-12-01;16199;71809
Aragón;2024-12-01;7227;16652
Principado de Asturias;2024-12-01;3242;9324
Islas Baleares;2024-12-01;7578;18153
Canarias;2024-12-01;5404;15519
Cantabria;2024-12-01;2685;6887
Castilla y León;2024-12-01;9167;27701
Castilla-La Mancha;2024-12-01;5025;16601
Cataluña;2024-12-01;50978;94985
Comunidad Valenciana;2024-12-01;31433;86022
Extremadura;2024-12-01;1321;5735
Galicia;2024-12-01;3532;17820
Comunidad de Madrid;2024-12-01;13634;39898
Región de Murcia;2024-12-01;7982;19919
Comunidad Foral de Navarra;2024-12-01;2870;7289
País Vasco;2024-12-01;13148;26060
La Rioja;2024-12-01;354;850
Andalucía;2025-01-01;16121;71586
Aragón;2025-01-01;7273;16704
Principado de Asturias;2025-01-01;3279;9396
Islas Baleares;2025-01-01;7607;18240
Canarias;2025-01-01;5503;15816
Cantabria;2025-01-01;2688;6870
Castilla y León;2025-01-01;9246;27723
Castilla-La Mancha;2025-01-01;5046;16634
Cataluña;2025-01-01;51414;95887
Comunidad Valenciana;2025-01-01;31843;86767
Extremadura;2025-01-01;1304;5680
Galicia;2025-01-01;3633;18171
Comunidad de Madrid;2025-01-01;13539;39648
Región de Murcia;2025-01-01;8050;20083
Comunidad Foral de Navarra;2025-01-01;2836;7213
País Vasco;2025-01-01;13273;26203
La Rioja;2025-01-01;352;858
Andalucía;2025-02-01;16173;71848
Aragón;2025-02-01;7359;16872
Principado de Asturias;2025-02-01;3366;9606
Islas Baleares;2025-02-01;7683;18370
Canarias;2025-02-01;5566;16093
Cantabria;2025-02-01;2662;6860
Castilla y León;2025-02-01;9282;27720
Castilla-La Mancha;2025-02-01;5109;16774
Cataluña;2025-02-01;52061;97399
Comunidad Valenciana;2025-02-01;32802;88978
Extremadura;2025-02-01;1292;5628
Galicia;2025-02-01;3720;18314
Comunidad de Madrid;2025-02-01;13810;40235
Región de Murcia;2025-02-01;8073;20150
Comunidad Foral de Navarra;2025-02-01;2792;7080
País Vasco;2025-02-01;13313;26209
La Rioja;2025-02-01;356;875
Andalucía;2025-03-01;16269;72296
Aragón;2025-03-01;7434;16979
Principado de Asturias;2025-03-01;3457;9790
Islas Baleares;2025-03-01;7536;18013
Canarias;2025-03-01;5598;16216
Cantabria;2025-03-01;2696;6906
Castilla y León;2025-03-01;9369;27959
Castilla-La Mancha;2025-03-01;5205;16866
Cataluña;2025-03-01;52582;98590
Comunidad Valenciana;2025-03-01;33530;90425
Extremadura;2025-03-01;1325;5716
Galicia;2025-03-01;3867;18730
Comunidad de Madrid;2025-03-01;13972;40571
Región de Murcia;2025-03-01;8199;20452
Comunidad Foral de Navarra;2025-03-01;2777;7030
País Vasco;2025-03-01;13364;26318
La Rioja;2025-03-01;355;874
Andalucía;2025-04-01;16341;72605
Aragón;2025-04-01;7501;17091
Principado de Asturias;2025-04-01;3498;9947
Islas Baleares;2025-04-01;7390;17712
Canarias;2025-04-01;5620;16338
Cantabria;2025-04-01;2707;6933
Castilla y León;2025-04-01;9465;28132
Castilla-La Mancha;2025-04-01;5274;17022
Cataluña;2025-04-01;53419;100080
Comunidad Valenciana;2025-04-01;34075;91500
Extremadura;2025-04-01;1347;5759
Galicia;2025-04-01;4423;20303
Comunidad de Madrid;2025-04-01;14254;41564
Región de Murcia;2025-04-01;8350;20793
Comunidad Foral de Navarra;2025-04-01;2790;7040
País Vasco;2025-04-01;13507;26577
La Rioja;2025-04-01;347;873
Andalucía;2025-05-01;16471;73170
Aragón;2025-05-01;7591;17305
Principado de Asturias;2025-05-01;3527;9973
Islas Baleares;2025-05-01;7293;17482
Canarias;2025-05-01;5687;16498
Cantabria;2025-05-01;2699;6928
Castilla y León;2025-05-01;9661;28501
Castilla-La Mancha;2025-05-01;5378;17149
Cataluña;2025-05-01;54084;101296
Comunidad Valenciana;2025-05-01;34101;92247
Extremadura;2025-05-01;1377;5867
Galicia;2025-05-01;4872;21558
Comunidad de Madrid;2025-05-01;14380;41970
Región de Murcia;2025-05-01;8450;21150
Comunidad Foral de Navarra;2025-05-01;3091;7724
País Vasco;2025-05-01;13530;26615
La Rioja;2025-05-01;350;886
Andalucía;2025-06-01;16653;73842
Aragón;2025-06-01;7646;17426
Principado de Asturias;2025-06-01;3546;10042
Islas Baleares;2025-06-01;7916;18938
Canarias;2025-06-01;5968;17241
Cantabria;2025-06-01;2710;6929
Castilla y León;2025-06-01;9706;28551
Castilla-La Mancha;2025-06-01;5501;17408
Cataluña;2025-06-01;54829;102782
Comunidad Valenciana;2025-06-01;34006;91868
Extremadura;2025-06-01;1399;5917
Galicia;2025-06-01;5378;22963
Comunidad de Madrid;2025-06-01;14645;42534
Región de Murcia;2025-06-01;8554;21440
Comunidad Foral de Navarra;2025-06-01;3094;7720
País Vasco;2025-06-01;13617;26814
La Rioja;2025-06-01;353;885
Andalucía;2025-07-01;16856;74554
Aragón;2025-07-01;7705;17569
Principado de Asturias;2025-07-01;3543;10051
Islas Baleares;2025-07-01;7948;19084
Canarias;2025-07-01;6206;17896
Cantabria;2025-07-01;2734;6964
Castilla y León;2025-07-01;9802;28816
Castilla-La Mancha;2025-07-01;5568;17515
Cataluña;2025-07-01;55798;104535
Comunidad Valenciana;2025-07-01;35757;95919
Extremadura;2025-07-01;1417;5983
Galicia;2025-07-01;5722;23952
Comunidad de Madrid;2025-07-01;15012;43267
Región de Murcia;2025-07-01;8674;21681
Comunidad Foral de Navarra;2025-07-01;3068;7653
País Vasco;2025-07-01;13665;26911
La Rioja;2025-07-01;344;879
Andalucía;2025-08-01;17029;74956
Aragón;2025-08-01;7726;17732
Principado de Asturias;2025-08-01;3522;9979
Islas Baleares;2025-08-01;7880;18910
Canarias;2025-08-01;6452;18557
Cantabria;2025-08-01;2745;6976
Castilla y León;2025-08-01;9862;28963
Castilla-La Mancha;2025-08-01;5659;17688
Cataluña;2025-08-01;56228;105271
Comunidad Valenciana;2025-08-01;35886;96179
Extremadura;2025-08-01;1428;6027
Galicia;2025-08-01;6084;24957
Comunidad de Madrid;2025-08-01;15235;43719
Región de Murcia;2025-08-01;8770;21956
Comunidad Foral de Navarra;2025-08-01;3084;7689
País Vasco;2025-08-01;13684;26867
La Rioja;2025-08-01;342;879
Andalucía;2025-09-01;17282;75468
Aragón;2025-09-01;7806;17978
Principado de Asturias;2025-09-01;3490;9888
Islas Baleares;2025-09-01;7886;18888
Canarias;2025-09-01;6876;19545
Cantabria;2025-09-01;2746;7008
Castilla y León;2025-09-01;9912;29123
Castilla-La Mancha;2025-09-01;5773;17830
Cataluña;2025-09-01;56712;106024
Comunidad Valenciana;2025-09-01;36046;96454
Extremadura;2025-09-01;1423;6015
Galicia;2025-09-01;6541;25956
Comunidad de Madrid;2025-09-01;15391;44053
Región de Murcia;2025-09-01;8777;22005
Comunidad Foral de Navarra;2025-09-01;3078;7684
País Vasco;2025-09-01;13893;27141
La Rioja;2025-09-01;344;878
Andalucía;2025-10-01;17559;76476
Aragón;2025-10-01;7853;18175
Principado de Asturias;2025-10-01;3478;9827
Islas Baleares;2025-10-01;7835;18736
Canarias;2025-10-01;7087;20212
Cantabria;2025-10-01;2749;7036
Castilla y León;2025-10-01;10044;29439
Castilla-La Mancha;2025-10-01;5928;18066
Cataluña;2025-10-01;57158;106954
Comunidad Valenciana;2025-10-01;36540;97447
Extremadura;2025-10-01;1451;6102
Galicia;2025-10-01;6984;27094
Comunidad de Madrid;2025-10-01;15618;44522
Región de Murcia;2025-10-01;8855;22239
Comunidad Foral de Navarra;2025-10-01;3103;7734
País Vasco;2025-10-01;14021;27467
La Rioja;2025-10-01;341;869
Andalucía;2025-11-01;17980;77960
Aragón;2025-11-01;7937;18434
Principado de Asturias;2025-11-01;3493;9802
Islas Baleares;2025-11-01;7922;18955
Canarias;2025-11-01;7280;20843
Cantabria;2025-11-01;2777;7084
Castilla y León;2025-11-01;10155;29668
Castilla-La Mancha;2025-11-01;6122;18445
Cataluña;2025-11-01;57926;108499
Comunidad Valenciana;2025-11-01;37252;98812
Extremadura;2025-11-01;1458;6150
Galicia;2025-11-01;7435;28188
Comunidad de Madrid;2025-11-01;15894;45015
Región de Murcia;2025-11-01;8917;22370
Comunidad Foral de Navarra;2025-11-01;3130;7812
País Vasco;2025-11-01;14023;27444
La Rioja;2025-11-01;346;877
Andalucía;2025-12-01;18294;78887
Aragón;2025-12-01;8000;18656
Principado de Asturias;2025-12-01;3508;9815
Islas Baleares;2025-12-01;8048;19196
Canarias;2025-12-01;7417;21324
Cantabria;2025-12-01;2751;7041
Castilla y León;2025-12-01;10061;29423
Castilla-La Mancha;2025-12-01;6384;19035
Cataluña;2025-12-01;58718;110202
Comunidad Valenciana;2025-12-01;37388;99082
Extremadura;2025-12-01;1473;6195
Galicia;2025-12-01;7877;29264
Comunidad de Madrid;2025-12-01;16051;45348
Región de Murcia;2025-12-01;9226;23171
Comunidad Foral de Navarra;2025-12-01;3108;7699
País Vasco;2025-12-01;14037;27488
La Rioja;2025-12-01;348;879
Andalucía;2026-01-01;18500;79539
Aragón;2026-01-01;8031;18709
Principado de Asturias;2026-01-01;3503;9822
Islas Baleares;2026-01-01;8131;19329
Canarias;2026-01-01;7631;21943
Cantabria;2026-01-01;2743;7027
Castilla y León;2026-01-01;10052;29319
Castilla-La Mancha;2026-01-01;6420;19046
Cataluña;2026-01-01;59185;111096
Comunidad Valenciana;2026-01-01;37450;99043
Extremadura;2026-01-01;1461;6159
Galicia;2026-01-01;7826;29053
Comunidad de Madrid;2026-01-01;15939;45046
Región de Murcia;2026-01-01;9155;23043
Comunidad Foral de Navarra;2026-01-01;3040;7579
País Vasco;2026-01-01;13855;27233
La Rioja;2026-01-01;347;880
Andalucía;2026-02-01;18673;79970
Aragón;2026-02-01;7978;18704
Principado de Asturias;2026-02-01;3550;9866
Islas Baleares;2026-02-01;8189;19467
Canarias;2026-02-01;7884;22550
Cantabria;2026-02-01;2713;6943
Castilla y León;2026-02-01;10072;29309
Castilla-La Mancha;2026-02-01;6532;19111
Cataluña;2026-02-01;59672;111927
Comunidad Valenciana;2026-02-01;37868;99579
Extremadura;2026-02-01;1433;6085
Galicia;2026-02-01;8021;29391
Comunidad de Madrid;2026-02-01;16388;46055
Región de Murcia;2026-02-01;9148;23069
Comunidad Foral de Navarra;2026-02-01;3058;7636
País Vasco;2026-02-01;13780;27154
La Rioja;2026-02-01;350;889
Andalucía;2026-03-01;18917;80665
Aragón;2026-03-01;8099;18856
Principado de Asturias;2026-03-01;3596;9893
Islas Baleares;2026-03-01;8304;19635
Canarias;2026-03-01;8050;23137
Cantabria;2026-03-01;2715;7008
Castilla y León;2026-03-01;10119;29393
Castilla-La Mancha;2026-03-01;6665;19388
Cataluña;2026-03-01;60359;113280
Comunidad Valenciana;2026-03-01;38167;100083
Extremadura;2026-03-01;1476;6255
Galicia;2026-03-01;8422;30322
Comunidad de Madrid;2026-03-01;16623;46623
Región de Murcia;2026-03-01;9260;23357
Comunidad Foral de Navarra;2026-03-01;3051;7611
País Vasco;2026-03-01;13755;27193
La Rioja;2026-03-01;349;893
