ccaa;fecha;tiempo_solicitud_grado;tiempo_grado_prestacion;tiempo_espera_total_dias
Andalucía;2023-01-01;334,66;187,86;538,08
Aragón;2023-01-01;157,76;62,48;220,11
Principado de Asturias;2023-01-01;141,27;109,42;243,82
Islas Baleares;2023-01-01;132,55;93,47;226,88
Canarias;2023-01-01;541,82;274,26;963,19
Cantabria;2023-01-01;90,73;109,71;194,83
Castilla y León;2023-01-01;120,14;0,02;124,51
Castilla-La Mancha;2023-01-01;117,27;77,87;189,84
Cataluña;2023-01-01;164,95;140,16;294,31
Comunidad Valenciana;2023-01-01;241,94;53,92;300,29
Extremadura;2023-01-01;172,49;169,57;378,02
Galicia;2023-01-01;288,47;73,89;371,77
Comunidad de Madrid;2023-01-01;139,70;51,79;272,15
Región de Murcia;2023-01-01;250,09;210,26;486,36
Comunidad Foral de Navarra;2023-01-01;75,79;106,12;176,95
País Vasco;2023-01-01;87,71;50,55;137,17
La Rioja;2023-01-01;51,85;214,36;261,54
Castilla y León;2023-01-01;NA;NA;NA
Andalucía;2023-02-01;337,09;187,55;533,87
Aragón;2023-02-01;156,91;54,67;214,44
Principado de Asturias;2023-02-01;142,67;113,84;249,28
Islas Baleares;2023-02-01;132,55;91,73;224,62
Canarias;2023-02-01;524,62;267,42;945,61
Cantabria;2023-02-01;93,75;104,50;191,43
Castilla y León;2023-02-01;119,90;0,02;123,30
Castilla-La Mancha;2023-02-01;118,61;76,35;188,57
Cataluña;2023-02-01;166,25;136,29;288,74
Comunidad Valenciana;2023-02-01;236,97;52,87;294,58
Extremadura;2023-02-01;166,13;170,98;373,36
Galicia;2023-02-01;288,59;76,23;371,75
Comunidad de Madrid;2023-02-01;141,19;53,89;275,95
Región de Murcia;2023-02-01;249,41;214,48;486,29
Comunidad Foral de Navarra;2023-02-01;78,18;104,28;175,57
País Vasco;2023-02-01;87,33;49,89;137,95
La Rioja;2023-02-01;52,28;204,49;251,17
Castilla y León;2023-02-01;NA;NA;NA
Andalucía;2023-03-01;340,08;190,36;533,31
Aragón;2023-03-01;155,38;48,57;206,68
Principado de Asturias;2023-03-01;143,67;123,78;259,73
Islas Baleares;2023-03-01;132,11;91,19;223,28
Canarias;2023-03-01;503,24;256,45;915,27
Cantabria;2023-03-01;95,19;102,29;191,37
Castilla y León;2023-03-01;119,87;0,01;123,70
Castilla-La Mancha;2023-03-01;121,62;73,58;187,07
Cataluña;2023-03-01;170,05;130,25;283,25
Comunidad Valenciana;2023-03-01;230,95;52,59;287,08
Extremadura;2023-03-01;161,71;172,35;367,81
Galicia;2023-03-01;286,40;78,49;371,17
Comunidad de Madrid;2023-03-01;144,95;55,82;279,51
Región de Murcia;2023-03-01;248,01;220,10;486,80
Comunidad Foral de Navarra;2023-03-01;82,17;102,34;175,91
País Vasco;2023-03-01;88,84;52,16;143,32
La Rioja;2023-03-01;51,36;205,38;252,22
Castilla y León;2023-03-01;NA;NA;NA
Andalucía;2023-04-01;343,22;189,40;530,28
Aragón;2023-04-01;154,24;44,56;201,61
Principado de Asturias;2023-04-01;147,12;132,17;270,71
Islas Baleares;2023-04-01;131,06;89,25;221,17
Canarias;2023-04-01;489,42;246,58;880,61
Cantabria;2023-04-01;97,83;99,16;189,40
Castilla y León;2023-04-01;120,73;0,01;123,39
Castilla-La Mancha;2023-04-01;122,59;71,76;186,83
Cataluña;2023-04-01;171,68;128,91;284,21
Comunidad Valenciana;2023-04-01;224,28;52,64;282,16
Extremadura;2023-04-01;158,57;175,72;368,98
Galicia;2023-04-01;285,02;82,71;374,86
Comunidad de Madrid;2023-04-01;147,40;57,60;282,32
Región de Murcia;2023-04-01;246,95;224,39;488,30
Comunidad Foral de Navarra;2023-04-01;86,68;101,67;178,07
País Vasco;2023-04-01;89,66;52,17;144,74
La Rioja;2023-04-01;51,05;198,19;245,23
Castilla y León;2023-04-01;NA;NA;NA
Andalucía;2023-05-01;344,64;190,23;529,05
Aragón;2023-05-01;153,24;40,51;196,03
Principado de Asturias;2023-05-01;152,10;134,08;274,56
Islas Baleares;2023-05-01;129,18;90,32;221,60
Canarias;2023-05-01;474,42;235,85;846,56
Cantabria;2023-05-01;99,99;94,92;186,09
Castilla y León;2023-05-01;120,91;0,01;123,22
Castilla-La Mancha;2023-05-01;123,65;68,67;184,93
Cataluña;2023-05-01;172,71;124,45;282,45
Comunidad Valenciana;2023-05-01;218,30;53,79;279,68
Extremadura;2023-05-01;154,02;176,17;361,07
Galicia;2023-05-01;280,08;84,90;373,40
Comunidad de Madrid;2023-05-01;150,20;58,90;285,70
Región de Murcia;2023-05-01;247,53;230,16;491,20
Comunidad Foral de Navarra;2023-05-01;93,17;97,93;177,25
País Vasco;2023-05-01;90,03;51,21;144,26
La Rioja;2023-05-01;50,74;185,72;232,80
Castilla y León;2023-05-01;NA;NA;NA
Andalucía;2023-06-01;345,59;189,40;529,11
Aragón;2023-06-01;153,40;41,69;195,30
Principado de Asturias;2023-06-01;158,83;138,12;280,18
Islas Baleares;2023-06-01;127,90;90,08;220,13
Canarias;2023-06-01;464,60;225,95;816,75
Cantabria;2023-06-01;102,58;87,98;181,84
Castilla y León;2023-06-01;122,65;0,01;125,14
Castilla-La Mancha;2023-06-01;124,78;67,31;183,98
Cataluña;2023-06-01;173,43;120,64;280,45
Comunidad Valenciana;2023-06-01;213,48;55,78;277,96
Extremadura;2023-06-01;149,87;171,85;344,49
Galicia;2023-06-01;278,78;87,01;372,61
Comunidad de Madrid;2023-06-01;154,40;60,16;288,33
Región de Murcia;2023-06-01;249,03;239,57;496,58
Comunidad Foral de Navarra;2023-06-01;97,47;93,18;176,39
País Vasco;2023-06-01;90,83;53,54;148,42
La Rioja;2023-06-01;50,70;180,97;228,02
Castilla y León;2023-06-01;NA;NA;NA
Andalucía;2023-07-01;347,73;191,80;532,13
Aragón;2023-07-01;153,22;42,47;195,81
Principado de Asturias;2023-07-01;164,11;140,73;285,96
Islas Baleares;2023-07-01;128,97;89,46;219,45
Canarias;2023-07-01;457,48;216,96;782,31
Cantabria;2023-07-01;105,87;84,05;180,55
Castilla y León;2023-07-01;123,87;0,01;125,44
Castilla-La Mancha;2023-07-01;126,10;66,40;185,11
Cataluña;2023-07-01;174,19;117,64;279,95
Comunidad Valenciana;2023-07-01;208,77;56,61;276,65
Extremadura;2023-07-01;145,54;169,08;337,53
Galicia;2023-07-01;277,00;86,83;370,47
Comunidad de Madrid;2023-07-01;156,08;59,41;288,42
Región de Murcia;2023-07-01;254,16;243,37;498,05
Comunidad Foral de Navarra;2023-07-01;99,83;90,83;176,42
País Vasco;2023-07-01;91,21;50,56;146,33
La Rioja;2023-07-01;50,61;177,51;224,36
Castilla y León;2023-07-01;NA;NA;NA
Andalucía;2023-08-01;347,53;194,90;538,13
Aragón;2023-08-01;152,85;39,72;193,64
Principado de Asturias;2023-08-01;166,27;142,51;289,62
Islas Baleares;2023-08-01;127,92;91,86;220,08
Canarias;2023-08-01;448,04;207,75;745,33
Cantabria;2023-08-01;108,71;80,53;179,27
Castilla y León;2023-08-01;124,35;0,01;125,44
Castilla-La Mancha;2023-08-01;125,52;65,59;184,72
Cataluña;2023-08-01;174,92;116,18;280,57
Comunidad Valenciana;2023-08-01;207,33;57,86;277,47
Extremadura;2023-08-01;144,21;168,65;336,37
Galicia;2023-08-01;273,36;87,88;370,40
Comunidad de Madrid;2023-08-01;157,86;58,90;289,09
Región de Murcia;2023-08-01;256,30;243,16;497,37
Comunidad Foral de Navarra;2023-08-01;102,59;89,21;176,61
País Vasco;2023-08-01;90,95;50,62;146,18
La Rioja;2023-08-01;51,03;175,44;222,03
Castilla y León;2023-08-01;NA;NA;NA
Andalucía;2023-09-01;348,98;199,77;541,57
Aragón;2023-09-01;152,44;37,52;190,41
Principado de Asturias;2023-09-01;169,54;141,59;291,16
Islas Baleares;2023-09-01;126,09;93,11;220,54
Canarias;2023-09-01;440,38;199,10;716,83
Cantabria;2023-09-01;113,13;76,43;177,73
Castilla y León;2023-09-01;122,99;0,01;125,96
Castilla-La Mancha;2023-09-01;124,36;64,60;184,10
Cataluña;2023-09-01;175,79;115,90;282,33
Comunidad Valenciana;2023-09-01;204,17;60,67;277,62
Extremadura;2023-09-01;142,31;163,92;326,23
Galicia;2023-09-01;272,55;88,95;370,78
Comunidad de Madrid;2023-09-01;161,61;57,12;288,61
Región de Murcia;2023-09-01;262,35;248,22;498,87
Comunidad Foral de Navarra;2023-09-01;104,41;84,02;176,75
País Vasco;2023-09-01;89,34;49,34;144,02
La Rioja;2023-09-01;51,57;169,80;215,94
Castilla y León;2023-09-01;NA;NA;NA
Andalucía;2023-10-01;351,55;203,20;542,22
Aragón;2023-10-01;151,53;38,12;189,36
Principado de Asturias;2023-10-01;172,71;144,93;297,80
Islas Baleares;2023-10-01;123,78;94,05;220,41
Canarias;2023-10-01;434,12;191,51;687,19
Cantabria;2023-10-01;117,09;72,92;177,48
Castilla y León;2023-10-01;120,90;0,00;126,51
Castilla-La Mancha;2023-10-01;126,23;64,76;185,58
Cataluña;2023-10-01;176,21;112,00;280,42
Comunidad Valenciana;2023-10-01;200,80;69,35;280,29
Extremadura;2023-10-01;141,81;161,68;317,17
Galicia;2023-10-01;270,40;89,70;370,79
Comunidad de Madrid;2023-10-01;163,02;54,98;287,84
Región de Murcia;2023-10-01;264,41;254,33;503,99
Comunidad Foral de Navarra;2023-10-01;106,47;81,69;177,07
País Vasco;2023-10-01;87,39;47,70;141,48
La Rioja;2023-10-01;51,61;165,35;211,75
Castilla y León;2023-10-01;NA;NA;NA
Andalucía;2023-11-01;354,29;209,22;549,07
Aragón;2023-11-01;150,40;38,98;187,86
Principado de Asturias;2023-11-01;176,28;143,90;305,17
Islas Baleares;2023-11-01;122,45;94,22;219,47
Canarias;2023-11-01;429,42;187,73;664,22
Cantabria;2023-11-01;121,31;69,14;177,18
Castilla y León;2023-11-01;121,59;0,00;127,24
Castilla-La Mancha;2023-11-01;127,30;65,86;189,58
Cataluña;2023-11-01;176,32;111,08;280,44
Comunidad Valenciana;2023-11-01;199,05;75,64;282,84
Extremadura;2023-11-01;139,21;161,24;310,83
Galicia;2023-11-01;268,22;90,30;369,78
Comunidad de Madrid;2023-11-01;163,87;54,95;287,87
Región de Murcia;2023-11-01;265,94;258,05;508,10
Comunidad Foral de Navarra;2023-11-01;108,22;79,45;177,55
País Vasco;2023-11-01;85,06;48,22;141,29
La Rioja;2023-11-01;51,65;160,10;206,75
Castilla y León;2023-11-01;NA;NA;NA
Andalucía;2023-12-01;356,02;212,57;556,99
Aragón;2023-12-01;150,84;40,56;190,34
Principado de Asturias;2023-12-01;181,14;134,89;304,45
Islas Baleares;2023-12-01;122,81;95,14;218,88
Canarias;2023-12-01;425,90;183,98;647,28
Cantabria;2023-12-01;125,12;62,72;173,42
Castilla y León;2023-12-01;118,76;0,00;127,39
Castilla-La Mancha;2023-12-01;124,55;67,24;190,84
Cataluña;2023-12-01;176,79;111,81;281,11
Comunidad Valenciana;2023-12-01;198,71;76,23;279,31
Extremadura;2023-12-01;138,43;161,75;309,10
Galicia;2023-12-01;267,30;88,01;362,46
Comunidad de Madrid;2023-12-01;165,44;54,69;288,35
Región de Murcia;2023-12-01;266,87;258,83;509,25
Comunidad Foral de Navarra;2023-12-01;108,09;76,95;178,21
País Vasco;2023-12-01;82,23;49,29;139,74
La Rioja;2023-12-01;52,89;155,64;202,79
Castilla y León;2023-12-01;NA;NA;NA
Andalucía;2024-01-01;356,35;215,31;561,13
Aragón;2024-01-01;151,53;43,57;194,28
Principado de Asturias;2024-01-01;186,18;132,38;306,41
Islas Baleares;2024-01-01;122,60;96,86;219,41
Canarias;2024-01-01;413,55;183,53;635,79
Cantabria;2024-01-01;128,16;59,56;176,45
Castilla y León;2024-01-01;118,66;0,03;127,67
Castilla-La Mancha;2024-01-01;127,06;66,95;190,07
Cataluña;2024-01-01;177,24;110,01;279,92
Comunidad Valenciana;2024-01-01;198,47;77,78;278,30
Extremadura;2024-01-01;137,40;160,73;307,09
Galicia;2024-01-01;265,19;89,16;364,39
Comunidad de Madrid;2024-01-01;164,59;54,82;287,55
Región de Murcia;2024-01-01;267,49;259,28;509,63
Comunidad Foral de Navarra;2024-01-01;108,55;76,54;180,65
País Vasco;2024-01-01;81,16;51,24;140,40
La Rioja;2024-01-01;52,87;151,76;199,03
Castilla y León;2024-01-01;NA;NA;NA
Andalucía;2024-02-01;352,58;217,18;563,98
Aragón;2024-02-01;152,22;47,33;199,52
Principado de Asturias;2024-02-01;192,89;127,89;307,75
Islas Baleares;2024-02-01;121,56;101,10;223,37
Canarias;2024-02-01;408,92;180,65;627,70
Cantabria;2024-02-01;134,02;56,69;180,90
Castilla y León;2024-02-01;118,94;0,06;128,06
Castilla-La Mancha;2024-02-01;127,52;65,82;191,28
Cataluña;2024-02-01;177,66;107,58;277,53
Comunidad Valenciana;2024-02-01;200,68;89,20;290,83
Extremadura;2024-02-01;135,56;158,65;302,52
Galicia;2024-02-01;268,22;91,44;368,19
Comunidad de Madrid;2024-02-01;167,01;53,80;286,82
Región de Murcia;2024-02-01;269,94;260,39;510,88
Comunidad Foral de Navarra;2024-02-01;108,49;75,86;181,37
País Vasco;2024-02-01;80,01;51,18;138,47
La Rioja;2024-02-01;54,06;149,04;196,39
Castilla y León;2024-02-01;NA;NA;NA
Andalucía;2024-03-01;350,01;220,31;568,00
Aragón;2024-03-01;153,80;50,03;203,51
Principado de Asturias;2024-03-01;204,65;118,67;308,19
Islas Baleares;2024-03-01;119,67;105,91;227,29
Canarias;2024-03-01;404,64;176,25;609,96
Cantabria;2024-03-01;139,26;50,56;182,20
Castilla y León;2024-03-01;118,47;0,07;127,54
Castilla-La Mancha;2024-03-01;129,13;66,83;192,38
Cataluña;2024-03-01;176,65;107,56;275,89
Comunidad Valenciana;2024-03-01;203,74;97,19;301,76
Extremadura;2024-03-01;133,97;159,99;300,06
Galicia;2024-03-01;271,22;95,19;370,79
Comunidad de Madrid;2024-03-01;167,77;55,05;287,62
Región de Murcia;2024-03-01;276,35;256,80;510,08
Comunidad Foral de Navarra;2024-03-01;109,58;77,43;184,35
País Vasco;2024-03-01;78,97;49,95;136,14
La Rioja;2024-03-01;55,14;148,63;196,37
Castilla y León;2024-03-01;NA;NA;NA
Andalucía;2024-04-01;350,26;224,79;574,26
Aragón;2024-04-01;154,91;51,69;206,30
Principado de Asturias;2024-04-01;220,04;108,15;308,93
Islas Baleares;2024-04-01;120,78;111,35;232,24
Canarias;2024-04-01;399,54;176,10;594,95
Cantabria;2024-04-01;141,61;78,37;209,44
Castilla y León;2024-04-01;118,31;0,07;126,80
Castilla-La Mancha;2024-04-01;129,18;66,83;192,47
Cataluña;2024-04-01;175,90;107,69;277,50
Comunidad Valenciana;2024-04-01;206,98;99,17;306,24
Extremadura;2024-04-01;132,82;157,60;293,08
Galicia;2024-04-01;271,28;98,21;373,29
Comunidad de Madrid;2024-04-01;170,53;57,62;288,15
Región de Murcia;2024-04-01;282,81;254,13;510,46
Comunidad Foral de Navarra;2024-04-01;111,89;78,14;186,02
País Vasco;2024-04-01;77,62;50,31;134,85
La Rioja;2024-04-01;55,55;148,48;196,03
Castilla y León;2024-04-01;NA;NA;NA
Andalucía;2024-05-01;350,98;228,50;579,91
Aragón;2024-05-01;156,39;53,46;209,30
Principado de Asturias;2024-05-01;235,14;99,82;316,09
Islas Baleares;2024-05-01;123,03;118,72;239,05
Canarias;2024-05-01;398,97;178,66;593,40
Cantabria;2024-05-01;145,77;72,06;210,39
Castilla y León;2024-05-01;119,38;0,07;127,84
Castilla-La Mancha;2024-05-01;130,94;66,60;192,07
Cataluña;2024-05-01;175,84;105,82;276,15
Comunidad Valenciana;2024-05-01;211,42;101,87;313,50
Extremadura;2024-05-01;130,91;156,01;290,63
Galicia;2024-05-01;273,75;97,40;373,51
Comunidad de Madrid;2024-05-01;173,03;58,18;288,74
Región de Murcia;2024-05-01;290,27;252,42;511,45
Comunidad Foral de Navarra;2024-05-01;113,54;80,40;189,26
País Vasco;2024-05-01;75,22;51,33;133,25
La Rioja;2024-05-01;56,33;150,68;198,93
Castilla y León;2024-05-01;NA;NA;NA
Andalucía;2024-06-01;354,74;233,27;585,08
Aragón;2024-06-01;157,21;53,37;211,44
Principado de Asturias;2024-06-01;256,09;92,01;320,06
Islas Baleares;2024-06-01;122,32;125,48;245,50
Canarias;2024-06-01;395,02;179,91;591,41
Cantabria;2024-06-01;146,60;69,06;209,01
Castilla y León;2024-06-01;118,70;0,11;126,75
Castilla-La Mancha;2024-06-01;130,45;67,07;194,90
Cataluña;2024-06-01;176,34;101,28;273,07
Comunidad Valenciana;2024-06-01;216,78;99,27;314,32
Extremadura;2024-06-01;129,92;157,36;294,35
Galicia;2024-06-01;283,23;98,59;380,49
Comunidad de Madrid;2024-06-01;175,89;58,70;290,10
Región de Murcia;2024-06-01;294,94;253,00;515,27
Comunidad Foral de Navarra;2024-06-01;117,78;82,18;192,86
País Vasco;2024-06-01;73,90;50,58;131,10
La Rioja;2024-06-01;56,57;149,56;198,64
Castilla y León;2024-06-01;NA;NA;NA
Andalucía;2024-07-01;358,31;240,70;593,78
Aragón;2024-07-01;155,94;53,15;210,21
Principado de Asturias;2024-07-01;262,77;82,05;319,42
Islas Baleares;2024-07-01;120,48;126,92;247,53
Canarias;2024-07-01;391,42;177,19;585,08
Cantabria;2024-07-01;151,23;66,43;210,08
Castilla y León;2024-07-01;119,06;0,12;127,04
Castilla-La Mancha;2024-07-01;128,75;67,23;195,11
Cataluña;2024-07-01;177,36;96,49;268,42
Comunidad Valenciana;2024-07-01;221,57;101,35;317,88
Extremadura;2024-07-01;129,54;157,62;293,31
Galicia;2024-07-01;285,16;103,08;384,89
Comunidad de Madrid;2024-07-01;177,90;58,86;291,68
Región de Murcia;2024-07-01;297,68;248,19;513,53
Comunidad Foral de Navarra;2024-07-01;122,04;83,05;197,66
País Vasco;2024-07-01;72,85;53,23;131,89
La Rioja;2024-07-01;56,48;148,56;198,01
Castilla y León;2024-07-01;NA;NA;NA
Andalucía;2024-08-01;378,19;251,59;603,14
Aragón;2024-08-01;152,73;52,93;208,00
Principado de Asturias;2024-08-01;268,19;78,56;325,99
Islas Baleares;2024-08-01;119,41;129,53;250,37
Canarias;2024-08-01;390,07;173,45;579,82
Cantabria;2024-08-01;154,80;65,66;213,04
Castilla y León;2024-08-01;118,88;0,13;126,86
Castilla-La Mancha;2024-08-01;128,06;66,72;194,63
Cataluña;2024-08-01;177,05;84,54;258,13
Comunidad Valenciana;2024-08-01;223,64;100,40;315,67
Extremadura;2024-08-01;129,31;156,00;289,90
Galicia;2024-08-01;280,80;107,59;385,71
Comunidad de Madrid;2024-08-01;179,05;59,16;292,40
Región de Murcia;2024-08-01;300,39;247,05;513,26
Comunidad Foral de Navarra;2024-08-01;125,14;80,95;198,68
País Vasco;2024-08-01;71,41;53,45;131,18
La Rioja;2024-08-01;56,22;147,95;197,95
Castilla y León;2024-08-01;NA;NA;NA
Andalucía;2024-09-01;378,92;255,19;609,29
Aragón;2024-09-01;147,95;50,85;202,07
Principado de Asturias;2024-09-01;279,83;71,69;333,00
Islas Baleares;2024-09-01;119,79;129,25;248,97
Canarias;2024-09-01;390,10;173,21;575,56
Cantabria;2024-09-01;157,45;63,66;214,12
Castilla y León;2024-09-01;118,12;0,12;126,37
Castilla-La Mancha;2024-09-01;126,63;67,25;195,10
Cataluña;2024-09-01;177,23;87,64;262,42
Comunidad Valenciana;2024-09-01;228,12;98,24;315,82
Extremadura;2024-09-01;129,71;155,48;287,67
Galicia;2024-09-01;272,33;113,31;387,20
Comunidad de Madrid;2024-09-01;182,01;61,02;294,20
Región de Murcia;2024-09-01;305,55;244,80;512,93
Comunidad Foral de Navarra;2024-09-01;128,13;79,94;200,19
País Vasco;2024-09-01;70,69;53,23;129,86
La Rioja;2024-09-01;56,81;150,95;200,81
Castilla y León;2024-09-01;NA;NA;NA
Andalucía;2024-10-01;383,13;261,29;617,85
Aragón;2024-10-01;145,02;49,02;198,08
Principado de Asturias;2024-10-01;287,71;53,18;339,05
Islas Baleares;2024-10-01;120,74;128,84;248,54
Canarias;2024-10-01;385,68;172,74;573,80
Cantabria;2024-10-01;161,57;58,83;214,35
Castilla y León;2024-10-01;117,82;0,12;126,20
Castilla-La Mancha;2024-10-01;122,50;66,05;192,78
Cataluña;2024-10-01;178,38;89,75;265,04
Comunidad Valenciana;2024-10-01;233,35;93,61;315,46
Extremadura;2024-10-01;129,57;152,84;284,67
Galicia;2024-10-01;261,87;120,17;386,97
Comunidad de Madrid;2024-10-01;185,94;62,23;298,30
Región de Murcia;2024-10-01;308,82;243,75;514,38
Comunidad Foral de Navarra;2024-10-01;131,40;80,17;202,99
País Vasco;2024-10-01;70,32;51,84;127,81
La Rioja;2024-10-01;56,95;156,64;206,37
Castilla y León;2024-10-01;NA;NA;NA
Andalucía;2024-11-01;390,58;247,58;611,02
Aragón;2024-11-01;141,57;46,40;193,83
Principado de Asturias;2024-11-01;297,49;39,17;342,87
Islas Baleares;2024-11-01;121,48;128,45;248,04
Canarias;2024-11-01;386,15;168,67;566,89
Cantabria;2024-11-01;162,14;52,31;209,60
Castilla y León;2024-11-01;118,24;0,11;126,53
Castilla-La Mancha;2024-11-01;122,56;64,60;188,73
Cataluña;2024-11-01;179,62;92,55;267,81
Comunidad Valenciana;2024-11-01;239,53;86,54;313,39
Extremadura;2024-11-01;129,71;150,38;281,48
Galicia;2024-11-01;259,79;125,81;387,74
Comunidad de Madrid;2024-11-01;189,08;63,48;302,40
Región de Murcia;2024-11-01;318,15;243,09;516,96
Comunidad Foral de Navarra;2024-11-01;135,44;76,78;203,10
País Vasco;2024-11-01;69,95;51,35;125,77
La Rioja;2024-11-01;55,96;159,97;209,91
Castilla y León;2024-11-01;NA;NA;NA
Andalucía;2024-12-01;409,37;216,24;602,11
Aragón;2024-12-01;140,24;43,70;189,17
Principado de Asturias;2024-12-01;302,98;33,58;346,30
Islas Baleares;2024-12-01;122,63;127,86;247,73
Canarias;2024-12-01;388,50;166,17;560,69
Cantabria;2024-12-01;162,71;50,36;209,54
Castilla y León;2024-12-01;113,73;0,11;118,61
Castilla-La Mancha;2024-12-01;123,45;63,03;186,66
Cataluña;2024-12-01;181,52;96,46;270,99
Comunidad Valenciana;2024-12-01;243,33;83,80;317,47
Extremadura;2024-12-01;129,44;146,98;278,83
Galicia;2024-12-01;257,20;127,35;386,31
Comunidad de Madrid;2024-12-01;191,41;63,78;305,90
Región de Murcia;2024-12-01;319,46;242,13;520,08
Comunidad Foral de Navarra;2024-12-01;135,39;75,48;204,30
País Vasco;2024-12-01;70,06;54,49;127,92
La Rioja;2024-12-01;56,25;171,29;220,05
Castilla y León;2024-12-01;NA;NA;NA
Andalucía;2025-01-01;421,27;200,35;596,75
Aragón;2025-01-01;139,54;40,78;185,71
Principado de Asturias;2025-01-01;308,02;23,73;345,68
Islas Baleares;2025-01-01;123,90;127,53;248,46
Canarias;2025-01-01;397,75;163,04;555,89
Cantabria;2025-01-01;162,37;45,60;206,86
Castilla y León;2025-01-01;114,08;0,11;118,89
Castilla-La Mancha;2025-01-01;119,82;62,88;186,36
Cataluña;2025-01-01;183,07;94,68;269,84
Comunidad Valenciana;2025-01-01;249,56;80,36;314,59
Extremadura;2025-01-01;129,29;146,33;278,16
Galicia;2025-01-01;255,46;129,34;386,91
Comunidad de Madrid;2025-01-01;194,25;64,20;307,90
Región de Murcia;2025-01-01;321,20;241,97;524,80
Comunidad Foral de Navarra;2025-01-01;136,00;74,23;204,76
País Vasco;2025-01-01;69,53;53,90;126,30
La Rioja;2025-01-01;56,67;175,27;223,72
Castilla y León;2025-01-01;NA;NA;NA
Andalucía;2025-02-01;432,83;181,75;592,02
Aragón;2025-02-01;139,70;37,84;182,09
Principado de Asturias;2025-02-01;311,41;15,59;344,43
Islas Baleares;2025-02-01;124,48;124,81;247,01
Canarias;2025-02-01;393,64;159,00;551,26
Cantabria;2025-02-01;162,47;42,32;202,51
Castilla y León;2025-02-01;112,17;0,08;116,39
Castilla-La Mancha;2025-02-01;118,32;63,43;183,65
Cataluña;2025-02-01;185,02;91,58;266,67
Comunidad Valenciana;2025-02-01;252,47;72,56;313,47
Extremadura;2025-02-01;130,24;146,02;277,90
Galicia;2025-02-01;252,76;131,28;387,74
Comunidad de Madrid;2025-02-01;198,50;63,55;310,94
Región de Murcia;2025-02-01;323,64;243,69;532,98
Comunidad Foral de Navarra;2025-02-01;136,19;72,45;204,88
País Vasco;2025-02-01;70,63;52,85;125,33
La Rioja;2025-02-01;57,92;180,92;229,28
Castilla y León;2025-02-01;NA;NA;NA
Andalucía;2025-03-01;463,54;165,59;586,52
Aragón;2025-03-01;138,27;35,61;178,93
Principado de Asturias;2025-03-01;310,94;8,48;342,09
Islas Baleares;2025-03-01;125,96;124,58;247,10
Canarias;2025-03-01;384,77;157,35;549,37
Cantabria;2025-03-01;162,11;49,52;207,17
Castilla y León;2025-03-01;111,70;0,06;115,39
Castilla-La Mancha;2025-03-01;115,77;62,54;181,43
Cataluña;2025-03-01;187,17;87,92;264,40
Comunidad Valenciana;2025-03-01;254,59;65,88;311,78
Extremadura;2025-03-01;129,50;142,24;272,64
Galicia;2025-03-01;248,64;136,69;392,96
Comunidad de Madrid;2025-03-01;205,45;67,36;320,26
Región de Murcia;2025-03-01;326,53;247,80;542,83
Comunidad Foral de Navarra;2025-03-01;135,58;69,70;204,03
País Vasco;2025-03-01;71,28;54,96;127,75
La Rioja;2025-03-01;58,90;176,63;224,42
Castilla y León;2025-03-01;NA;NA;NA
Andalucía;2025-04-01;474,68;150,01;584,28
Aragón;2025-04-01;136,86;33,10;175,41
Principado de Asturias;2025-04-01;310,30;6,56;339,14
Islas Baleares;2025-04-01;125,90;122,25;244,75
Canarias;2025-04-01;375,43;153,36;542,74
Cantabria;2025-04-01;160,78;48,63;206,60
Castilla y León;2025-04-01;111,02;0,04;114,86
Castilla-La Mancha;2025-04-01;114,73;61,61;179,54
Cataluña;2025-04-01;189,96;84,52;263,60
Comunidad Valenciana;2025-04-01;258,10;62,01;309,90
Extremadura;2025-04-01;129,37;138,55;269,05
Galicia;2025-04-01;247,25;149,45;409,05
Comunidad de Madrid;2025-04-01;208,16;66,76;324,95
Región de Murcia;2025-04-01;326,92;248,18;548,86
Comunidad Foral de Navarra;2025-04-01;134,12;64,81;198,15
País Vasco;2025-04-01;71,45;57,37;130,36
La Rioja;2025-04-01;59,98;177,68;225,67
Castilla y León;2025-04-01;NA;NA;NA
Andalucía;2025-05-01;480,70;133,37;579,26
Aragón;2025-05-01;135,22;28,50;167,07
Principado de Asturias;2025-05-01;310,08;5,21;336,91
Islas Baleares;2025-05-01;126,17;118,49;241,29
Canarias;2025-05-01;366,10;150,34;539,66
Cantabria;2025-05-01;161,07;50,95;208,29
Castilla y León;2025-05-01;109,37;0,03;113,22
Castilla-La Mancha;2025-05-01;110,98;61,42;178,73
Cataluña;2025-05-01;193,00;84,74;267,13
Comunidad Valenciana;2025-05-01;259,96;62,28;310,36
Extremadura;2025-05-01;130,92;133,97;264,12
Galicia;2025-05-01;207,59;157,21;387,09
Comunidad de Madrid;2025-05-01;212,30;68,18;330,39
Región de Murcia;2025-05-01;328,58;248,20;555,33
Comunidad Foral de Navarra;2025-05-01;131,61;72,32;201,74
País Vasco;2025-05-01;72,39;56,35;129,01
La Rioja;2025-05-01;61,35;175,41;223,35
Castilla y León;2025-05-01;NA;NA;NA
Andalucía;2025-06-01;483,26;118,51;574,23
Aragón;2025-06-01;133,79;27,43;162,75
Principado de Asturias;2025-06-01;309,04;4,66;336,23
Islas Baleares;2025-06-01;127,08;106,88;231,57
Canarias;2025-06-01;356,85;140,78;520,80
Cantabria;2025-06-01;160,52;52,18;209,61
Castilla y León;2025-06-01;109,56;0,12;113,19
Castilla-La Mancha;2025-06-01;109,13;61,34;176,23
Cataluña;2025-06-01;195,46;82,04;269,45
Comunidad Valenciana;2025-06-01;261,77;63,40;311,88
Extremadura;2025-06-01;133,61;131,14;260,46
Galicia;2025-06-01;171,99;161,98;361,07
Comunidad de Madrid;2025-06-01;218,20;69,75;336,29
Región de Murcia;2025-06-01;333,25;250,42;564,23
Comunidad Foral de Navarra;2025-06-01;132,51;72,51;202,12
País Vasco;2025-06-01;73,64;55,71;129,33
La Rioja;2025-06-01;64,03;174,26;222,39
Castilla y León;2025-06-01;NA;NA;NA
Andalucía;2025-07-01;485,71;106,36;569,81
Aragón;2025-07-01;132,31;24,93;158,17
Principado de Asturias;2025-07-01;313,98;4,32;334,04
Islas Baleares;2025-07-01;127,10;102,69;227,18
Canarias;2025-07-01;351,34;138,21;513,20
Cantabria;2025-07-01;159,24;54,00;211,94
Castilla y León;2025-07-01;109,22;0,13;112,69
Castilla-La Mancha;2025-07-01;106,84;61,15;174,24
Cataluña;2025-07-01;197,51;77,77;269,62
Comunidad Valenciana;2025-07-01;260,40;48,71;303,94
Extremadura;2025-07-01;135,84;127,78;258,30
Galicia;2025-07-01;170,76;162,50;358,48
Comunidad de Madrid;2025-07-01;220,45;69,01;342,50
Región de Murcia;2025-07-01;338,23;248,33;564,66
Comunidad Foral de Navarra;2025-07-01;132,33;72,96;202,90
País Vasco;2025-07-01;74,55;55,05;129,94
La Rioja;2025-07-01;66,97;175,61;225,29
Castilla y León;2025-07-01;NA;NA;NA
Andalucía;2025-08-01;489,81;90,88;565,08
Aragón;2025-08-01;131,13;23,35;154,94
Principado de Asturias;2025-08-01;314,40;2,80;331,71
Islas Baleares;2025-08-01;126,61;101,00;225,26
Canarias;2025-08-01;345,27;132,81;500,32
Cantabria;2025-08-01;158,05;54,49;210,96
Castilla y León;2025-08-01;109,60;0,15;113,28
Castilla-La Mancha;2025-08-01;106,35;61,26;172,39
Cataluña;2025-08-01;199,35;76,70;274,08
Comunidad Valenciana;2025-08-01;261,93;45,95;303,71
Extremadura;2025-08-01;137,06;127,02;259,57
Galicia;2025-08-01;164,80;160,36;349,56
Comunidad de Madrid;2025-08-01;221,31;68,80;344,40
Región de Murcia;2025-08-01;340,70;244,84;562,48
Comunidad Foral de Navarra;2025-08-01;131,49;71,95;201,89
País Vasco;2025-08-01;75,53;54,45;130,49
La Rioja;2025-08-01;69,62;169,34;220,39
Castilla y León;2025-08-01;NA;NA;NA
Andalucía;2025-09-01;496,36;80,16;559,37
Aragón;2025-09-01;128,02;22,64;151,69
Principado de Asturias;2025-09-01;310,22;2,34;325,82
Islas Baleares;2025-09-01;125,18;98,02;222,73
Canarias;2025-09-01;334,61;127,75;478,46
Cantabria;2025-09-01;158,14;53,07;210,63
Castilla y León;2025-09-01;109,18;0,14;113,10
Castilla-La Mancha;2025-09-01;106,12;59,74;169,03
Cataluña;2025-09-01;201,43;74,95;275,39
Comunidad Valenciana;2025-09-01;262,64;44,09;304,83
Extremadura;2025-09-01;139,41;123,86;256,80
Galicia;2025-09-01;169,60;158,40;348,57
Comunidad de Madrid;2025-09-01;222,05;67,10;345,89
Región de Murcia;2025-09-01;344,87;243,07;562,90
Comunidad Foral de Navarra;2025-09-01;130,06;71,11;200,34
País Vasco;2025-09-01;76,64;53,09;130,40
La Rioja;2025-09-01;72,16;160,66;212,92
Castilla y León;2025-09-01;NA;NA;NA
Andalucía;2025-10-01;484,91;57,81;534,14
Aragón;2025-10-01;124,45;22,08;148,56
Principado de Asturias;2025-10-01;308,31;1,86;321,18
Islas Baleares;2025-10-01;122,81;96,13;220,73
Canarias;2025-10-01;325,28;118,60;456,07
Cantabria;2025-10-01;156,42;57,96;212,94
Castilla y León;2025-10-01;109,27;0,14;113,20
Castilla-La Mancha;2025-10-01;108,74;58,93;166,79
Cataluña;2025-10-01;204,87;76,15;277,05
Comunidad Valenciana;2025-10-01;262,42;42,46;303,36
Extremadura;2025-10-01;144,16;122,61;257,10
Galicia;2025-10-01;164,75;158,39;339,88
Comunidad de Madrid;2025-10-01;220,85;66,97;346,38
Región de Murcia;2025-10-01;340,21;241,58;563,16
Comunidad Foral de Navarra;2025-10-01;128,99;72,50;201,33
País Vasco;2025-10-01;76,55;52,23;129,54
La Rioja;2025-10-01;76,60;152,82;207,41
Canarias;2025-10-01;NA;NA;NA
Andalucía;2025-11-01;470,73;43,48;512,13
Aragón;2025-11-01;119,88;22,76;145,47
Principado de Asturias;2025-11-01;308,12;5,80;323,43
Islas Baleares;2025-11-01;120,19;93,83;217,07
Canarias;2025-11-01;311,79;113,81;439,23
Cantabria;2025-11-01;149,59;58,15;203,34
Castilla y León;2025-11-01;109,08;0,13;113,53
Castilla-La Mancha;2025-11-01;107,23;57,46;165,88
Cataluña;2025-11-01;207,82;74,58;277,56
Comunidad Valenciana;2025-11-01;262,10;41,33;301,79
Extremadura;2025-11-01;147,74;120,94;258,16
Galicia;2025-11-01;160,92;156,00;329,40
Comunidad de Madrid;2025-11-01;222,49;64,66;346,37
Región de Murcia;2025-11-01;336,81;240,08;564,53
Comunidad Foral de Navarra;2025-11-01;130,50;73,58;201,20
País Vasco;2025-11-01;77,57;50,36;128,51
La Rioja;2025-11-01;79,20;135,45;193,21
Canarias;2025-11-01;NA;NA;NA
Andalucía;2025-12-01;443,09;38,60;495,79
Aragón;2025-12-01;115,74;22,53;140,59
Principado de Asturias;2025-12-01;305,44;11,14;326,85
Islas Baleares;2025-12-01;118,19;93,46;215,45
Canarias;2025-12-01;301,02;110,84;430,49
Cantabria;2025-12-01;148,21;58,90;202,76
Castilla y León;2025-12-01;108,39;0,12;112,74
Castilla-La Mancha;2025-12-01;107,27;56,94;164,53
Cataluña;2025-12-01;208,35;73,12;275,73
Comunidad Valenciana;2025-12-01;259,85;40,38;299,53
Extremadura;2025-12-01;147,85;119,87;258,61
Galicia;2025-12-01;165,66;154,17;323,84
Comunidad de Madrid;2025-12-01;223,26;63,12;347,72
Región de Murcia;2025-12-01;335,62;230,10;558,78
Comunidad Foral de Navarra;2025-12-01;130,58;73,50;200,80
País Vasco;2025-12-01;78,31;50,49;129,14
La Rioja;2025-12-01;78,73;112,56;174,19
Canarias;2025-12-01;NA;NA;NA
Andalucía;2026-01-01;437,75;36,58;488,29
Aragón;2026-01-01;111,04;22,56;136,19
Principado de Asturias;2026-01-01;307,89;20,00;337,33
Islas Baleares;2026-01-01;115,80;91,46;211,33
Canarias;2026-01-01;276,97;104,47;410,84
Cantabria;2026-01-01;147,71;38,02;182,39
Castilla y León;2026-01-01;108,71;0,12;112,40
Castilla-La Mancha;2026-01-01;109,41;57,22;164,52
Cataluña;2026-01-01;207,07;72,31;272,24
Comunidad Valenciana;2026-01-01;257,56;39,78;297,21
Extremadura;2026-01-01;149,05;119,49;258,60
Galicia;2026-01-01;167,38;153,68;322,35
Comunidad de Madrid;2026-01-01;225,35;61,58;347,50
Región de Murcia;2026-01-01;334,56;227,16;556,78
Comunidad Foral de Navarra;2026-01-01;130,90;72,53;199,66
País Vasco;2026-01-01;78,48;51,36;130,43
La Rioja;2026-01-01;78,98;104,36;167,23
Canarias;2026-01-01;NA;NA;NA
Andalucía;2026-02-01;430,37;32,41;476,75
Aragón;2026-02-01;106,54;24,12;134,17
Principado de Asturias;2026-02-01;307,62;39,23;354,67
Islas Baleares;2026-02-01;113,13;90,91;208,27
Canarias;2026-02-01;245,24;100,05;391,42
Cantabria;2026-02-01;147,54;39,83;183,21
Castilla y León;2026-02-01;109,69;0,13;113,62
Castilla-La Mancha;2026-02-01;109,37;57,18;165,71
Cataluña;2026-02-01;208,37;68,61;265,90
Comunidad Valenciana;2026-02-01;257,84;39,01;296,54
Extremadura;2026-02-01;150,73;120,36;259,73
Galicia;2026-02-01;169,42;152,25;316,91
Comunidad de Madrid;2026-02-01;228,17;59,32;349,20
Región de Murcia;2026-02-01;329,76;221,07;553,61
Comunidad Foral de Navarra;2026-02-01;132,18;73,23;201,66
País Vasco;2026-02-01;79,75;49,09;130,18
La Rioja;2026-02-01;76,87;91,68;156,51
Canarias;2026-02-01;NA;NA;NA
Andalucía;2026-03-01;416,33;28,84;464,47
Aragón;2026-03-01;101,13;24,66;129,38
Principado de Asturias;2026-03-01;307,57;61,77;375,03
Islas Baleares;2026-03-01;110,12;91,34;205,75
Canarias;2026-03-01;226,26;96,37;374,48
Cantabria;2026-03-01;133,27;39,77;174,24
Castilla y León;2026-03-01;112,22;0,13;115,90
Castilla-La Mancha;2026-03-01;107,68;56,70;166,42
Cataluña;2026-03-01;209,92;65,96;266,27
Comunidad Valenciana;2026-03-01;256,73;39,09;296,70
Extremadura;2026-03-01;153,26;114,28;260,97
Galicia;2026-03-01;180,87;150,09;316,12
Comunidad de Madrid;2026-03-01;226,08;57,36;349,46
Región de Murcia;2026-03-01;326,81;217,05;553,06
Comunidad Foral de Navarra;2026-03-01;132,78;75,37;204,48
País Vasco;2026-03-01;80,33;48,22;130,50
La Rioja;2026-03-01;76,40;89,11;153,88
Canarias;2026-03-01;NA;NA;NA
