indicador_id,indicador,modelo,n_series,mae_medio,mape_medio,nmae_medio
1,Tasa de paro,AutoARIMA,60,0.9641643197837083,9.020499537193375,0.08769621811769103
1,Tasa de paro,AutoTheta,60,0.9960162287230597,9.01050333780764,0.08951442484536402
1,Tasa de paro,AutoETS,60,1.030471550139323,9.452339882837423,0.09150858780327319
1,Tasa de paro,Prophet,60,1.2550569142178118,11.572709312902967,0.11414286518245324
1,Tasa de paro,Naive,60,1.2438749999999998,11.629902857697356,0.11455514011138707
1,Tasa de paro,RWD,60,1.2483726803411594,11.619737854322933,0.11528486805647283
1,Tasa de paro,SeasonalNaive,60,1.3668333333333331,12.386422156819176,0.11990180945133007
1,Tasa de paro,WindowAverage,60,1.4349739583333332,13.15128255462503,0.1258880053897574
1,Tasa de paro,HistoricAverage,60,6.673355676823425,67.4608856686709,0.6542626360557968
2,Tasa de actividad,AutoTheta,60,0.82093994793838,1.4248318859768085,0.014274721849663425
2,Tasa de actividad,AutoETS,60,0.8308214491322973,1.4455607333750062,0.014485482474168587
2,Tasa de actividad,AutoARIMA,60,0.8566752748907009,1.4929047289207276,0.014970885132768242
2,Tasa de actividad,Prophet,60,0.8725087774495779,1.535085918970844,0.015364127623029468
2,Tasa de actividad,WindowAverage,60,1.0039427083333328,1.7525379119286835,0.01755359163278796
2,Tasa de actividad,Naive,60,1.0168749999999998,1.7617179033701151,0.017597516035949105
2,Tasa de actividad,RWD,60,1.025253667557128,1.7767404945852763,0.017745595984246805
2,Tasa de actividad,SeasonalNaive,60,1.1680416666666664,2.0605631467897982,0.020624876735880045
2,Tasa de actividad,HistoricAverage,60,1.496527865373547,2.5831672700491164,0.025886851729116225
3,Tasa de empleo,AutoTheta,60,0.8301037883279393,1.6760332124005233,0.016764075913064183
3,Tasa de empleo,AutoETS,60,0.871389544291088,1.7637189151757826,0.01763746405660536
3,Tasa de empleo,AutoARIMA,60,0.9513046605503219,1.918005177481363,0.019172774746731146
3,Tasa de empleo,Prophet,60,0.9560871744239012,1.9546890014969835,0.019485733531599082
3,Tasa de empleo,Naive,60,1.2035833333333337,2.396912194617035,0.023903520058405254
3,Tasa de empleo,RWD,60,1.2040477882912375,2.399221267360985,0.02391194676537355
3,Tasa de empleo,WindowAverage,60,1.2608906250000003,2.5214511453810333,0.02529349330181271
3,Tasa de empleo,SeasonalNaive,60,1.246625,2.5717230240178384,0.025682303412767334
3,Tasa de empleo,HistoricAverage,60,4.044485894676494,7.986861800966224,0.0801769426233233
4,Horas efectivas en el sector servicios,AutoETS,18,1.3870475239626834,1.1385600983572304,0.011303324968134085
4,Horas efectivas en el sector servicios,AutoTheta,18,1.4511073890280797,1.1848267057573088,0.011760083631597562
4,Horas efectivas en el sector servicios,AutoARIMA,18,1.5814019620180648,1.2909456577934313,0.012822758067159715
4,Horas efectivas en el sector servicios,SeasonalNaive,18,1.8541666666666659,1.5111898187695487,0.015138580445548108
4,Horas efectivas en el sector servicios,Prophet,18,2.0288215908384064,1.6532442732181105,0.01653194220831226
4,Horas efectivas en el sector servicios,WindowAverage,18,3.1494791666666675,2.5953700161484146,0.025590544045985594
4,Horas efectivas en el sector servicios,HistoricAverage,18,3.4042144227285203,2.8164686741011953,0.027684364830608064
4,Horas efectivas en el sector servicios,Naive,18,4.844444444444445,3.9931119224829295,0.039479295546954105
4,Horas efectivas en el sector servicios,RWD,18,4.883372561199108,4.02255952879138,0.03979417857053327
6,Tasa de paro juvenil (<25),AutoTheta,60,5.010835274745611,20.47479135774506,0.1876916455542827
6,Tasa de paro juvenil (<25),Prophet,60,5.335428386936311,22.577488389107263,0.19470857360776964
6,Tasa de paro juvenil (<25),AutoETS,60,5.169269010491783,22.01819008752996,0.196439817531659
6,Tasa de paro juvenil (<25),AutoARIMA,60,5.264589740241564,22.092762838143912,0.19915574014267895
6,Tasa de paro juvenil (<25),WindowAverage,60,5.409625,23.078937725662282,0.19984212735064658
6,Tasa de paro juvenil (<25),Naive,60,5.528583333333334,22.266793370489737,0.213582480886527
6,Tasa de paro juvenil (<25),RWD,60,5.543655436710791,22.160113361978414,0.2138735722126546
6,Tasa de paro juvenil (<25),SeasonalNaive,60,6.23875,25.32075966164877,0.223963514272125
6,Tasa de paro juvenil (<25),HistoricAverage,60,14.117796927795728,64.19033650552676,0.5755129578996618
7,Paro de larga duración,Prophet,60,4.665119350490184,14.913927159178993,0.13495655338251142
7,Paro de larga duración,AutoTheta,60,4.8494563318182555,14.908412318412642,0.13693607142055175
7,Paro de larga duración,AutoETS,60,4.936270749975023,15.15722494349597,0.14025908196179118
7,Paro de larga duración,WindowAverage,60,5.199322916666666,16.525034903591674,0.14696793211004705
7,Paro de larga duración,Naive,60,5.549583333333333,16.909627510771358,0.15518426837843746
7,Paro de larga duración,AutoARIMA,60,5.443352634484281,16.93022674754671,0.1559213807022576
7,Paro de larga duración,RWD,60,5.5916371429410825,17.01343369020038,0.15634188580519817
7,Paro de larga duración,SeasonalNaive,60,5.620000000000001,18.13746165475778,0.16276119514387116
7,Paro de larga duración,HistoricAverage,60,12.564264608126177,41.61225871903888,0.3778509904961654
8,Tasa de temporalidad,AutoTheta,60,1.1833995229784569,7.086372772160842,0.06700754529647357
8,Tasa de temporalidad,AutoARIMA,60,1.2052908710330175,7.23028053470364,0.06811747301313124
8,Tasa de temporalidad,AutoETS,60,1.2050168060273856,7.264014845966674,0.06865234850032122
8,Tasa de temporalidad,Naive,60,1.32875,8.01829662046604,0.0752644701997085
8,Tasa de temporalidad,RWD,60,1.357970265200798,8.158772386903179,0.07701963959934936
8,Tasa de temporalidad,WindowAverage,60,1.5006249999999999,9.08054128318304,0.0868031833764289
8,Tasa de temporalidad,Prophet,60,1.6444651021967402,9.90698351609915,0.09585299748733059
8,Tasa de temporalidad,SeasonalNaive,60,1.75375,10.472525737186933,0.10066568670914221
8,Tasa de temporalidad,HistoricAverage,60,7.60080284941515,49.69786206579632,0.4882418315832829
9,Tasa de parcialidad,AutoTheta,60,0.921385605627924,8.169720156679698,0.08001331337278385
9,Tasa de parcialidad,AutoETS,60,0.9246721575554547,8.268575183769972,0.08103956350320528
9,Tasa de parcialidad,AutoARIMA,60,0.9212155309449448,8.400594580441211,0.08167451420687279
9,Tasa de parcialidad,Naive,60,1.0754166666666665,9.253293369502021,0.09081236775926645
9,Tasa de parcialidad,RWD,60,1.0861973522589599,9.35789016479412,0.09181244773270672
9,Tasa de parcialidad,WindowAverage,60,1.1180208333333332,10.078791364400294,0.09712695473548429
9,Tasa de parcialidad,Prophet,60,1.0697769474096714,10.099941466088643,0.09723998001872068
9,Tasa de parcialidad,SeasonalNaive,60,1.3604166666666666,12.29552876559835,0.11773801031884909
9,Tasa de parcialidad,HistoricAverage,60,1.8770704391201258,16.08659058397402,0.15386166514030344
10,Brecha salarial de género,Naive,18,1.557092592592593,12.921951530616866,0.12371858664207967
10,Brecha salarial de género,SeasonalNaive,18,1.557092592592593,12.921951530616866,0.12371858664207967
10,Brecha salarial de género,RWD,18,1.5534882586549257,13.094484649745873,0.1268517888775554
10,Brecha salarial de género,AutoETS,18,1.710954296320838,14.539393697038385,0.1379954785808054
10,Brecha salarial de género,AutoTheta,18,1.754569128237956,14.88047802301971,0.14164010514532727
10,Brecha salarial de género,AutoARIMA,18,1.9178501225969182,15.46178842133185,0.1487252591209058
10,Brecha salarial de género,Prophet,18,2.046270413918965,16.69932689907473,0.1590795258495367
10,Brecha salarial de género,WindowAverage,18,2.048364197530864,17.208854426261453,0.16334624166690084
10,Brecha salarial de género,HistoricAverage,18,5.5109483618233615,42.249896235081664,0.4124934493296321
11,% del salario dedicado al alquiler,AutoTheta,51,1.3703243796592925,3.4960177994381034,0.03552517876886307
11,% del salario dedicado al alquiler,RWD,51,1.4748943431296375,3.7600256204242,0.03818274445858668
11,% del salario dedicado al alquiler,AutoARIMA,51,1.5257666720788194,3.9207462521858116,0.039681543876421733
11,% del salario dedicado al alquiler,Naive,51,1.5867320261437912,3.9831866314682496,0.040524172988671815
11,% del salario dedicado al alquiler,SeasonalNaive,51,1.5867320261437912,3.9831866314682496,0.040524172988671815
11,% del salario dedicado al alquiler,AutoETS,51,1.5901621951513385,3.9961268592695243,0.0406509280977184
11,% del salario dedicado al alquiler,WindowAverage,51,2.158823529411764,5.3662188578097645,0.05481449296728208
11,% del salario dedicado al alquiler,Prophet,51,2.4324548615059136,6.765148196843449,0.06792315202274209
11,% del salario dedicado al alquiler,HistoricAverage,51,4.143077461753932,10.858297853859382,0.1102398978272834
