territorio_cod,territorio,genero,anyo,tasa_paro,tasa_actividad,tasa_empleo,horas_servicios,tasa_paro_juvenil,paro_larga_duracion,temporalidad,parcialidad,brecha_salarial,pct_alquiler_salario
01,Andalucía,Ambos géneros,2010,27.7725,58.61,42.335,128.3,49.9025,42.85,34.425,14.375,23.622,31.46
01,Andalucía,Ambos géneros,2011,30.130000000000003,58.645,40.975,127.15,54.095,48.5,34.075,14.8,22.784,30.3
01,Andalucía,Ambos géneros,2012,34.3525,59.035,38.7575,125.4,61.93,53.6,32.325,16.225,24.43,29.64
01,Andalucía,Ambos géneros,2013,36.2225,58.8075,37.5025,125.92500000000001,65.9625,59.5,31.45,17.4,24.931,27.99
01,Andalucía,Ambos géneros,2014,34.78,58.832499999999996,38.37,125.025,61.475,61.8,34.325,17.85,25.339,27.5
01,Andalucía,Ambos géneros,2015,31.54,58.76,40.2275,125.275,56.815,60.975,35.15,18.200000000000003,24.212,27.61
01,Andalucía,Ambos géneros,2016,28.884999999999998,57.825,41.115,124.5,57.9325,55.25,35.55,16.825,24.346,29.07
01,Andalucía,Ambos géneros,2017,25.505,57.3475,42.72,125.27499999999999,49.15,53.275,35.85,16.525,24.356,30.72
01,Andalucía,Ambos géneros,2018,22.985,56.885,43.81,124.425,46.77,49.475,35.825,15.9,24.443,33.46
01,Andalucía,Ambos géneros,2019,21.1875,56.792500000000004,44.7625,124.5,41.6425,44.6,35.3,15.4,20.94,35.33
01,Andalucía,Ambos géneros,2020,22.2675,55.37,43.0325,115.225,49.5875,39.725,32.15,14.675,21.255,37.03
01,Andalucía,Ambos géneros,2021,21.86,56.995000000000005,44.54,121.6,44.495000000000005,49.425,33.775,14.575,19.78,35.66
01,Andalucía,Ambos géneros,2022,19.115000000000002,56.629999999999995,45.805,125.575,35.275,46.3,28.475,14.375,17.03,36.18
01,Andalucía,Ambos géneros,2023,18.24,57.265,46.82,126.075,39.7025,41.55,22.05,14.0,16.136,38.67
01,Andalucía,Ambos géneros,2024,16.465,56.8025,47.45,125.525,36.875,42.800000000000004,20.4,13.575,16.315,41.43
01,Andalucía,Ambos géneros,2025,15.23,57.15,48.447500000000005,125.05,32.7775,38.725,19.575000000000003,13.15,,
01,Andalucía,Ambos géneros,2026,14.66,57.05,48.68,126.4,32.39,37.8,18.8,13.0,,
01,Andalucía,Hombres,2010,26.6925,67.3625,49.3775,,50.6025,41.725,33.45,5.85,,28.11
01,Andalucía,Hombres,2011,28.6875,66.9625,47.7525,,55.7075,46.775000000000006,33.425,6.975,,27.17
01,Andalucía,Hombres,2012,33.4225,66.17750000000001,44.0625,,63.4225,52.974999999999994,30.775,7.45,,26.25
01,Andalucía,Hombres,2013,34.777499999999996,65.675,42.8325,,65.22749999999999,59.4,30.700000000000003,8.65,,24.69
01,Andalucía,Hombres,2014,32.705,65.8575,44.3225,,61.8375,62.074999999999996,34.6,8.925,,24.35
01,Andalucía,Hombres,2015,29.0825,65.5025,46.4525,,55.0325,59.825,35.650000000000006,9.275,,24.4
01,Andalucía,Hombres,2016,26.2,64.6375,47.7025,,56.317499999999995,52.9,36.175,8.925,,25.73
01,Andalucía,Hombres,2017,22.9375,64.38,49.6125,,48.879999999999995,51.6,35.75,8.225,,27.2
01,Andalucía,Hombres,2018,19.7575,63.957499999999996,51.3225,,46.935,47.775,35.225,7.325,,29.52
01,Andalucía,Hombres,2019,17.8325,63.4375,52.120000000000005,,38.0125,40.825,34.725,6.7,,31.78
01,Andalucía,Hombres,2020,18.8175,62.415,50.665,,47.375,36.225,31.525,6.875,,33.35
01,Andalucía,Hombres,2021,18.7575,63.5775,51.652499999999996,,42.4175,44.9,32.85,6.75,,32.42
01,Andalucía,Hombres,2022,16.115000000000002,62.6725,52.57,,32.6525,43.15,27.35,6.925,,33.28
01,Andalucía,Hombres,2023,15.629999999999999,62.825,53.0025,,40.975,38.675,20.7,6.55,,35.76
01,Andalucía,Hombres,2024,14.1425,62.8925,53.995000000000005,,36.155,39.425000000000004,18.95,6.475,,38.2
01,Andalucía,Hombres,2025,12.682500000000001,62.900000000000006,54.9225,,31.78,35.425,18.125,6.05,,
01,Andalucía,Hombres,2026,12.49,62.76,54.92,,32.47,33.7,16.8,5.7,,
01,Andalucía,Mujeres,2010,29.1725,50.1525,35.5275,,49.085,44.35,35.625,25.825,,36.8
01,Andalucía,Mujeres,2011,31.9675,50.605000000000004,34.425,,52.2175,50.625,34.825,25.225,,35.19
01,Andalucía,Mujeres,2012,35.4875,52.15,33.6375,,60.265,54.325,34.075,27.325,,34.73
01,Andalucía,Mujeres,2013,37.9775,52.195,32.3775,,66.8075,59.725,32.225,28.5,,32.89
01,Andalucía,Mujeres,2014,37.3025,52.0775,32.65,,61.0175,61.6,33.925,29.55,,32.61
01,Andalucía,Mujeres,2015,34.495,52.2875,34.25,,58.855000000000004,62.15,34.625,29.8,,32.19
01,Andalucía,Mujeres,2016,32.1375,51.275,34.795,,59.925,57.525,34.825,27.25,,34.01
01,Andalucía,Mujeres,2017,28.6425,50.6,36.11,,49.485,54.925,35.875,27.425,,35.96
01,Andalucía,Mujeres,2018,26.935,50.1,36.6,,46.542500000000004,51.075,36.6,27.425,,39.07
01,Andalucía,Mujeres,2019,25.2225,50.435,37.714999999999996,,46.15,47.775,35.975,26.925,,40.2
01,Andalucía,Mujeres,2020,26.5025,48.629999999999995,35.7275,,52.365,42.85,32.95,25.2,,42.35
01,Andalucía,Mujeres,2021,25.5775,50.7025,37.7425,,47.16,53.5,34.925,24.825000000000003,,40.42
01,Andalucía,Mujeres,2022,22.6575,50.855000000000004,39.3325,,38.4125,49.0,29.725,23.85,,40.12
01,Andalucía,Mujeres,2023,21.247500000000002,51.96,40.917500000000004,,38.019999999999996,44.025000000000006,23.625,23.2,,42.64
01,Andalucía,Mujeres,2024,19.1875,51.010000000000005,41.22,,37.8225,45.75,22.125,22.375,,45.65
01,Andalucía,Mujeres,2025,18.1825,51.665,42.2725,,34.01,41.4,21.2,21.95,,
01,Andalucía,Mujeres,2026,17.2,51.58,42.71,,32.29,41.2,21.0,22.0,,
02,Aragón,Ambos géneros,2010,14.955,58.805,50.0075,126.80000000000001,31.9075,40.625,23.375,13.0,25.413,29.77
02,Aragón,Ambos géneros,2011,17.0775,59.1125,49.0175,126.60000000000001,39.8425,46.2,23.85,13.600000000000001,25.446,29.87
02,Aragón,Ambos géneros,2012,18.665,60.1225,48.9025,124.67500000000001,42.3225,50.45,21.599999999999998,13.5,29.977,28.97
02,Aragón,Ambos géneros,2013,21.3825,59.0575,46.4275,124.5,50.26,54.125,21.575,15.375,25.577,26.77
02,Aragón,Ambos géneros,2014,20.1725,58.92,47.0325,122.15,51.55,56.8,23.875,15.1,25.296,25.46
02,Aragón,Ambos géneros,2015,16.29,58.7775,49.2025,122.525,41.2375,52.875,22.775,14.6,25.847,25.71
02,Aragón,Ambos géneros,2016,14.74,59.337500000000006,50.5875,120.925,36.6525,53.625,23.45,15.05,25.904,27.01
02,Aragón,Ambos géneros,2017,11.645,58.575,51.75,120.75,30.517500000000002,48.25,25.225,15.2,23.963,27.42
02,Aragón,Ambos géneros,2018,10.6325,58.67,52.435,121.47500000000001,27.5775,43.650000000000006,25.575,15.475000000000001,24.648,28.76
02,Aragón,Ambos géneros,2019,10.025,59.2,53.265,119.725,27.4825,42.0,22.375,13.775,22.892,30.31
02,Aragón,Ambos géneros,2020,11.7025,58.1125,51.31,112.525,28.169999999999998,35.175,21.525,13.225,19.394,30.85
02,Aragón,Ambos géneros,2021,10.337499999999999,58.3825,52.35,120.375,25.355,39.075,24.75,14.475,18.64,30.28
02,Aragón,Ambos géneros,2022,9.620000000000001,58.72,53.07,123.7,24.445,36.35,20.225,14.0,19.629,30.0
02,Aragón,Ambos géneros,2023,8.575,58.5875,53.56,123.65,22.21,40.75,16.625,12.775,19.143,30.32
02,Aragón,Ambos géneros,2024,8.1425,58.7475,53.965,124.575,23.355,36.275,16.1,12.675,20.326,31.27
02,Aragón,Ambos géneros,2025,8.0425,58.535,53.8275,123.475,24.075,32.525,15.45,13.0,,
02,Aragón,Ambos géneros,2026,8.37,58.88,53.95,126.4,18.46,31.6,15.3,14.4,,
02,Aragón,Hombres,2010,14.192499999999999,66.53999999999999,57.1,,29.677500000000002,38.075,21.45,4.725,,26.3
02,Aragón,Hombres,2011,16.88,66.4575,55.2425,,43.417500000000004,42.375,22.275,5.5,,26.41
02,Aragón,Hombres,2012,17.7375,66.8875,55.0225,,46.2425,50.45,20.525,5.15,,24.85
02,Aragón,Hombres,2013,20.3175,65.28,52.0125,,51.06,55.4,19.975,6.1,,23.49
02,Aragón,Hombres,2014,18.2525,65.1225,53.2375,,51.822500000000005,56.45,23.275,6.375,,22.4
02,Aragón,Hombres,2015,13.29,65.1,56.45,,35.817499999999995,54.3,21.125,6.15,,22.46
02,Aragón,Hombres,2016,12.11,65.16749999999999,57.28,,34.835,53.45,21.575,5.775,,23.73
02,Aragón,Hombres,2017,9.022499999999999,64.575,58.7475,,30.18,46.849999999999994,23.700000000000003,5.9,,24.41
02,Aragón,Hombres,2018,9.3325,64.53999999999999,58.519999999999996,,26.322499999999998,42.625,23.3,6.075,,25.4
02,Aragón,Hombres,2019,8.7975,65.455,59.6975,,24.857499999999998,38.075,20.65,6.025,,27.05
02,Aragón,Hombres,2020,10.09,63.39,56.9975,,24.572499999999998,33.075,19.675,5.3,,28.07
02,Aragón,Hombres,2021,8.785,63.6375,58.0425,,21.6525,38.650000000000006,21.7,5.050000000000001,,27.65
02,Aragón,Hombres,2022,7.7775,63.945,58.9725,,19.6225,33.75,17.1,5.475,,27.11
02,Aragón,Hombres,2023,6.4125000000000005,63.3825,59.315,,16.93,33.400000000000006,13.25,5.575,,27.48
02,Aragón,Hombres,2024,6.6725,63.86,59.5975,,21.385,36.775,12.325,4.625,,28.19
02,Aragón,Hombres,2025,6.3975,63.387499999999996,59.33,,23.7875,32.3,12.45,5.025,,
02,Aragón,Hombres,2026,6.82,64.09,59.72,,21.43,23.200000000000003,11.4,6.0,,
02,Aragón,Mujeres,2010,15.9375,51.144999999999996,42.9925,,34.7225,43.650000000000006,25.65,23.9,,35.26
02,Aragón,Mujeres,2011,17.325,51.875,42.885,,35.167500000000004,50.85,25.625,23.875,,35.43
02,Aragón,Mujeres,2012,19.7975,53.4925,42.9,,38.177499999999995,50.65,22.75,23.974999999999998,,35.49
02,Aragón,Mujeres,2013,22.6625,52.9825,40.9725,,49.425,52.75,23.325,26.9,,31.57
02,Aragón,Mujeres,2014,22.4875,52.8775,40.9925,,51.2725,57.075,24.549999999999997,26.125,,29.98
02,Aragón,Mujeres,2015,19.8975,52.6325,42.16,,47.3925,51.75,24.725,25.65,,30.29
02,Aragón,Mujeres,2016,17.835,53.692499999999995,44.1125,,38.379999999999995,53.8,25.575000000000003,26.725,,32.02
02,Aragón,Mujeres,2017,14.7425,52.7775,44.99,,30.747500000000002,49.2,27.0,26.9,,32.1
02,Aragón,Mujeres,2018,12.155,53.01,46.5625,,29.7275,44.575,28.025,26.825,,33.71
02,Aragón,Mujeres,2019,11.4925,53.175,47.0675,,31.5725,45.525,24.275,23.275,,35.08
02,Aragón,Mujeres,2020,13.5625,53.0225,45.83,,33.18,36.975,23.575,22.75,,34.82
02,Aragón,Mujeres,2021,12.1325,53.31,46.855000000000004,,30.825,39.2,27.975,25.725,,33.99
02,Aragón,Mujeres,2022,11.7425,53.6725,47.3725,,30.807499999999997,38.3,23.725,24.225,,33.73
02,Aragón,Mujeres,2023,11.02,53.964999999999996,48.015,,29.6075,45.45,20.325,21.375,,33.99
02,Aragón,Mujeres,2024,9.845,53.78,48.49,,25.947499999999998,35.75,20.3,22.35,,35.39
02,Aragón,Mujeres,2025,9.945,53.790000000000006,48.445,,24.2925,32.5,18.8,22.575,,
02,Aragón,Mujeres,2026,10.19,53.75,48.27,,13.87,38.2,19.7,24.7,,
05,Canarias,Ambos géneros,2010,28.6,61.9275,44.22,134.025,51.9625,48.35,29.3,12.5,16.13,37.23
05,Canarias,Ambos géneros,2011,29.28,62.7875,44.4,132.325,50.805,51.175,30.45,12.975,15.485,35.22
05,Canarias,Ambos géneros,2012,32.575,62.9775,42.4625,131.575,62.254999999999995,53.975,27.725,14.275,17.028,33.76
05,Canarias,Ambos géneros,2013,33.730000000000004,62.2425,41.25,128.8,65.2675,62.125,28.924999999999997,16.15,14.791,32.05
05,Canarias,Ambos géneros,2014,32.4175,61.315,41.44,127.45,57.47,67.325,30.8,16.549999999999997,11.821,31.86
05,Canarias,Ambos géneros,2015,29.105,61.925,43.9,129.25,53.6275,65.425,30.525,16.25,14.327,32.39
05,Canarias,Ambos géneros,2016,26.06,61.115,45.185,129.5,51.355000000000004,61.525,32.325,15.25,13.892,34.61
05,Canarias,Ambos géneros,2017,23.4725,60.332499999999996,46.17,132.77499999999998,45.405,52.875,31.675,13.925,11.15,38.24
05,Canarias,Ambos géneros,2018,20.0775,60.4,48.2775,130.6,38.6475,53.85,31.55,13.575,14.698,42.67
05,Canarias,Ambos géneros,2019,20.5,60.0975,47.78,130.64999999999998,42.315000000000005,47.625,31.025,12.9,11.511,45.28
05,Canarias,Ambos géneros,2020,22.65,57.13,44.21,105.5,52.1325,41.125,26.7,12.15,9.851,44.07
05,Canarias,Ambos géneros,2021,23.5175,57.8475,44.269999999999996,117.525,56.96,55.0,29.3,12.524999999999999,10.335,42.3
05,Canarias,Ambos géneros,2022,17.64,59.16,48.722500000000004,129.025,43.285,51.55,25.225,11.375,4.297,45.26
05,Canarias,Ambos géneros,2023,16.075,59.802499999999995,50.1875,129.4,32.9825,45.675,18.975,11.375,4.736,49.49
05,Canarias,Ambos géneros,2024,13.7625,59.58,51.375,128.45,28.3075,44.825,16.475,11.325,6.269,52.66
05,Canarias,Ambos géneros,2025,13.52,59.99,51.8825,128.175,29.5975,44.225,16.65,9.925,,
05,Canarias,Ambos géneros,2026,11.4,60.22,53.35,131.3,17.36,51.7,17.3,10.7,,
05,Canarias,Hombres,2010,29.1525,69.425,49.1875,,55.875,48.224999999999994,27.45,6.225,,34.26
05,Canarias,Hombres,2011,29.405,69.215,48.8625,,48.3575,51.55,28.6,7.225,,32.59
05,Canarias,Hombres,2012,31.9425,68.9275,46.91,,62.7125,56.4,26.95,8.875,,30.86
05,Canarias,Hombres,2013,34.339999999999996,67.9175,44.589999999999996,,67.8,63.175,27.7,9.925,,29.71
05,Canarias,Hombres,2014,31.814999999999998,66.815,45.555,,57.58,68.52499999999999,28.225,11.100000000000001,,30.0
05,Canarias,Hombres,2015,27.8875,68.04249999999999,49.07,,55.745,66.275,27.9,9.675,,30.15
05,Canarias,Hombres,2016,24.3775,66.345,50.17,,52.25,61.7,29.7,8.95,,32.32
05,Canarias,Hombres,2017,21.2475,64.82249999999999,51.0575,,49.1225,52.575,28.8,7.775,,36.25
05,Canarias,Hombres,2018,18.8975,65.4725,53.0975,,41.795,50.724999999999994,29.325,7.25,,39.67
05,Canarias,Hombres,2019,19.31,65.15,52.5725,,40.7825,43.925,28.725,7.35,,42.78
05,Canarias,Hombres,2020,21.4875,61.3175,48.1675,,55.112500000000004,39.525000000000006,23.125,6.075,,42.0
05,Canarias,Hombres,2021,22.53,61.56,47.7375,,58.19,52.375,27.025,7.325,,40.24
05,Canarias,Hombres,2022,16.15,64.15,53.8,,42.4475,50.275,21.975,6.075,,44.32
05,Canarias,Hombres,2023,14.04,64.8475,55.745,,32.68,47.15,15.700000000000001,6.949999999999999,,48.34
05,Canarias,Hombres,2024,12.245,63.834999999999994,56.0175,,27.259999999999998,41.175,14.425,6.025,,51.03
05,Canarias,Hombres,2025,12.0625,64.075,56.347500000000004,,29.3875,40.5,14.775,5.925,,
05,Canarias,Hombres,2026,10.34,64.63,57.95,,16.45,46.599999999999994,15.3,7.0,,
05,Canarias,Mujeres,2010,27.91,54.54,39.3225,,47.18,48.55,31.349999999999998,20.2,,40.85
05,Canarias,Mujeres,2011,29.1275,56.4525,40.0075,,53.57,50.725,32.5,19.825,,38.56
05,Canarias,Mujeres,2012,33.324999999999996,57.135,38.097500000000004,,61.7325,51.2,28.55,20.85,,37.2
05,Canarias,Mujeres,2013,33.0125,56.692499999999995,37.9775,,62.455,60.875,30.200000000000003,23.275,,34.87
05,Canarias,Mujeres,2014,33.125,55.95,37.4225,,57.3125,66.075,33.6,23.025,,34.02
05,Canarias,Mujeres,2015,30.5475,55.96,38.86,,50.8675,64.5,33.5,24.325,,35.19
05,Canarias,Mujeres,2016,28.0025,56.02,40.335,,50.2275,61.375,35.3,22.875,,37.53
05,Canarias,Mujeres,2017,25.9775,55.9625,41.425,,41.635,53.225,34.825,21.275,,40.8
05,Canarias,Mujeres,2018,21.4325,55.480000000000004,43.5975,,35.49,56.975,33.975,21.05,,46.51
05,Canarias,Mujeres,2019,21.865000000000002,55.1925,43.1275,,44.5775,51.325,33.6,19.5,,48.34
05,Canarias,Mujeres,2020,23.93,53.0775,40.375,,48.7225,42.675,30.525,19.15,,46.59
05,Canarias,Mujeres,2021,24.612499999999997,54.275000000000006,40.935,,55.52,57.525,31.700000000000003,18.425,,44.88
05,Canarias,Mujeres,2022,19.3325,54.375,43.8525,,44.595,53.05,28.925,17.575,,46.31
05,Canarias,Mujeres,2023,18.3925,54.9525,44.8425,,32.9975,44.425,22.75,16.675,,50.75
05,Canarias,Mujeres,2024,15.442499999999999,55.5,46.925,,29.305,48.099999999999994,18.625,17.349999999999998,,54.44
05,Canarias,Mujeres,2025,15.120000000000001,56.05,47.58,,29.9375,47.525,18.65,14.45,,
05,Canarias,Mujeres,2026,12.58,55.99,48.95,,18.61,56.199999999999996,19.5,14.8,,
06,Cantabria,Ambos géneros,2010,13.7,56.1275,48.4375,128.175,36.0925,41.8,21.775,10.175,25.233,38.25
06,Cantabria,Ambos géneros,2011,15.3,56.4375,47.8075,126.775,40.7125,43.7,20.7,11.3,26.002,34.26
06,Cantabria,Ambos géneros,2012,17.7925,56.879999999999995,46.7575,125.825,41.6475,50.2,19.6,13.25,28.048,32.57
06,Cantabria,Ambos géneros,2013,20.447499999999998,56.1425,44.665,124.625,52.5425,56.1,20.325,14.2,28.772,29.49
06,Cantabria,Ambos géneros,2014,19.4175,56.49,45.525,125.72500000000001,49.205,61.224999999999994,21.825000000000003,13.850000000000001,28.425,27.26
06,Cantabria,Ambos géneros,2015,17.6475,56.085,46.19,126.325,39.7425,58.85,23.15,13.100000000000001,28.916,26.4
06,Cantabria,Ambos géneros,2016,14.907499999999999,56.1225,47.765,129.1,32.18,55.35,22.975,12.625,27.74,28.02
06,Cantabria,Ambos géneros,2017,13.565,55.785,48.22,128.575,35.655,54.175000000000004,24.45,14.625,24.704,29.11
06,Cantabria,Ambos géneros,2018,10.675,54.815,48.9625,126.85000000000001,33.045,49.724999999999994,25.25,15.075000000000001,22.561,30.18
06,Cantabria,Ambos géneros,2019,10.28,55.055,49.3925,126.65,31.505,40.55,24.674999999999997,14.774999999999999,20.14,30.18
06,Cantabria,Ambos géneros,2020,12.165,53.8125,47.28,117.925,42.3125,31.5,26.825,13.95,18.63,31.46
06,Cantabria,Ambos géneros,2021,11.265,55.22,49.01,123.075,26.985,42.475,23.925,12.775,20.933,31.89
06,Cantabria,Ambos géneros,2022,9.575,54.7025,49.4675,125.575,27.2325,39.275,18.0,11.525,18.895,33.21
06,Cantabria,Ambos géneros,2023,8.1425,54.8125,50.3525,124.575,20.175,37.075,16.0,12.925,18.592,34.58
06,Cantabria,Ambos géneros,2024,7.8475,55.8775,51.495,122.3,22.4375,35.4,16.075,13.65,20.596,38.16
06,Cantabria,Ambos géneros,2025,7.3375,55.485,51.412499999999994,121.975,20.125,31.0,16.3,13.375,,
06,Cantabria,Ambos géneros,2026,7.49,54.75,50.65,128.3,20.54,31.700000000000003,13.0,14.5,,
06,Cantabria,Hombres,2010,12.665,64.095,55.9775,,32.730000000000004,40.175,20.5,3.725,,33.83
06,Cantabria,Hombres,2011,16.1,64.2925,53.9425,,41.1225,42.0,18.9,3.225,,30.14
06,Cantabria,Hombres,2012,18.122500000000002,63.8175,52.25,,38.2275,50.975,17.15,4.625,,28.21
06,Cantabria,Hombres,2013,20.1225,62.83,50.19,,56.1575,55.125,17.75,6.1,,25.46
06,Cantabria,Hombres,2014,20.0475,63.1025,50.455,,53.8525,63.099999999999994,21.125,5.7749999999999995,,23.41
06,Cantabria,Hombres,2015,16.47,62.2625,52.01,,49.8,60.1,22.475,5.575,,22.84
06,Cantabria,Hombres,2016,14.35,61.9325,53.04,,34.4175,54.925,22.55,6.0,,24.52
06,Cantabria,Hombres,2017,13.2375,60.915,52.852500000000006,,39.239999999999995,56.55,22.725,6.575,,25.82
06,Cantabria,Hombres,2018,9.217500000000001,60.7625,55.167500000000004,,30.5275,51.275,23.225,6.2,,26.85
06,Cantabria,Hombres,2019,9.6425,61.17,55.269999999999996,,27.8125,44.5,21.625,5.35,,27.32
06,Cantabria,Hombres,2020,11.7,59.230000000000004,52.3075,,41.965,30.45,26.875,6.5,,28.65
06,Cantabria,Hombres,2021,9.865,60.69,54.7075,,29.380000000000003,39.925,22.0,5.65,,28.66
06,Cantabria,Hombres,2022,7.83,60.19,55.4825,,23.9675,39.85,15.675,4.925,,30.19
06,Cantabria,Hombres,2023,6.455,59.465,55.629999999999995,,20.009999999999998,40.575,11.725,5.75,,31.52
06,Cantabria,Hombres,2024,6.62,61.2525,57.195,,21.1525,34.675,12.525,6.025,,34.4
06,Cantabria,Hombres,2025,6.875,60.3225,56.175,,20.905,28.825,14.225,6.175,,
06,Cantabria,Hombres,2026,7.05,59.52,55.32,,19.35,32.8,13.5,8.1,,
06,Cantabria,Mujeres,2010,15.0,48.575,41.29,,39.795,43.65,23.375,18.475,,45.24
06,Cantabria,Mujeres,2011,14.305,49.005,41.9975,,40.14,46.075,22.8,21.125,,40.73
06,Cantabria,Mujeres,2012,17.38,50.32,41.56,,45.41,49.349999999999994,22.349999999999998,23.5,,39.21
06,Cantabria,Mujeres,2013,20.84,49.83,39.449999999999996,,48.305,57.1,23.2,23.95,,35.75
06,Cantabria,Mujeres,2014,18.67,50.25,40.8675,,43.019999999999996,58.8,22.65,23.3,,32.71
06,Cantabria,Mujeres,2015,19.02,50.2625,40.7,,27.97,57.400000000000006,23.9,22.225,,32.13
06,Cantabria,Mujeres,2016,15.540000000000001,50.6575,42.7975,,29.5525,55.699999999999996,23.450000000000003,20.325000000000003,,33.94
06,Cantabria,Mujeres,2017,13.93,50.97,43.87,,32.207499999999996,51.65,26.325,23.7,,34.29
06,Cantabria,Mujeres,2018,12.3525,49.24,43.1475,,35.095,48.325,27.525,25.65,,34.67
06,Cantabria,Mujeres,2019,11.01,49.332499999999996,43.894999999999996,,36.075,36.35,27.925,25.875,,34.21
06,Cantabria,Mujeres,2020,12.69,48.7375,42.5675,,42.0775,32.25,26.65,22.55,,35.21
06,Cantabria,Mujeres,2021,12.8075,50.120000000000005,43.695,,23.735,44.975,26.0,21.05,,36.25
06,Cantabria,Mujeres,2022,11.535,49.6225,43.8975,,30.6025,38.825,20.525,19.25,,37.23
06,Cantabria,Mujeres,2023,9.9825,50.4975,45.46,,20.0125,34.650000000000006,20.6,21.025,,38.72
06,Cantabria,Mujeres,2024,9.209999999999999,50.894999999999996,46.21,,23.9975,35.8,19.85,22.425,,43.33
06,Cantabria,Mujeres,2025,7.845,51.004999999999995,47.004999999999995,,18.735,33.3,18.375,21.35,,
06,Cantabria,Mujeres,2026,7.98,50.32,46.31,,22.35,30.7,12.5,21.5,,
07,Castilla y León,Ambos géneros,2010,15.7975,55.1425,46.4325,125.6,34.01,38.3,21.75,13.175,25.197,24.18
07,Castilla y León,Ambos géneros,2011,16.8675,55.2975,45.9725,124.425,38.6575,47.275,21.6,13.125,22.522,25.56
07,Castilla y León,Ambos géneros,2012,19.8,55.442499999999995,44.46,123.775,48.144999999999996,49.3,20.299999999999997,13.325,25.227,26.18
07,Castilla y León,Ambos géneros,2013,21.7475,54.9825,43.03,122.0,49.7525,57.5,20.8,15.775,25.448,24.89
07,Castilla y León,Ambos géneros,2014,20.765,55.0125,43.59,122.025,50.4825,62.9,21.725,15.8,22.798,24.18
07,Castilla y León,Ambos géneros,2015,18.259999999999998,54.805,44.7975,122.15,48.15,60.625,23.375,15.8,23.252,23.62
07,Castilla y León,Ambos géneros,2016,15.825,55.1,46.38,121.325,39.07,57.1,25.15,15.05,23.658,24.05
07,Castilla y León,Ambos géneros,2017,14.0775,54.7675,47.0575,121.075,36.199999999999996,51.575,25.25,15.2,24.153,25.09
07,Castilla y León,Ambos géneros,2018,12.105,54.542500000000004,47.94,121.45,28.34,49.4,25.2,15.5,22.892,26.36
07,Castilla y León,Ambos géneros,2019,11.64,54.83,48.4525,121.575,29.7275,45.400000000000006,25.05,15.1,21.291,27.76
07,Castilla y León,Ambos géneros,2020,12.067499999999999,53.7775,47.287499999999994,113.3,34.5975,41.225,22.875,14.950000000000001,20.489,27.99
07,Castilla y León,Ambos géneros,2021,11.620000000000001,53.4925,47.28,119.55,30.36,46.8,23.825,14.425,20.82,27.99
07,Castilla y León,Ambos géneros,2022,9.93,54.29,48.9,120.525,27.8125,44.675,20.875,14.35,17.986,28.18
07,Castilla y León,Ambos géneros,2023,9.6825,54.0,48.769999999999996,121.075,28.265,41.7,17.25,13.325,15.556,28.62
07,Castilla y León,Ambos géneros,2024,9.41,54.287499999999994,49.1825,121.25,27.995,35.55,16.45,13.775,17.347,29.89
07,Castilla y León,Ambos géneros,2025,8.55,54.5,49.84,122.3,24.7125,31.375,15.75,14.775,,
07,Castilla y León,Ambos géneros,2026,9.04,53.51,48.67,127.2,20.75,30.3,14.9,14.4,,
07,Castilla y León,Hombres,2010,14.225,63.2525,54.2525,,33.3475,36.975,20.125,4.325,,21.44
07,Castilla y León,Hombres,2011,15.6925,62.825,52.97,,39.4675,46.55,19.65,5.075,,22.89
07,Castilla y León,Hombres,2012,18.04,63.010000000000005,51.6475,,45.86,48.625,17.4,5.1,,22.94
07,Castilla y León,Hombres,2013,20.189999999999998,61.3475,48.9625,,48.9675,56.574999999999996,18.1,6.4,,21.76
07,Castilla y León,Hombres,2014,19.2,61.4225,49.635,,48.1275,62.275,19.875,6.4,,21.67
07,Castilla y León,Hombres,2015,15.965,61.1725,51.4075,,44.29,57.15,22.7,7.225,,20.84
07,Castilla y León,Hombres,2016,14.125,61.3775,52.715,,35.287499999999994,56.9,24.825,6.550000000000001,,21.21
07,Castilla y León,Hombres,2017,11.995,60.675,53.394999999999996,,38.1725,52.625,23.1,5.775,,22.12
07,Castilla y León,Hombres,2018,10.36,60.59,54.315,,29.295,46.9,23.6,6.525,,23.5
07,Castilla y León,Hombres,2019,10.0225,60.7625,54.675,,27.16,43.7,23.15,6.35,,24.83
07,Castilla y León,Hombres,2020,10.6075,59.305,53.0175,,32.02,40.3,19.575,5.675,,25.14
07,Castilla y León,Hombres,2021,9.7275,59.0875,53.3425,,28.560000000000002,45.949999999999996,21.1,6.3,,25.11
07,Castilla y León,Hombres,2022,8.6025,59.0925,54.0075,,27.582500000000003,46.175,18.425,6.3,,25.67
07,Castilla y León,Hombres,2023,8.0525,59.365,54.58,,25.53,40.525000000000006,13.95,5.4,,26.39
07,Castilla y León,Hombres,2024,7.75,58.955,54.3875,,23.7375,31.175,12.575,5.75,,27.35
07,Castilla y León,Hombres,2025,7.4475,59.54,55.1075,,22.990000000000002,31.275,12.65,6.75,,
07,Castilla y León,Hombres,2026,8.08,58.73,53.99,,17.2,35.3,11.9,6.7,,
07,Castilla y León,Mujeres,2010,17.8575,47.2125,38.78,,34.917500000000004,39.875,23.675,25.325000000000003,,28.66
07,Castilla y León,Mujeres,2011,18.3725,47.942499999999995,39.135,,37.7125,47.975,23.875,23.775,,29.55
07,Castilla y León,Mujeres,2012,22.057499999999997,48.057500000000005,37.455,,51.1125,50.0,23.65,24.45,,30.68
07,Castilla y León,Mujeres,2013,23.6625,48.79,37.245000000000005,,51.0625,58.575,23.7,27.849999999999998,,29.19
07,Castilla y León,Mujeres,2014,22.6875,48.7825,37.714999999999996,,53.5575,63.575,23.7,27.825,,28.07
07,Castilla y León,Mujeres,2015,21.0675,48.615,38.375,,52.8475,63.8,24.1,26.95,,27.16
07,Castilla y León,Mujeres,2016,17.8975,49.004999999999995,40.2325,,43.7575,57.3,25.525,25.9,,27.78
07,Castilla y León,Mujeres,2017,16.5775,49.035,40.9075,,33.795,50.675,27.6,27.15,,29.16
07,Castilla y León,Mujeres,2018,14.205,48.68,41.760000000000005,,27.1175,51.625,27.025,26.75,,30.48
07,Castilla y León,Mujeres,2019,13.58,49.0825,42.4225,,33.165,46.925,27.1,26.025,,31.55
07,Castilla y León,Mujeres,2020,13.7875,48.4225,41.745,,37.68,42.2,26.475,26.375,,31.61
07,Castilla y León,Mujeres,2021,13.86,48.097500000000004,41.4375,,32.74,47.525000000000006,26.8,24.425,,31.71
07,Castilla y León,Mujeres,2022,11.4475,49.677499999999995,43.9925,,28.060000000000002,43.475,23.5,23.85,,31.3
07,Castilla y León,Mujeres,2023,11.584999999999999,48.86,43.1975,,31.55,42.724999999999994,20.8,22.85,,31.25
07,Castilla y León,Mujeres,2024,11.29,49.817499999999995,44.195,,33.1775,38.975,20.525,23.2,,33.09
07,Castilla y León,Mujeres,2025,9.82,49.667500000000004,44.79,,27.122500000000002,31.525,19.025,24.175,,
07,Castilla y León,Mujeres,2026,10.16,48.48,43.55,,25.68,25.8,18.0,23.6,,
08,Castilla-La Mancha,Ambos géneros,2010,21.2225,58.2875,45.9175,128.425,42.9025,40.175,26.85,11.675,19.647,23.9
08,Castilla-La Mancha,Ambos géneros,2011,23.075,59.14,45.49,125.775,47.7125,48.0,26.5,12.35,20.945,23.88
08,Castilla-La Mancha,Ambos géneros,2012,28.585,59.1875,42.269999999999996,128.39999999999998,54.6075,51.75,23.1,13.45,23.161,23.7
08,Castilla-La Mancha,Ambos géneros,2013,29.9675,59.5275,41.69,128.6,61.432500000000005,63.625,23.175,14.725,25.028,21.92
08,Castilla-La Mancha,Ambos géneros,2014,28.995,59.15,41.995000000000005,126.925,61.43,64.65,24.375,13.9,20.081,20.79
08,Castilla-La Mancha,Ambos géneros,2015,26.345,58.6025,43.167500000000004,124.19999999999999,57.27,63.825,27.375,14.25,20.505,20.76
08,Castilla-La Mancha,Ambos géneros,2016,23.5475,58.49,44.7175,122.5,50.9675,60.95,28.4,13.2,20.365,21.16
08,Castilla-La Mancha,Ambos géneros,2017,20.765,58.8875,46.66,122.725,44.4525,56.900000000000006,28.05,12.65,20.87,21.68
08,Castilla-La Mancha,Ambos géneros,2018,18.165,58.765,48.0925,122.55000000000001,43.307500000000005,51.449999999999996,28.45,13.6,20.331,22.24
08,Castilla-La Mancha,Ambos géneros,2019,16.205000000000002,58.4775,49.0025,121.6,39.0775,48.25,27.7,14.325,15.13,23.27
08,Castilla-La Mancha,Ambos géneros,2020,17.67,57.2625,47.1375,116.675,39.4125,46.05,24.825,13.1,13.599,23.6
08,Castilla-La Mancha,Ambos géneros,2021,15.6775,58.5025,49.34,120.85,34.705,52.175,26.55,13.075,15.033,24.17
08,Castilla-La Mancha,Ambos géneros,2022,14.6375,58.72,50.1225,123.575,33.745,46.825,22.75,13.149999999999999,17.435,24.74
08,Castilla-La Mancha,Ambos géneros,2023,13.215,58.58,50.835,125.42500000000001,29.71,40.675,19.375,12.975,15.535,25.0
08,Castilla-La Mancha,Ambos géneros,2024,13.34,58.1625,50.405,123.925,28.855,36.65,17.6,13.7,15.188,26.04
08,Castilla-La Mancha,Ambos géneros,2025,12.775,58.817499999999995,51.307500000000005,125.425,27.7425,42.5,16.975,14.399999999999999,,
08,Castilla-La Mancha,Ambos géneros,2026,12.97,58.77,51.15,129.4,27.62,38.099999999999994,16.0,15.1,,
08,Castilla-La Mancha,Hombres,2010,19.2175,68.58250000000001,55.402499999999996,,42.66,38.45,25.5,4.35,,21.83
08,Castilla-La Mancha,Hombres,2011,20.88,67.8325,53.67,,46.1175,46.575,25.525,4.15,,21.67
08,Castilla-La Mancha,Hombres,2012,25.8075,67.285,49.9225,,53.39,48.95,22.85,5.6,,21.34
08,Castilla-La Mancha,Hombres,2013,27.485,67.58250000000001,49.01,,60.1625,60.699999999999996,22.45,6.0,,19.39
08,Castilla-La Mancha,Hombres,2014,26.0425,66.9,49.4725,,62.94,62.425,24.25,6.125,,18.89
08,Castilla-La Mancha,Hombres,2015,22.535,65.94,51.0775,,54.1375,60.275000000000006,26.55,6.7,,18.85
08,Castilla-La Mancha,Hombres,2016,19.9625,66.0125,52.835,,46.9925,57.75,28.075,5.5,,19.27
08,Castilla-La Mancha,Hombres,2017,16.755,66.4325,55.3,,39.885,53.075,26.825,4.925,,19.69
08,Castilla-La Mancha,Hombres,2018,13.592500000000001,66.0825,57.1025,,38.87,47.95,27.1,5.025,,20.19
08,Castilla-La Mancha,Hombres,2019,12.2325,65.425,57.425,,34.76,45.2,26.799999999999997,5.4,,21.7
08,Castilla-La Mancha,Hombres,2020,13.629999999999999,64.56,55.7675,,36.6075,38.75,22.825,4.9,,22.17
08,Castilla-La Mancha,Hombres,2021,11.62,65.4925,57.885000000000005,,29.34,44.825,24.099999999999998,5.8,,22.56
08,Castilla-La Mancha,Hombres,2022,11.1175,65.89,58.565,,28.96,36.675,19.2,5.225,,22.76
08,Castilla-La Mancha,Hombres,2023,10.184999999999999,65.17,58.53,,28.665,37.7,16.0,5.75,,23.24
08,Castilla-La Mancha,Hombres,2024,9.9725,64.4625,58.035,,23.21,33.725,14.725,6.2,,24.22
08,Castilla-La Mancha,Hombres,2025,9.6775,65.07,58.7775,,26.135,37.15,13.525,6.1499999999999995,,
08,Castilla-La Mancha,Hombres,2026,10.57,65.26,58.36,,27.26,31.700000000000003,13.2,6.3,,
08,Castilla-La Mancha,Mujeres,2010,24.1475,47.824999999999996,36.2775,,43.1875,42.25,28.7,23.0,,27.17
08,Castilla-La Mancha,Mujeres,2011,26.0825,50.3175,37.192499999999995,,49.7975,49.6,27.775000000000002,24.25,,27.41
08,Castilla-La Mancha,Mujeres,2012,32.292500000000004,50.985,34.519999999999996,,56.0275,54.724999999999994,23.45,25.0,,27.77
08,Castilla-La Mancha,Mujeres,2013,33.26,51.39,34.3,,62.985,66.85,24.1,27.35,,25.87
08,Castilla-La Mancha,Mujeres,2014,32.8725,51.332499999999996,34.455,,59.595,67.0,24.575,25.175,,23.63
08,Castilla-La Mancha,Mujeres,2015,31.2925,51.225,35.197500000000005,,60.71,67.075,28.424999999999997,25.15,,23.71
08,Castilla-La Mancha,Mujeres,2016,28.2175,50.932500000000005,36.56,,55.67,63.925000000000004,28.8,24.325,,24.19
08,Castilla-La Mancha,Mujeres,2017,25.97,51.32,37.9875,,50.3575,60.075,29.575,23.95,,24.88
08,Castilla-La Mancha,Mujeres,2018,24.055,51.4275,39.06,,48.8175,54.075,30.25,26.15,,25.35
08,Castilla-La Mancha,Mujeres,2019,21.265,51.5125,40.5575,,44.7675,50.575,28.85,26.975,,25.57
08,Castilla-La Mancha,Mujeres,2020,22.895,49.9375,38.4775,,43.2025,51.9,27.5,25.05,,25.66
08,Castilla-La Mancha,Mujeres,2021,20.8275,51.5375,40.817499999999995,,41.925,57.35,29.775000000000002,23.35,,26.55
08,Castilla-La Mancha,Mujeres,2022,19.122500000000002,51.58,41.7175,,40.91,54.275000000000006,27.275,24.175,,27.57
08,Castilla-La Mancha,Mujeres,2023,16.985,52.015,43.177499999999995,,31.009999999999998,42.925,23.45,22.675,,27.52
08,Castilla-La Mancha,Mujeres,2024,17.5175,51.875,42.785000000000004,,35.9075,38.65,21.125,23.85,,28.56
08,Castilla-La Mancha,Mujeres,2025,16.6225,52.542500000000004,43.8075,,29.6525,46.275,21.225,25.5,,
08,Castilla-La Mancha,Mujeres,2026,16.01,52.23,43.87,,28.2,43.599999999999994,19.5,26.9,,
09,Cataluña,Ambos géneros,2010,17.6575,63.7875,52.5225,128.3,39.114999999999995,44.15,18.175,12.274999999999999,23.763,38.28
09,Cataluña,Ambos géneros,2011,19.16,64.09,51.81,126.975,43.83,49.35,20.2,13.35,25.782,38.4
09,Cataluña,Ambos géneros,2012,22.515,63.4325,49.1525,126.44999999999999,50.402499999999996,53.4,18.4,13.85,24.807,37.12
09,Cataluña,Ambos géneros,2013,23.12,63.1475,48.5475,125.625,50.2475,57.4,18.6,15.275,25.082,34.75
09,Cataluña,Ambos géneros,2014,20.325,62.6175,49.89,125.325,47.095,60.5,18.35,15.275,25.951,35.15
09,Cataluña,Ambos géneros,2015,18.5925,62.3,50.714999999999996,125.675,42.269999999999996,59.575,19.625,13.9,23.87,37.93
09,Cataluña,Ambos géneros,2016,15.7125,62.0075,52.265,125.2,34.332499999999996,56.9,21.15,14.175,23.438,42.51
09,Cataluña,Ambos géneros,2017,13.4125,61.7275,53.45,125.35,30.4175,50.35,21.575,14.3,23.026,47.88
09,Cataluña,Ambos géneros,2018,11.49,61.2725,54.2325,125.6,27.7175,45.275,21.875,14.125,22.173,49.93
09,Cataluña,Ambos géneros,2019,11.032499999999999,61.555,54.7675,124.57499999999999,26.237499999999997,39.725,21.625,14.625,20.636,50.17
09,Cataluña,Ambos géneros,2020,12.635,60.3375,52.7175,112.69999999999999,33.9675,32.3,19.625,13.85,19.687,49.24
09,Cataluña,Ambos géneros,2021,11.6975,61.18,54.03,121.325,28.855,45.075,20.7,13.05,19.853,44.44
09,Cataluña,Ambos géneros,2022,9.9725,60.94,54.8625,125.475,24.4075,37.975,17.675,12.65,19.51,45.77
09,Cataluña,Ambos géneros,2023,9.345,61.5025,55.7575,125.225,22.384999999999998,35.95,14.1,12.425,16.749,49.19
09,Cataluña,Ambos géneros,2024,8.8975,61.5925,56.1125,124.5,22.0275,32.9,12.225,13.775,15.703,51.83
09,Cataluña,Ambos géneros,2025,8.36,61.7975,56.6325,124.52499999999999,19.0425,33.675,11.7,13.125,,
09,Cataluña,Ambos géneros,2026,10.12,61.61,55.37,129.7,19.31,32.2,11.6,12.9,,
09,Cataluña,Hombres,2010,18.5975,71.2325,57.99,,45.32,44.7,16.575,4.8,,33.91
09,Cataluña,Hombres,2011,19.77,70.765,56.7775,,49.4525,50.35,18.55,5.65,,33.57
09,Cataluña,Hombres,2012,23.1925,69.62,53.475,,52.6625,55.025,17.375,6.325,,32.59
09,Cataluña,Hombres,2013,23.735,69.0225,52.635,,53.8875,58.85,18.65,8.05,,30.45
09,Cataluña,Hombres,2014,20.6425,68.0075,53.97,,48.4825,62.2,17.75,7.9,,30.64
09,Cataluña,Hombres,2015,17.8375,67.86749999999999,55.7625,,44.5775,60.5,20.0,7.075,,33.53
09,Cataluña,Hombres,2016,14.6125,67.0825,57.2775,,35.605000000000004,55.824999999999996,21.25,7.675,,37.71
09,Cataluña,Hombres,2017,12.525,66.8775,58.504999999999995,,32.54,50.65,20.4,7.275,,42.57
09,Cataluña,Hombres,2018,10.9475,66.61,59.3175,,29.6925,45.675,21.15,7.125,,44.55
09,Cataluña,Hombres,2019,10.592500000000001,66.405,59.3725,,28.345,40.0,20.825,7.55,,44.98
09,Cataluña,Hombres,2020,11.92,65.13,57.3725,,35.1075,31.125,18.05,7.6,,44.47
09,Cataluña,Hombres,2021,10.5225,65.885,58.955,,28.6,42.75,18.075,6.7,,40.08
09,Cataluña,Hombres,2022,9.42,65.995,59.7825,,23.115000000000002,38.95,15.15,6.425,,41.32
09,Cataluña,Hombres,2023,8.935,66.375,60.4525,,22.2925,37.05,12.7,6.5,,45.06
09,Cataluña,Hombres,2024,8.3925,66.9425,61.32,,21.072499999999998,31.825,10.524999999999999,8.075,,47.75
09,Cataluña,Hombres,2025,7.635,66.495,61.4175,,18.315,32.825,10.65,8.125,,
09,Cataluña,Hombres,2026,9.52,66.02,59.73,,16.61,33.8,11.2,8.3,,
09,Cataluña,Mujeres,2010,16.5075,56.552499999999995,47.2175,,32.004999999999995,43.475,19.925,21.15,,44.48
09,Cataluña,Mujeres,2011,18.435000000000002,57.64,47.015,,37.8675,48.074999999999996,21.9,22.325,,45.23
09,Cataluña,Mujeres,2012,21.7275,57.5,45.005,,47.9125,51.4,19.475,22.35,,43.34
09,Cataluña,Mujeres,2013,22.42,57.56,44.655,,46.095,55.625,18.55,23.4,,40.64
09,Cataluña,Mujeres,2014,19.9775,57.515,46.025,,45.55,58.65,18.9,23.5,,41.38
09,Cataluña,Mujeres,2015,19.4425,57.045,45.955,,39.802499999999995,58.6,19.224999999999998,21.65,,44.04
09,Cataluña,Mujeres,2016,16.927500000000002,57.2325,47.54,,32.94,57.95,21.1,21.475,,49.25
09,Cataluña,Mujeres,2017,14.395,56.89,48.7,,28.002499999999998,50.025,22.75,22.2,,55.31
09,Cataluña,Mujeres,2018,12.0875,56.2575,49.455,,25.4025,44.975,22.6,21.975,,57.24
09,Cataluña,Mujeres,2019,11.5075,56.99,50.4275,,23.877499999999998,39.35,22.425,22.5,,56.67
09,Cataluña,Mujeres,2020,13.4125,55.82,48.33,,32.61,33.5,21.2,20.8,,55.38
09,Cataluña,Mujeres,2021,12.9925,56.7075,49.3425,,29.18,47.15,23.45,20.25,,50.0
09,Cataluña,Mujeres,2022,10.595,56.135,50.1875,,25.885,37.025,20.275,19.675,,51.33
09,Cataluña,Mujeres,2023,9.7975,56.8675,51.295,,22.475,34.775,15.6,18.95,,54.13
09,Cataluña,Mujeres,2024,9.4625,56.475,51.1275,,23.22,33.875,13.95,20.3,,56.65
09,Cataluña,Mujeres,2025,9.16,57.295,52.0475,,19.854999999999997,34.475,12.775,18.825,,
09,Cataluña,Mujeres,2026,10.79,57.37,51.18,,22.57,30.7,11.9,18.0,,
18,Ceuta,Ambos géneros,2010,23.919999999999998,56.625,43.08,,62.432500000000005,56.349999999999994,27.95,11.825,,
18,Ceuta,Ambos géneros,2011,27.745,57.525,41.5925,,63.6,51.475,31.575,11.475,,
18,Ceuta,Ambos géneros,2012,37.019999999999996,59.4975,37.4675,,69.75,54.175,19.45,11.5,,
18,Ceuta,Ambos géneros,2013,34.79,60.3325,39.31,,73.63,69.375,14.3,11.65,,
18,Ceuta,Ambos géneros,2014,31.8425,58.912499999999994,40.1475,,66.9975,79.5,13.5,9.575,,
18,Ceuta,Ambos géneros,2015,27.5475,57.32,41.485,,79.4475,73.15,16.125,11.15,,
18,Ceuta,Ambos géneros,2016,24.880000000000003,57.425,43.1175,,63.0925,65.65,19.1,13.25,,
18,Ceuta,Ambos géneros,2017,22.37,55.7875,43.265,,54.4925,62.025,19.525,17.8,,
18,Ceuta,Ambos géneros,2018,28.927500000000002,58.7925,41.7375,,62.347500000000004,69.275,20.775,16.05,,
18,Ceuta,Ambos géneros,2019,25.814999999999998,58.08,43.0675,,52.7775,63.0,22.475,14.3,,
18,Ceuta,Ambos géneros,2020,24.5175,56.3725,42.55,,62.805,66.2,20.05,9.325,,
18,Ceuta,Ambos géneros,2021,30.85,55.555,38.415,,67.2225,71.175,17.4,11.05,,
18,Ceuta,Ambos géneros,2022,29.8525,61.0925,42.822500000000005,,50.9625,63.599999999999994,16.15,9.8,,
18,Ceuta,Ambos géneros,2023,29.98,61.905,43.3525,,59.13,57.975,14.075000000000001,12.125,,
18,Ceuta,Ambos géneros,2024,27.4075,60.46,43.86,,68.0175,64.8,14.35,10.65,,
18,Ceuta,Ambos géneros,2025,24.3575,61.112500000000004,46.26,,55.64,67.60000000000001,13.775,9.175,,
18,Ceuta,Ambos géneros,2026,26.1,65.91,48.71,,61.11,60.3,12.7,12.2,,
18,Ceuta,Hombres,2010,21.37,68.9475,54.185,,53.1525,58.175,24.4,7.425000000000001,,
18,Ceuta,Hombres,2011,22.1525,67.84,52.8375,,56.989999999999995,44.725,26.95,7.8,,
18,Ceuta,Hombres,2012,29.305,67.8575,47.9425,,75.14750000000001,57.0,17.675,5.5,,
18,Ceuta,Hombres,2013,28.8075,70.31,50.0375,,75.79,76.89999999999999,13.899999999999999,6.65,,
18,Ceuta,Hombres,2014,28.93,68.32000000000001,48.55,,57.5325,84.825,11.5,5.35,,
18,Ceuta,Hombres,2015,21.552500000000002,67.2325,52.725,,76.9325,80.65,11.475,6.825,,
18,Ceuta,Hombres,2016,20.0925,66.94,53.4475,,66.3875,58.3,14.25,8.825,,
18,Ceuta,Hombres,2017,17.03,63.917500000000004,52.9775,,54.9,57.425,16.8,11.7,,
18,Ceuta,Hombres,2018,22.845,65.73,50.685,,58.015,68.15,13.95,9.7,,
18,Ceuta,Hombres,2019,22.9775,67.3275,51.8225,,67.4825,58.400000000000006,15.075000000000001,9.475,,
18,Ceuta,Hombres,2020,21.822499999999998,64.6875,50.59,,64.36,64.65,14.7,5.45,,
18,Ceuta,Hombres,2021,26.945,61.4825,44.9225,,57.9625,71.0,12.425,8.175,,
18,Ceuta,Hombres,2022,26.2075,68.48,50.5,,31.9775,64.2,14.925,6.3,,
18,Ceuta,Hombres,2023,24.555,66.3,50.015,,64.225,55.599999999999994,11.25,8.4,,
18,Ceuta,Hombres,2024,19.215,66.775,53.9225,,54.815,63.525,11.65,8.55,,
18,Ceuta,Hombres,2025,18.215,67.2425,55.0175,,42.6325,65.1,12.85,5.8,,
18,Ceuta,Hombres,2026,22.29,75.21,58.45,,55.46,56.6,7.0,6.6,,
18,Ceuta,Mujeres,2010,28.345,42.92,30.71,,76.5875,53.85,34.625,20.4,,
18,Ceuta,Mujeres,2011,36.865,46.055,29.07,,70.8875,57.975,41.150000000000006,18.95,,
18,Ceuta,Mujeres,2012,47.925,50.5825,26.305,,61.46,52.75,22.924999999999997,23.025,,
18,Ceuta,Mujeres,2013,43.755,49.7625,27.942500000000003,,69.58,62.25,15.075,21.075,,
18,Ceuta,Mujeres,2014,36.3375,48.5675,30.9025,,78.75,72.95,16.975,16.9,,
18,Ceuta,Mujeres,2015,36.3925,47.082499999999996,29.8675,,81.19,66.4,24.275,19.025,,
18,Ceuta,Mujeres,2016,31.927500000000002,47.4725,32.2975,,53.4125,72.9,26.975,20.9,,
18,Ceuta,Mujeres,2017,29.4225,47.66,33.582499999999996,,53.6575,65.35,23.85,27.425,,
18,Ceuta,Mujeres,2018,36.175,52.2025,33.2325,,65.785,69.9,30.625,25.225,,
18,Ceuta,Mujeres,2019,29.665,48.8025,34.315,,40.435,67.85,33.05,21.55,,
18,Ceuta,Mujeres,2020,28.1725,47.9475,34.4,,60.465,68.15,27.175,15.05,,
18,Ceuta,Mujeres,2021,35.435,49.8825,32.1975,,76.14,71.0,23.3,14.875,,
18,Ceuta,Mujeres,2022,34.6275,53.295,34.7325,,76.7625,63.5,17.925,15.224999999999998,,
18,Ceuta,Mujeres,2023,36.1575,57.4075,36.63,,54.685,60.85,18.075,17.225,,
18,Ceuta,Mujeres,2024,36.8825,54.4525,34.3,,73.80499999999999,65.475,18.2,13.85,,
18,Ceuta,Mujeres,2025,31.96,54.9,37.4025,,67.97,69.275,15.075,14.2,,
18,Ceuta,Mujeres,2026,31.08,56.75,39.11,,67.09,63.8,21.0,20.6,,
15,Comunidad Foral de Navarra,Ambos géneros,2010,11.9025,60.725,53.5,122.025,30.294999999999998,33.65,24.575000000000003,14.575,26.148,26.55
15,Comunidad Foral de Navarra,Ambos géneros,2011,12.9875,60.9825,53.06,121.52499999999999,29.5525,40.075,25.825,14.575,28.228,27.83
15,Comunidad Foral de Navarra,Ambos géneros,2012,16.1625,60.715,50.9,119.75,40.64,46.275,21.8,16.375,29.569,29.38
15,Comunidad Foral de Navarra,Ambos géneros,2013,17.93,60.175,49.385,119.9,48.0975,50.7,20.1,16.05,30.464,26.26
15,Comunidad Foral de Navarra,Ambos géneros,2014,15.71,59.7525,50.3625,121.675,45.2875,57.725,22.475,17.775,29.647,24.64
15,Comunidad Foral de Navarra,Ambos géneros,2015,13.8275,58.8,50.67,120.15,38.3125,53.725,25.975,18.4,28.42,24.56
15,Comunidad Foral de Navarra,Ambos géneros,2016,12.485,58.545,51.2375,117.65,34.0875,55.5,25.15,16.725,28.018,24.88
15,Comunidad Foral de Navarra,Ambos géneros,2017,10.2375,59.120000000000005,53.0675,120.325,31.5375,44.175,22.975,16.05,26.265,25.16
15,Comunidad Foral de Navarra,Ambos géneros,2018,10.0275,59.0925,53.17,120.75,26.3525,46.825,24.025,16.299999999999997,23.179,27.09
15,Comunidad Foral de Navarra,Ambos géneros,2019,8.2425,58.635,53.8025,119.625,22.5325,33.175,25.675,16.75,22.366,28.0
15,Comunidad Foral de Navarra,Ambos géneros,2020,10.055,57.1275,51.379999999999995,112.75,25.6375,29.75,25.425,14.15,23.216,29.15
15,Comunidad Foral de Navarra,Ambos géneros,2021,10.712499999999999,58.1725,51.942499999999995,116.75,22.3825,45.85,24.05,15.625,21.597,29.99
15,Comunidad Foral de Navarra,Ambos géneros,2022,9.735,58.7225,53.0025,119.725,22.6275,44.575,21.3,14.275,18.544,30.42
15,Comunidad Foral de Navarra,Ambos géneros,2023,9.945,58.7875,52.94,120.975,25.4575,36.85,18.275,14.05,20.684,29.57
15,Comunidad Foral de Navarra,Ambos géneros,2024,7.64,59.2625,54.735,120.15,22.8975,31.2,16.45,12.875,20.38,29.86
15,Comunidad Foral de Navarra,Ambos géneros,2025,7.6899999999999995,58.9475,54.4125,119.425,20.795,38.325,17.45,12.675,,
15,Comunidad Foral de Navarra,Ambos géneros,2026,9.09,58.47,53.15,122.9,22.81,22.299999999999997,18.3,12.5,,
15,Comunidad Foral de Navarra,Hombres,2010,11.504999999999999,67.8875,60.08,,29.740000000000002,39.4,21.325,4.075,,23.45
15,Comunidad Foral de Navarra,Hombres,2011,12.5725,67.2025,58.7525,,25.475,38.1,23.200000000000003,4.35,,24.38
15,Comunidad Foral de Navarra,Hombres,2012,16.685,66.8125,55.665,,39.06,43.25,18.0,5.949999999999999,,25.29
15,Comunidad Foral de Navarra,Hombres,2013,17.1625,66.66499999999999,55.2225,,47.2275,49.6,17.625,6.225,,22.48
15,Comunidad Foral de Navarra,Hombres,2014,15.48,65.5475,55.3975,,54.175,61.725,20.424999999999997,6.275,,21.24
15,Comunidad Foral de Navarra,Hombres,2015,12.6775,64.07,55.945,,40.6575,56.925,22.65,6.975,,21.25
15,Comunidad Foral de Navarra,Hombres,2016,10.9275,63.417500000000004,56.49,,33.285,54.150000000000006,21.575,6.5,,21.77
15,Comunidad Foral de Navarra,Hombres,2017,7.7375,64.545,59.555,,23.4,43.525,21.325,5.65,,22.3
15,Comunidad Foral de Navarra,Hombres,2018,9.085,63.4425,57.685,,27.1425,44.224999999999994,22.1,5.625,,24.17
15,Comunidad Foral de Navarra,Hombres,2019,7.395,63.475,58.785,,23.8075,30.7,23.9,7.4,,25.19
15,Comunidad Foral de Navarra,Hombres,2020,9.99,62.4625,56.22,,27.815,27.25,20.625,5.575,,26.06
15,Comunidad Foral de Navarra,Hombres,2021,11.555,62.0775,54.91,,23.89,49.175,19.575,5.75,,26.97
15,Comunidad Foral de Navarra,Hombres,2022,9.2675,63.5875,57.7,,22.87,44.625,17.975,5.35,,27.78
15,Comunidad Foral de Navarra,Hombres,2023,9.157499999999999,63.49,57.6725,,27.584999999999997,32.175,16.7,6.1,,26.65
15,Comunidad Foral de Navarra,Hombres,2024,6.955,63.587500000000006,59.1625,,19.8,23.825000000000003,14.55,5.575,,26.93
15,Comunidad Foral de Navarra,Hombres,2025,6.4425,63.684999999999995,59.58,,17.560000000000002,35.35,13.525,5.875,,
15,Comunidad Foral de Navarra,Hombres,2026,8.36,63.95,58.61,,21.55,25.5,14.2,5.7,,
15,Comunidad Foral de Navarra,Mujeres,2010,12.395,53.6,46.957499999999996,,30.875,27.4,28.325,28.025,,31.75
15,Comunidad Foral de Navarra,Mujeres,2011,13.49,54.81,47.42,,33.43,42.275000000000006,28.7,27.15,,33.97
15,Comunidad Foral de Navarra,Mujeres,2012,15.530000000000001,54.7025,46.2025,,42.385,50.425,25.9,28.65,,35.91
15,Comunidad Foral de Navarra,Mujeres,2013,18.855,53.81,43.66,,49.3825,51.824999999999996,22.8,28.25,,32.32
15,Comunidad Foral de Navarra,Mujeres,2014,15.98,54.09,45.442499999999995,,35.7375,53.025,24.65,31.45,,30.19
15,Comunidad Foral de Navarra,Mujeres,2015,15.17,53.6525,45.5175,,35.595,50.65,29.5,32.15,,29.69
15,Comunidad Foral de Navarra,Mujeres,2016,14.2775,53.805,46.13,,35.2825,56.8,29.025,28.9,,30.25
15,Comunidad Foral de Navarra,Mujeres,2017,13.155,53.8575,46.775,,42.34,44.5,24.8,28.875,,30.25
15,Comunidad Foral de Navarra,Mujeres,2018,11.09,54.875,48.795,,25.415,49.375,26.025,28.5,,31.47
15,Comunidad Foral de Navarra,Mujeres,2019,9.2125,53.9425,48.975,,21.175,35.5,27.5,27.549999999999997,,32.45
15,Comunidad Foral de Navarra,Mujeres,2020,10.125,51.96,46.6925,,23.21,32.725,30.625,24.125,,33.93
15,Comunidad Foral de Navarra,Mujeres,2021,9.7675,54.36,49.055,,20.645,41.375,28.525,26.475,,34.4
15,Comunidad Foral de Navarra,Mujeres,2022,10.282499999999999,54.0025,48.45,,22.0775,44.525000000000006,24.8,24.5,,34.11
15,Comunidad Foral de Navarra,Mujeres,2023,10.8375,54.225,48.355000000000004,,22.424999999999997,41.3,19.9,23.225,,33.59
15,Comunidad Foral de Navarra,Mujeres,2024,8.4,55.0575,50.43,,26.835,38.075,18.45,21.25,,33.83
15,Comunidad Foral de Navarra,Mujeres,2025,9.1175,54.335,49.3775,,24.9325,41.375,21.8,20.675,,
15,Comunidad Foral de Navarra,Mujeres,2026,9.96,53.14,47.85,,24.69,19.0,22.9,20.6,,
13,Comunidad de Madrid,Ambos géneros,2010,15.8425,66.0775,55.61,133.5,37.115,39.0,18.8,11.525,21.695,40.67
13,Comunidad de Madrid,Ambos géneros,2011,16.3375,65.2375,54.58,132.6,40.855,45.15,19.25,11.7,21.841,40.86
13,Comunidad de Madrid,Ambos géneros,2012,18.53,65.325,53.22,133.45,48.055,50.925,17.425,12.425,21.552,38.85
13,Comunidad de Madrid,Ambos géneros,2013,19.7625,64.4625,51.72,132.8,48.81,57.95,16.4,13.7,21.438,36.29
13,Comunidad de Madrid,Ambos géneros,2014,18.747500000000002,63.86,51.8925,131.625,48.99,61.8,16.0,13.75,21.549,36.02
13,Comunidad de Madrid,Ambos géneros,2015,17.0575,64.575,53.557500000000005,131.35000000000002,44.1625,62.925,17.025,13.8,19.936,37.79
13,Comunidad de Madrid,Ambos géneros,2016,15.712499999999999,63.65,53.644999999999996,131.125,40.5175,58.65,18.35,13.1,19.717,40.54
13,Comunidad de Madrid,Ambos géneros,2017,13.3425,62.870000000000005,54.4825,130.475,34.69,53.1,18.95,12.875,19.662,43.52
13,Comunidad de Madrid,Ambos géneros,2018,12.219999999999999,62.895,55.207499999999996,130.3,27.4575,50.974999999999994,19.8,13.125,19.755,48.23
13,Comunidad de Madrid,Ambos géneros,2019,10.622499999999999,62.835,56.1575,130.7,29.09,44.95,19.525,13.175,18.529,48.87
13,Comunidad de Madrid,Ambos géneros,2020,12.497499999999999,62.14,54.3725,120.825,31.7825,36.275,18.75,12.85,17.765,48.05
13,Comunidad de Madrid,Ambos géneros,2021,11.6875,63.3275,55.925,128.275,29.4775,44.475,19.35,13.35,17.495,44.04
13,Comunidad de Madrid,Ambos géneros,2022,11.215,63.302499999999995,56.2,129.975,27.767500000000002,48.6,15.925,12.825,17.559,43.43
13,Comunidad de Madrid,Ambos géneros,2023,9.955,63.245,56.9525,130.0,27.3475,43.075,12.525,12.1,16.552,46.15
13,Comunidad de Madrid,Ambos géneros,2024,8.975,63.1475,57.480000000000004,129.85,20.3175,38.025,11.8,12.575,17.5,49.94
13,Comunidad de Madrid,Ambos géneros,2025,7.9675,63.2725,58.230000000000004,130.25,19.335,35.325,11.425,14.25,,
13,Comunidad de Madrid,Ambos géneros,2026,7.91,63.29,58.28,135.0,21.91,37.4,11.4,14.4,,
13,Comunidad de Madrid,Hombres,2010,15.5725,72.9225,61.5625,,38.825,40.325,18.175,5.1,,36.43
13,Comunidad de Madrid,Hombres,2011,16.395,71.99000000000001,60.1875,,42.275,46.725,18.4,5.7,,36.54
13,Comunidad de Madrid,Hombres,2012,19.105,71.245,57.635,,52.305,50.675,16.375,6.35,,34.75
13,Comunidad de Madrid,Hombres,2013,19.22,70.185,56.6925,,48.995,58.15,15.375,7.55,,32.55
13,Comunidad de Madrid,Hombres,2014,17.955,69.7125,57.197500000000005,,46.825,60.45,15.475,7.25,,32.19
13,Comunidad de Madrid,Hombres,2015,16.8075,70.49,58.64,,46.2575,62.7,17.6,7.8,,34.09
13,Comunidad de Madrid,Hombres,2016,15.005,68.97,58.615,,41.28,58.3,17.8,7.199999999999999,,36.67
13,Comunidad de Madrid,Hombres,2017,12.7925,68.2225,59.4975,,37.72,51.525,18.625,7.1,,39.41
13,Comunidad de Madrid,Hombres,2018,11.62,68.4175,60.4625,,30.1725,52.825,18.35,6.7,,43.69
13,Comunidad de Madrid,Hombres,2019,9.8125,67.805,61.1525,,28.46,41.275,18.3,6.925,,44.52
13,Comunidad de Madrid,Hombres,2020,11.5725,66.5975,58.8925,,30.32,33.775,17.2,6.775,,43.98
13,Comunidad de Madrid,Hombres,2021,10.754999999999999,67.795,60.5025,,30.5025,44.425,18.175,7.0,,40.35
13,Comunidad de Madrid,Hombres,2022,9.530000000000001,68.27250000000001,61.765,,29.32,46.2,14.2,7.425,,39.76
13,Comunidad de Madrid,Hombres,2023,8.7025,67.7175,61.825,,28.4025,43.85,10.875,6.55,,42.42
13,Comunidad de Madrid,Hombres,2024,8.485,67.67750000000001,61.932500000000005,,22.5825,34.05,9.975,6.3,,45.66
13,Comunidad de Madrid,Hombres,2025,7.8100000000000005,67.50999999999999,62.237500000000004,,18.41,34.2,9.1,7.35,,
13,Comunidad de Madrid,Hombres,2026,6.89,67.83,63.16,,21.77,36.6,9.4,8.6,,
13,Comunidad de Madrid,Mujeres,2010,16.1425,59.815,50.1575,,35.167500000000004,37.675,19.45,18.725,,46.52
13,Comunidad de Madrid,Mujeres,2011,16.275,59.075,49.47,,39.3575,43.474999999999994,20.1,18.325,,46.76
13,Comunidad de Madrid,Mujeres,2012,17.9075,59.9525,49.2125,,43.5475,51.2,18.4,18.925,,44.3
13,Comunidad de Madrid,Mujeres,2013,20.345,59.29,47.2275,,48.655,57.7,17.4,20.35,,41.44
13,Comunidad de Madrid,Mujeres,2014,19.605,58.58,47.1,,51.089999999999996,63.2,16.5,20.85,,41.03
13,Comunidad de Madrid,Mujeres,2015,17.3275,59.2425,48.975,,41.875,63.150000000000006,16.4,20.275,,42.58
13,Comunidad de Madrid,Mujeres,2016,16.46,58.855000000000004,49.1625,,39.7125,59.0,18.85,19.45,,45.68
13,Comunidad de Madrid,Mujeres,2017,13.9275,58.05,49.965,,31.26,54.7,19.175,19.025,,49.06
13,Comunidad de Madrid,Mujeres,2018,12.852500000000001,57.93,50.480000000000004,,24.6,49.225,21.299999999999997,20.1,,54.45
13,Comunidad de Madrid,Mujeres,2019,11.4775,58.36,51.6625,,29.7425,48.25,20.725,19.875,,54.65
13,Comunidad de Madrid,Mujeres,2020,13.45,58.129999999999995,50.3125,,33.3675,38.425,20.275,19.275,,53.49
13,Comunidad de Madrid,Mujeres,2021,12.645,59.325,51.815,,28.5925,44.475,20.424999999999997,19.975,,48.91
13,Comunidad de Madrid,Mujeres,2022,12.969999999999999,58.8425,51.21,,26.017500000000002,50.5,17.6,18.625,,48.23
13,Comunidad de Madrid,Mujeres,2023,11.25,59.222500000000004,52.56,,26.2,42.5,14.125,18.025,,50.84
13,Comunidad de Madrid,Mujeres,2024,9.48,59.0725,53.475,,17.695,41.7,13.55,19.05,,55.35
13,Comunidad de Madrid,Mujeres,2025,8.1275,59.445,54.61,,20.3375,36.45,13.675,21.325,,
13,Comunidad de Madrid,Mujeres,2026,8.96,59.21,53.91,,22.07,37.900000000000006,13.4,20.5,,
10,Comunitat Valenciana,Ambos géneros,2010,22.8575,60.1225,46.379999999999995,128.575,42.29,46.425,27.75,16.375,23.809,28.28
10,Comunitat Valenciana,Ambos géneros,2011,23.985,59.7425,45.4125,126.475,51.3975,51.775000000000006,26.775,16.375,25.316,25.85
10,Comunitat Valenciana,Ambos géneros,2012,27.19,59.6175,43.41,126.5,52.8875,54.925,26.5,17.65,26.425,25.42
10,Comunitat Valenciana,Ambos géneros,2013,28.05,59.65,42.92,125.775,56.285,59.7,26.775,19.0,24.24,24.37
10,Comunitat Valenciana,Ambos géneros,2014,25.8125,58.980000000000004,43.75,123.7,56.567499999999995,63.525000000000006,26.825,19.125,25.418,24.09
10,Comunitat Valenciana,Ambos géneros,2015,22.78,59.1,45.635,122.9,48.4,62.275,27.45,18.95,25.535,24.17
10,Comunitat Valenciana,Ambos géneros,2016,20.615000000000002,59.3725,47.1375,123.475,45.605,59.575,27.425,19.05,22.485,25.67
10,Comunitat Valenciana,Ambos géneros,2017,18.177500000000002,59.1025,48.365,124.15,41.75,51.75,29.525,18.625,22.39,27.32
10,Comunitat Valenciana,Ambos géneros,2018,15.59,58.545,49.417500000000004,122.7,34.34,48.9,28.775,15.95,21.605,29.12
10,Comunitat Valenciana,Ambos géneros,2019,14.1125,58.2125,49.9975,123.525,31.17,44.0,27.9,15.975000000000001,21.163,31.27
10,Comunitat Valenciana,Ambos géneros,2020,16.19,57.17,47.917500000000004,113.675,36.5525,39.375,25.175,16.125,20.101,31.92
10,Comunitat Valenciana,Ambos géneros,2021,16.085,57.7725,48.485,121.025,37.4025,48.724999999999994,26.925,15.575,20.237,31.03
10,Comunitat Valenciana,Ambos géneros,2022,13.29,58.705,50.905,124.375,28.505000000000003,47.3,22.525,15.325,17.046,32.63
10,Comunitat Valenciana,Ambos géneros,2023,12.8025,59.197500000000005,51.620000000000005,122.975,28.560000000000002,38.8,18.1,15.525,16.925,35.99
10,Comunitat Valenciana,Ambos géneros,2024,12.6275,58.8825,51.45,123.5,25.73,39.075,17.25,16.0,17.537,39.27
10,Comunitat Valenciana,Ambos géneros,2025,11.5725,58.705,51.915,123.925,30.5325,37.325,16.375,15.325,,
10,Comunitat Valenciana,Ambos géneros,2026,11.75,58.91,51.99,125.9,28.59,35.7,15.3,15.4,,
10,Comunitat Valenciana,Hombres,2010,22.9325,67.9325,52.3525,,41.42,46.625,27.325,8.075,,25.1
10,Comunitat Valenciana,Hombres,2011,23.7025,66.74000000000001,50.917500000000004,,55.254999999999995,52.45,25.875,7.675,,22.8
10,Comunitat Valenciana,Hombres,2012,27.355,66.8125,48.5375,,55.7275,54.175000000000004,24.775,8.425,,22.21
10,Comunitat Valenciana,Hombres,2013,27.0825,66.29,48.3375,,57.67,59.15,25.175,10.125,,21.51
10,Comunitat Valenciana,Hombres,2014,25.0175,65.55000000000001,49.1525,,57.7025,63.225,25.975,9.85,,21.18
10,Comunitat Valenciana,Hombres,2015,21.91,65.19749999999999,50.9125,,48.73,61.2,27.225,9.950000000000001,,21.15
10,Comunitat Valenciana,Hombres,2016,18.9075,65.06,52.7575,,44.9475,57.599999999999994,27.375,10.1,,22.95
10,Comunitat Valenciana,Hombres,2017,16.4775,65.34,54.5775,,43.705,51.55,29.0,9.7,,24.45
10,Comunitat Valenciana,Hombres,2018,14.005,64.9025,55.8125,,35.5075,47.525,28.5,7.85,,26.25
10,Comunitat Valenciana,Hombres,2019,11.795,64.6125,56.989999999999995,,27.087500000000002,42.775,27.55,8.0,,28.13
10,Comunitat Valenciana,Hombres,2020,14.3325,63.225,54.167500000000004,,34.2025,37.05,24.025,8.15,,28.91
10,Comunitat Valenciana,Hombres,2021,14.23,63.335,54.3275,,36.43,46.65,22.975,7.525,,28.08
10,Comunitat Valenciana,Hombres,2022,11.4275,64.37,57.015,,27.1675,42.9,19.9,7.5,,29.97
10,Comunitat Valenciana,Hombres,2023,10.9725,64.52250000000001,57.445,,28.919999999999998,37.125,15.55,7.675000000000001,,33.03
10,Comunitat Valenciana,Hombres,2024,11.282499999999999,64.07000000000001,56.84,,27.905,36.45,14.3,8.725,,35.87
10,Comunitat Valenciana,Hombres,2025,9.73,64.01,57.785,,29.415,37.725,13.5,7.725,,
10,Comunitat Valenciana,Hombres,2026,9.52,63.61,57.56,,23.96,30.9,13.3,8.7,,
10,Comunitat Valenciana,Mujeres,2010,22.765,52.5025,40.55,,43.2575,46.25,28.275,26.85,,32.94
10,Comunitat Valenciana,Mujeres,2011,24.3325,52.93,40.05,,47.1625,50.9,27.8,27.125,,30.52
10,Comunitat Valenciana,Mujeres,2012,26.9875,52.635000000000005,38.4325,,49.7275,55.925,28.4,28.925,,30.19
10,Comunitat Valenciana,Mujeres,2013,29.21,53.245000000000005,37.6925,,54.775,60.25,28.575,29.975,,28.4
10,Comunitat Valenciana,Mujeres,2014,26.7775,52.6475,38.545,,55.4025,63.875,27.75,30.575,,28.4
10,Comunitat Valenciana,Mujeres,2015,23.805,53.235,40.565,,48.0275,63.5,27.725,29.825,,28.4
10,Comunitat Valenciana,Mujeres,2016,22.585,53.9225,41.745,,46.265,61.375,27.5,29.9,,29.61
10,Comunitat Valenciana,Mujeres,2017,20.18,53.135,42.415,,39.3875,52.075,30.075,29.7,,31.51
10,Comunitat Valenciana,Mujeres,2018,17.4625,52.47,43.302499999999995,,32.79,50.25,29.075,25.925,,33.49
10,Comunitat Valenciana,Mujeres,2019,16.855,52.0975,43.317499999999995,,36.3575,44.95,28.35,26.025,,35.69
10,Comunitat Valenciana,Mujeres,2020,18.365000000000002,51.394999999999996,41.955,,39.777499999999996,41.525,26.4,25.950000000000003,,36.18
10,Comunitat Valenciana,Mujeres,2021,18.2225,52.4525,42.894999999999996,,38.5475,50.55,31.325,25.3,,35.2
10,Comunitat Valenciana,Mujeres,2022,15.445,53.2925,45.06,,30.182499999999997,51.125,25.425,24.75,,36.13
10,Comunitat Valenciana,Mujeres,2023,14.8725,54.129999999999995,46.0775,,28.3775,40.275,20.9,24.875,,39.76
10,Comunitat Valenciana,Mujeres,2024,14.1575,53.93,46.3,,23.16,41.55,20.4,24.575,,43.5
10,Comunitat Valenciana,Mujeres,2025,13.6775,53.62,46.2875,,31.8325,36.975,19.475,24.475,,
10,Comunitat Valenciana,Mujeres,2026,14.25,54.4,46.65,,35.11,39.5,17.6,23.5,,
11,Extremadura,Ambos géneros,2010,22.97,54.445,41.94,129.775,45.7375,41.55,34.1,13.0,14.0,24.34
11,Extremadura,Ambos géneros,2011,25.08,54.2375,40.6375,127.725,50.989999999999995,45.025,36.725,13.674999999999999,15.28,23.37
11,Extremadura,Ambos géneros,2012,33.075,55.167500000000004,36.917500000000004,126.025,62.0075,52.825,34.525,14.275,19.381,23.51
11,Extremadura,Ambos géneros,2013,33.8675,55.99,37.0225,125.525,61.269999999999996,55.75,32.75,16.55,25.143,22.78
11,Extremadura,Ambos géneros,2014,29.7925,55.105000000000004,38.69,123.975,55.405,58.45,33.3,15.4,16.399,21.82
11,Extremadura,Ambos géneros,2015,29.095,55.2025,39.144999999999996,123.275,55.2825,58.75,34.2,15.600000000000001,20.671,21.05
11,Extremadura,Ambos géneros,2016,27.515,55.125,39.9575,122.45,50.3525,55.35,33.075,15.625,19.46,21.69
11,Extremadura,Ambos géneros,2017,26.2175,54.775,40.415,120.55,48.64,57.425,35.475,15.675,17.896,22.64
11,Extremadura,Ambos géneros,2018,23.642500000000002,55.31,42.235,120.45,46.6125,51.0,35.475,16.025,17.536,22.91
11,Extremadura,Ambos géneros,2019,21.535,55.6425,43.66,120.625,44.775,52.275,34.1,15.875,17.463,24.17
11,Extremadura,Ambos géneros,2020,21.795,54.4,42.542500000000004,114.675,47.31,44.225,34.800000000000004,14.8,14.864,24.09
11,Extremadura,Ambos géneros,2021,20.189999999999998,54.7125,43.6825,117.225,48.06,44.075,33.55,14.25,12.992,24.23
11,Extremadura,Ambos géneros,2022,17.3275,54.8525,45.355000000000004,121.675,40.5125,41.75,28.799999999999997,14.775,10.935,24.74
11,Extremadura,Ambos géneros,2023,17.3675,55.7125,46.0375,120.45,37.43,44.45,26.65,14.25,11.906,24.56
11,Extremadura,Ambos géneros,2024,15.515,54.7425,46.254999999999995,121.625,35.417500000000004,38.6,22.4,12.6,12.617,26.17
11,Extremadura,Ambos géneros,2025,14.765,55.2125,47.065,120.425,37.565,36.975,22.175,13.45,,
11,Extremadura,Ambos géneros,2026,13.25,54.49,47.27,123.6,27.65,32.2,21.2,12.8,,
11,Extremadura,Hombres,2010,20.58,64.065,50.8825,,44.542500000000004,37.35,29.925,3.6999999999999997,,22.81
11,Extremadura,Hombres,2011,23.0375,63.302499999999995,48.724999999999994,,49.285,40.95,34.55,4.625,,21.8
11,Extremadura,Hombres,2012,30.86,63.6,43.975,,59.052499999999995,49.4,32.75,5.3,,21.48
11,Extremadura,Hombres,2013,32.24,62.9075,42.6175,,62.2025,54.475,30.45,6.95,,20.01
11,Extremadura,Hombres,2014,27.205,62.724999999999994,45.675,,54.985,58.925,32.225,6.85,,20.09
11,Extremadura,Hombres,2015,25.665,63.055,46.8675,,51.965,56.225,32.4,6.9,,18.88
11,Extremadura,Hombres,2016,23.7275,62.71,47.8275,,49.4575,53.725,31.3,7.1499999999999995,,19.6
11,Extremadura,Hombres,2017,22.695,61.975,47.9075,,45.375,56.074999999999996,34.025,6.175,,20.64
11,Extremadura,Hombres,2018,19.38,62.6075,50.4775,,44.09,47.5,33.475,5.75,,20.97
11,Extremadura,Hombres,2019,16.6,62.465,52.0975,,37.457499999999996,50.75,33.45,6.6000000000000005,,22.08
11,Extremadura,Hombres,2020,18.035,59.9525,49.1425,,44.36,41.1,32.9,6.2,,22.36
11,Extremadura,Hombres,2021,16.1025,61.065,51.2525,,43.8875,41.5,30.675,5.6,,22.74
11,Extremadura,Hombres,2022,14.3525,61.0925,52.33,,39.1125,42.65,25.65,6.35,,23.41
11,Extremadura,Hombres,2023,14.3425,61.75,52.895,,29.2775,40.65,22.725,6.6,,23.1
11,Extremadura,Hombres,2024,13.4375,60.295,52.195,,35.5775,35.525000000000006,18.275,4.725,,24.52
11,Extremadura,Hombres,2025,12.3225,60.0,52.6175,,31.775,35.875,18.1,4.775,,
11,Extremadura,Hombres,2026,11.07,60.34,53.66,,23.96,31.200000000000003,16.7,4.9,,
11,Extremadura,Mujeres,2010,26.3025,45.0225,33.18,,47.26,45.975,39.9,26.975,,26.53
11,Extremadura,Mujeres,2011,27.872500000000002,45.3525,32.7025,,53.0425,49.7,39.5,26.925,,25.73
11,Extremadura,Mujeres,2012,36.025,46.8975,29.995,,65.67500000000001,56.8,36.825,27.125,,26.65
11,Extremadura,Mujeres,2013,35.905,49.207499999999996,31.5425,,60.1825,57.375,35.400000000000006,29.3,,26.73
11,Extremadura,Mujeres,2014,33.1525,47.629999999999995,31.84,,55.8125,58.05,34.625,27.325,,24.04
11,Extremadura,Mujeres,2015,33.535,47.510000000000005,31.572499999999998,,59.86,61.375,36.5,28.3,,23.8
11,Extremadura,Mujeres,2016,32.3925,47.6875,32.2475,,51.55,56.875,35.3,27.925,,24.33
11,Extremadura,Mujeres,2017,30.695,47.7325,33.08,,52.5225,58.599999999999994,37.275,29.125,,25.13
11,Extremadura,Mujeres,2018,29.055,48.1725,34.1775,,50.3075,54.025,38.025,30.925,,25.43
11,Extremadura,Mujeres,2019,27.685,48.9825,35.4225,,54.345,53.45,34.975,29.299999999999997,,26.75
11,Extremadura,Mujeres,2020,26.28,48.9875,36.1075,,51.175,46.775,37.1,26.225,,26.26
11,Extremadura,Mujeres,2021,25.18,48.535,36.32,,53.1125,46.1,37.075,26.15,,26.14
11,Extremadura,Mujeres,2022,20.909999999999997,48.83,38.6225,,41.595,40.975,32.55,25.825,,26.28
11,Extremadura,Mujeres,2023,20.9875,49.8725,39.4025,,47.155,47.5,31.3,24.15,,26.23
11,Extremadura,Mujeres,2024,17.96,49.375,40.51,,35.1225,41.25,26.9,22.4,,28.06
11,Extremadura,Mujeres,2025,17.560000000000002,50.575,41.69,,44.519999999999996,37.974999999999994,26.525,24.075,,
11,Extremadura,Mujeres,2026,15.83,48.87,41.14,,33.83,33.0,26.1,22.8,,
12,Galicia,Ambos géneros,2010,15.325,54.195,45.89,130.65,35.415,40.725,24.975,11.5,21.811,32.25
12,Galicia,Ambos géneros,2011,17.26,54.7775,45.325,129.375,37.7625,46.925,24.475,12.05,22.741,30.57
12,Galicia,Ambos géneros,2012,20.5325,55.015,43.72,129.2,45.260000000000005,50.25,22.9,12.95,24.173,30.55
12,Galicia,Ambos géneros,2013,22.0425,54.1875,42.245000000000005,128.9,49.9275,57.4,22.775,14.45,23.374,27.41
12,Galicia,Ambos géneros,2014,21.6525,53.78,42.135,129.425,48.5275,59.525,23.450000000000003,14.25,20.92,26.52
12,Galicia,Ambos géneros,2015,19.307499999999997,53.46,43.14,127.4,43.57,60.8,25.4,14.375,21.977,25.6
12,Galicia,Ambos géneros,2016,17.155,53.455,44.2875,125.925,40.3125,58.425000000000004,26.225,13.7,23.049,24.95
12,Galicia,Ambos géneros,2017,15.6675,53.3,44.9525,126.02499999999999,34.542500000000004,55.475,26.975,13.5,22.565,25.02
12,Galicia,Ambos géneros,2018,13.3375,53.2775,46.17,125.92500000000001,32.5075,50.325,26.575,13.525,21.282,25.72
12,Galicia,Ambos géneros,2019,11.7575,53.1425,46.8925,124.45,27.9925,44.875,26.45,14.225,19.25,27.75
12,Galicia,Ambos géneros,2020,12.015,52.199999999999996,45.925,117.0,33.167500000000004,38.825,24.025000000000002,13.15,19.107,28.8
12,Galicia,Ambos géneros,2021,11.545,52.42,46.3675,122.475,32.3075,46.05,24.4,13.475,18.957,29.33
12,Galicia,Ambos géneros,2022,11.04,52.805,46.977500000000006,126.0,32.650000000000006,43.325,19.425,13.975000000000001,17.704,29.39
12,Galicia,Ambos géneros,2023,9.717500000000001,52.99,47.8425,125.525,24.67,40.55,16.7,14.1,15.743,30.08
12,Galicia,Ambos géneros,2024,9.375,53.2175,48.2275,124.3,25.7725,37.3,15.925,13.5,14.269,31.57
12,Galicia,Ambos géneros,2025,8.35,53.542500000000004,49.07,122.7,24.8725,34.7,13.825,13.55,,
12,Galicia,Ambos géneros,2026,8.96,54.15,49.3,124.5,24.3,34.8,11.6,13.7,,
12,Galicia,Hombres,2010,14.5925,61.205,52.275,,34.4325,40.0,22.225,4.675,,28.85
12,Galicia,Hombres,2011,16.560000000000002,61.0475,50.9375,,38.545,45.375,22.125,5.15,,27.28
12,Galicia,Hombres,2012,20.7975,61.0075,48.32,,45.6925,50.025,20.475,5.975,,26.85
12,Galicia,Hombres,2013,22.325,59.86,46.4925,,50.9775,58.85,21.525,6.6,,24.13
12,Galicia,Hombres,2014,21.622500000000002,58.975,46.224999999999994,,48.9275,60.8,23.175,6.725,,23.8
12,Galicia,Hombres,2015,18.645,58.6,47.67,,45.7725,62.150000000000006,24.075,6.525,,22.77
12,Galicia,Hombres,2016,16.5425,58.4775,48.805,,39.1925,58.875,24.275,6.1,,22.13
12,Galicia,Hombres,2017,15.002500000000001,57.8775,49.192499999999995,,35.8825,55.725,25.275,5.875,,22.22
12,Galicia,Hombres,2018,12.3875,57.5225,50.4,,30.7875,49.25,25.6,5.875,,23.05
12,Galicia,Hombres,2019,10.752500000000001,57.585,51.395,,28.4575,43.525,25.125,6.725,,25.07
12,Galicia,Hombres,2020,10.89,57.0925,50.8775,,31.1575,38.3,22.15,5.75,,26.02
12,Galicia,Hombres,2021,10.515,57.165,51.155,,31.044999999999998,44.5,22.2,5.975,,26.5
12,Galicia,Hombres,2022,10.075,56.99,51.25,,31.8125,42.5,16.6,6.05,,26.68
12,Galicia,Hombres,2023,8.9375,57.1775,52.07,,24.2275,43.425,13.675,7.25,,27.67
12,Galicia,Hombres,2024,8.765,57.35,52.32,,23.355,40.45,12.575,6.6499999999999995,,29.26
12,Galicia,Hombres,2025,7.984999999999999,56.625,52.1025,,25.509999999999998,34.875,10.875,6.825,,
12,Galicia,Hombres,2026,8.41,56.72,51.95,,21.55,43.2,8.3,6.1,,
12,Galicia,Mujeres,2010,16.19,47.75,40.0175,,36.67,41.5,28.1,19.7,,36.9
12,Galicia,Mujeres,2011,18.057499999999997,49.0075,40.1575,,36.755,48.55,27.15,20.05,,35.31
12,Galicia,Mujeres,2012,20.23,49.5025,39.485,,44.7375,50.55,25.5,20.8,,35.41
12,Galicia,Mujeres,2013,21.7275,48.974999999999994,38.3325,,48.7475,55.675,24.1,23.125,,31.48
12,Galicia,Mujeres,2014,21.685,49.004999999999995,38.3775,,48.07,58.150000000000006,23.724999999999998,22.6,,30.1
12,Galicia,Mujeres,2015,20.0375,48.7375,38.9725,,41.05,59.475,26.725,23.125,,29.18
12,Galicia,Mujeres,2016,17.822499999999998,48.8425,40.1375,,41.5375,58.025,28.2,22.075000000000003,,28.76
12,Galicia,Mujeres,2017,16.385,49.1075,41.0625,,33.0375,55.25,28.725,21.875,,28.7
12,Galicia,Mujeres,2018,14.355,49.3825,42.29,,34.4425,51.375,27.525,21.875,,29.28
12,Galicia,Mujeres,2019,12.84,49.075,42.7725,,27.235,46.224999999999994,27.825,22.425,,31.05
12,Galicia,Mujeres,2020,13.24,47.715,41.3925,,35.935,39.225,26.0,21.55,,32.16
12,Galicia,Mujeres,2021,12.66,48.0875,42.0025,,34.2625,47.375,26.675,21.8,,32.7
12,Galicia,Mujeres,2022,12.065,48.985,43.0775,,34.2025,44.025,22.3,22.6,,32.42
12,Galicia,Mujeres,2023,10.5475,49.1775,43.9925,,25.23,37.95,19.7,21.4,,32.84
12,Galicia,Mujeres,2024,10.0175,49.4525,44.4975,,28.9125,34.525,19.275,20.825,,34.14
12,Galicia,Mujeres,2025,8.725,50.725,46.305,,24.0925,34.45,16.65,20.475,,
12,Galicia,Mujeres,2026,9.51,51.8,46.88,,27.12,27.299999999999997,14.6,21.4,,
04,Illes Balears,Ambos géneros,2010,20.18,66.325,52.975,133.54999999999998,42.785,33.45,25.925,11.85,14.651,43.31
04,Illes Balears,Ambos géneros,2011,21.947499999999998,65.4725,51.1575,132.575,43.1075,35.55,26.7,12.725,16.436,39.34
04,Illes Balears,Ambos géneros,2012,23.2575,67.0025,51.474999999999994,134.15,49.3625,44.75,24.025,14.55,16.785,37.24
04,Illes Balears,Ambos géneros,2013,22.335,66.225,51.4775,133.0,45.7775,48.85,24.8,13.775,15.88,35.12
04,Illes Balears,Ambos géneros,2014,20.14,64.8875,51.9025,131.95,45.042500000000004,47.5,25.75,14.1,20.034,34.89
04,Illes Balears,Ambos géneros,2015,17.41,65.7725,54.385,134.05,42.92,43.225,26.35,14.15,16.633,37.74
04,Illes Balears,Ambos géneros,2016,13.9575,65.2175,56.1525,131.925,39.5575,39.0,28.05,12.975,15.392,44.52
04,Illes Balears,Ambos géneros,2017,12.5275,64.1,56.1225,132.8,31.9325,33.225,29.1,12.75,13.055,52.23
04,Illes Balears,Ambos géneros,2018,11.6775,64.415,56.9825,133.55,27.735,29.525,28.25,12.05,13.716,52.42
04,Illes Balears,Ambos géneros,2019,11.82,64.41,56.835,134.1,29.4425,27.275,26.95,12.675,13.179,51.12
04,Illes Balears,Ambos géneros,2020,16.1875,61.61,51.665,106.425,41.995,24.150000000000002,22.575,12.575,14.402,49.24
04,Illes Balears,Ambos géneros,2021,14.434999999999999,63.215,54.16,121.575,34.004999999999995,44.025,22.525,11.55,13.722,45.78
04,Illes Balears,Ambos géneros,2022,10.735,64.005,57.1925,131.225,23.935000000000002,30.3,20.75,10.375,7.465,45.55
04,Illes Balears,Ambos géneros,2023,10.48,63.6175,57.040000000000006,133.025,21.25,25.975,14.399999999999999,10.425,8.671,54.39
04,Illes Balears,Ambos géneros,2024,9.45,63.942499999999995,57.9625,133.35,24.1375,19.75,11.725,10.2,7.579,59.04
04,Illes Balears,Ambos géneros,2025,8.94,64.04,58.3775,133.775,17.25,21.549999999999997,14.175,10.8,,
04,Illes Balears,Ambos géneros,2026,13.79,61.86,53.32,130.8,28.69,9.2,13.3,11.3,,
04,Illes Balears,Hombres,2010,20.8275,72.9,57.74,,48.9075,34.2,27.475,6.725,,40.32
04,Illes Balears,Hombres,2011,22.3875,71.5525,55.5625,,49.66,37.35,26.724999999999998,6.625,,36.22
04,Illes Balears,Hombres,2012,22.4825,72.635,56.3575,,46.370000000000005,48.325,24.45,7.35,,34.14
04,Illes Balears,Hombres,2013,22.5875,72.4825,56.1475,,41.2975,49.675,25.05,8.325,,32.3
04,Illes Balears,Hombres,2014,21.497500000000002,70.8,55.6575,,43.3025,51.65,28.225,7.125,,31.3
04,Illes Balears,Hombres,2015,17.415,70.91,58.6075,,47.655,42.6,29.575000000000003,6.95,,34.49
04,Illes Balears,Hombres,2016,13.469999999999999,70.4675,61.0,,39.16,38.5,30.4,7.65,,41.06
04,Illes Balears,Hombres,2017,12.465,70.1625,61.4625,,32.2575,32.7,31.275,6.85,,48.9
04,Illes Balears,Hombres,2018,12.1375,69.8625,61.445,,31.029999999999998,31.924999999999997,29.125,5.65,,48.91
04,Illes Balears,Hombres,2019,10.3425,69.4925,62.3275,,27.055,25.45,26.0,6.95,,47.86
04,Illes Balears,Hombres,2020,14.9825,66.36500000000001,56.4275,,39.0925,22.45,23.625,6.625,,45.76
04,Illes Balears,Hombres,2021,13.307500000000001,67.5775,58.660000000000004,,33.0175,38.85,21.0,5.275,,42.67
04,Illes Balears,Hombres,2022,9.6425,68.97749999999999,62.375,,27.5425,25.925,18.7,5.375,,43.92
04,Illes Balears,Hombres,2023,10.024999999999999,68.2075,61.419999999999995,,23.5975,28.55,13.125,5.575,,52.08
04,Illes Balears,Hombres,2024,8.17,68.265,62.730000000000004,,20.79,17.0,11.2,5.0,,56.89
04,Illes Balears,Hombres,2025,8.535,68.3325,62.55,,18.805,21.974999999999998,12.775,6.25,,
04,Illes Balears,Hombres,2026,13.16,65.55,56.92,,32.36,11.4,13.7,7.8,,
04,Illes Balears,Mujeres,2010,19.3925,59.754999999999995,48.214999999999996,,35.677499999999995,32.375,24.175,17.975,,47.24
04,Illes Balears,Mujeres,2011,21.42,59.4225,46.7775,,35.885,33.5,26.65,19.9,,43.35
04,Illes Balears,Mujeres,2012,24.1575,61.4175,46.6375,,52.3375,40.9,23.55,23.225,,41.03
04,Illes Balears,Mujeres,2013,22.0175,60.0375,46.8625,,51.115,47.849999999999994,24.5,20.3,,38.4
04,Illes Balears,Mujeres,2014,18.545,59.0675,48.2025,,46.925,41.75,23.225,22.05,,39.14
04,Illes Balears,Mujeres,2015,17.3975,60.7175,50.230000000000004,,37.197500000000005,44.074999999999996,22.85,22.45,,41.37
04,Illes Balears,Mujeres,2016,14.51,60.065,51.394999999999996,,40.175,39.375,25.5,19.2,,48.53
04,Illes Balears,Mujeres,2017,12.605,58.1425,50.879999999999995,,31.485,34.35,26.775,19.725,,56.24
04,Illes Balears,Mujeres,2018,11.1275,59.055,52.5925,,23.1325,26.7,27.35,19.475,,56.68
04,Illes Balears,Mujeres,2019,13.537500000000001,59.39,51.41,,32.225,29.35,28.025,19.575,,55.12
04,Illes Balears,Mujeres,2020,17.6025,56.915,46.9625,,45.1875,26.025,21.475,19.725,,53.46
04,Illes Balears,Mujeres,2021,15.700000000000001,58.92,49.730000000000004,,35.4025,49.2,24.225,18.85,,49.45
04,Illes Balears,Mujeres,2022,11.9725,59.1475,52.1275,,18.384999999999998,33.95,22.925,16.225,,47.46
04,Illes Balears,Mujeres,2023,10.9925,59.12,52.7425,,18.302500000000002,23.225,15.725,15.975,,57.03
04,Illes Balears,Mujeres,2024,10.8925,59.695,53.2725,,28.4425,22.025,12.225,16.25,,61.55
04,Illes Balears,Mujeres,2025,9.385,59.835,54.285,,15.5475,20.925,15.6,15.975,,
04,Illes Balears,Mujeres,2026,14.48,58.25,49.81,,24.44,7.0,12.9,15.3,,
17,La Rioja,Ambos géneros,2010,14.145,59.9025,51.4275,123.825,38.1075,40.65,19.55,13.55,23.308,29.25
17,La Rioja,Ambos géneros,2011,17.2075,60.605000000000004,50.1725,122.4,46.1225,48.025,19.924999999999997,14.875,22.047,27.34
17,La Rioja,Ambos géneros,2012,20.5675,59.85,47.5325,119.075,49.24,47.55,20.75,14.7,24.291,28.17
17,La Rioja,Ambos géneros,2013,20.035,59.31,47.425,119.75,47.745,52.1,20.5,16.275,26.249,25.32
17,La Rioja,Ambos géneros,2014,18.16,60.277499999999996,49.3275,121.5,44.7975,57.225,21.575,16.625,23.593,22.3
17,La Rioja,Ambos géneros,2015,15.3825,59.375,50.239999999999995,122.7,40.3525,59.925,22.025,16.425,23.522,22.5
17,La Rioja,Ambos géneros,2016,13.535,59.2325,51.207499999999996,119.3,35.74,57.025,22.075,15.375,22.74,22.56
17,La Rioja,Ambos géneros,2017,11.9925,58.955,51.885,119.65,29.54,51.25,24.55,15.45,22.026,23.4
17,La Rioja,Ambos géneros,2018,10.4025,59.1525,53.0,120.45,25.6925,43.425,24.95,15.45,22.749,25.06
17,La Rioja,Ambos géneros,2019,9.96,59.5075,53.58,119.15,24.895,37.125,24.925,15.675,19.594,26.14
17,La Rioja,Ambos géneros,2020,10.8,58.4,52.0925,111.95,26.43,35.575,22.6,14.825,18.334,27.2
17,La Rioja,Ambos géneros,2021,11.605,59.8775,52.925000000000004,116.25,30.317500000000003,41.75,22.575,13.25,20.206,27.73
17,La Rioja,Ambos géneros,2022,9.55,59.53,53.84,121.525,25.8375,40.875,19.175,14.475,19.744,27.72
17,La Rioja,Ambos géneros,2023,9.375,58.965,53.4375,121.0,27.7275,35.5,15.875,12.1,14.657,27.36
17,La Rioja,Ambos géneros,2024,9.745000000000001,58.4575,52.76,119.475,31.877499999999998,34.95,15.575,13.275,13.945,27.74
17,La Rioja,Ambos géneros,2025,8.1175,59.2475,54.442499999999995,121.775,25.4875,27.15,14.45,14.875,,
17,La Rioja,Ambos géneros,2026,9.62,57.84,52.28,127.3,29.9,28.5,14.8,14.4,,
17,La Rioja,Hombres,2010,12.845,68.2575,59.49,,32.89,38.425,19.95,3.6500000000000004,,26.03
17,La Rioja,Hombres,2011,16.6525,67.58500000000001,56.332499999999996,,41.04,47.95,18.475,4.725,,24.42
17,La Rioja,Hombres,2012,19.04,66.7875,54.065,,43.8525,45.2,20.35,4.575,,24.81
17,La Rioja,Hombres,2013,19.21,65.13250000000001,52.620000000000005,,47.75,52.325,20.525,6.2,,22.09
17,La Rioja,Hombres,2014,15.5875,66.32249999999999,55.9775,,45.16,56.95,20.05,6.825,,19.73
17,La Rioja,Hombres,2015,14.120000000000001,66.0725,56.7425,,41.655,59.15,20.775000000000002,7.775,,19.96
17,La Rioja,Hombres,2016,12.1725,65.4825,57.5,,38.58,52.9,21.375,6.45,,20.13
17,La Rioja,Hombres,2017,9.5375,64.68,58.512499999999996,,23.0675,51.95,24.325000000000003,7.3,,20.96
17,La Rioja,Hombres,2018,9.11,63.7925,57.9825,,26.0575,42.1,25.325,5.35,,22.17
17,La Rioja,Hombres,2019,10.125,64.17,57.6725,,26.8175,37.724999999999994,23.525,5.825,,23.6
17,La Rioja,Hombres,2020,9.27,63.6425,57.75,,25.895,32.875,20.825,5.0,,24.69
17,La Rioja,Hombres,2021,8.84,65.02000000000001,59.28,,24.3825,40.375,19.8,5.35,,24.83
17,La Rioja,Hombres,2022,8.9025,64.9975,59.21,,24.415,39.4,16.45,4.375,,24.88
17,La Rioja,Hombres,2023,7.8575,64.45,59.385,,28.9775,35.875,14.25,5.05,,25.28
17,La Rioja,Hombres,2024,9.315,64.115,58.1425,,35.864999999999995,33.15,12.55,5.3,,25.74
17,La Rioja,Hombres,2025,7.072500000000001,63.2775,58.805,,22.560000000000002,31.549999999999997,10.65,5.35,,
17,La Rioja,Hombres,2026,9.63,62.59,56.56,,36.26,27.0,11.6,5.9,,
17,La Rioja,Mujeres,2010,15.875,51.5275,43.355000000000004,,45.042500000000004,43.2,19.025,27.15,,33.94
17,La Rioja,Mujeres,2011,17.895,53.665,44.0525,,51.67,48.0,21.5,27.75,,31.32
17,La Rioja,Mujeres,2012,22.46,53.01,41.0925,,55.9375,49.95,21.225,27.925,,32.77
17,La Rioja,Mujeres,2013,21.0,53.6225,42.3525,,47.725,51.9,20.475,28.5,,29.95
17,La Rioja,Mujeres,2014,21.2075,54.4175,42.879999999999995,,44.485,57.375,23.275,29.025,,25.82
17,La Rioja,Mujeres,2015,16.88,52.91,43.96,,38.5575,60.725,23.425,27.2,,26.1
17,La Rioja,Mujeres,2016,15.129999999999999,53.2175,45.155,,33.0125,60.824999999999996,22.875,26.3,,26.06
17,La Rioja,Mujeres,2017,14.844999999999999,53.4625,45.52,,37.2675,50.825,24.85,25.5,,26.88
17,La Rioja,Mujeres,2018,11.855,54.69,48.21,,25.395,44.35,24.625,27.125,,28.7
17,La Rioja,Mujeres,2019,9.7575,55.03,49.6525,,22.365000000000002,36.7,26.3,26.675,,29.35
17,La Rioja,Mujeres,2020,12.5375,53.365,46.662499999999994,,27.237499999999997,38.0,24.55,26.45,,30.23
17,La Rioja,Mujeres,2021,14.775,54.945,46.84,,37.735,42.6,25.525,22.799999999999997,,31.11
17,La Rioja,Mujeres,2022,10.295,54.2575,48.667500000000004,,27.615000000000002,42.675,22.025,26.35,,31.0
17,La Rioja,Mujeres,2023,11.1175,53.68,47.705,,25.88,34.375,17.675,20.55,,29.62
17,La Rioja,Mujeres,2024,10.2475,52.9925,47.57,,25.715,36.95,18.775000000000002,22.725,,29.91
17,La Rioja,Mujeres,2025,9.27,55.3625,50.2325,,29.474999999999998,23.6,18.325,25.65,,
17,La Rioja,Mujeres,2026,9.61,53.24,48.12,,19.54,30.0,18.2,24.1,,
19,Melilla,Ambos géneros,2010,22.7725,54.1175,41.7975,,51.94,59.5,28.5,9.225,,
19,Melilla,Ambos géneros,2011,22.4075,56.5975,43.93,,64.35,64.67500000000001,24.375,12.875,,
19,Melilla,Ambos géneros,2012,26.8575,56.8725,41.5625,,59.6975,63.0,32.3,13.275,,
19,Melilla,Ambos géneros,2013,32.4075,59.15,39.9125,,53.465,60.475,26.474999999999998,17.275,,
19,Melilla,Ambos géneros,2014,28.4,55.26,39.585,,56.92,74.30000000000001,20.2,16.5,,
19,Melilla,Ambos géneros,2015,33.9475,57.2575,37.815,,72.0925,65.55000000000001,24.025,9.675,,
19,Melilla,Ambos géneros,2016,30.7775,58.55,40.542500000000004,,68.8825,70.425,28.225,11.95,,
19,Melilla,Ambos géneros,2017,27.615000000000002,59.7275,43.2475,,62.345,70.525,27.4,12.525,,
19,Melilla,Ambos géneros,2018,25.765,62.8225,46.635,,65.9125,66.225,24.525,13.625,,
19,Melilla,Ambos géneros,2019,26.9825,60.4675,44.1725,,63.682500000000005,69.7,31.65,11.625,,
19,Melilla,Ambos géneros,2020,23.6075,62.2425,47.5425,,70.6925,60.8,31.75,11.3,,
19,Melilla,Ambos géneros,2021,25.345,60.9375,45.46,,57.6975,68.325,35.575,9.75,,
19,Melilla,Ambos géneros,2022,25.9025,58.5575,43.3625,,60.629999999999995,63.125,32.75,11.3,,
19,Melilla,Ambos géneros,2023,26.6325,55.6,40.7975,,46.9375,64.025,23.7,12.625,,
19,Melilla,Ambos géneros,2024,28.314999999999998,58.8675,42.19,,62.8425,61.95,26.775,12.5,,
19,Melilla,Ambos géneros,2025,24.817500000000003,54.894999999999996,41.25,,59.495,65.525,27.075000000000003,10.75,,
19,Melilla,Ambos géneros,2026,21.42,51.0,40.08,,76.5,74.7,28.8,7.6,,
19,Melilla,Hombres,2010,17.8475,66.2875,54.51,,41.1375,57.5,26.775,4.25,,
19,Melilla,Hombres,2011,18.9525,67.46000000000001,54.665,,66.93,67.475,16.3,4.225,,
19,Melilla,Hombres,2012,22.625,67.395,52.135,,62.0375,64.125,30.4,6.075,,
19,Melilla,Hombres,2013,32.95,68.695,45.949999999999996,,48.4575,58.275000000000006,25.275,12.075,,
19,Melilla,Hombres,2014,23.0175,64.685,49.7875,,35.955,67.325,23.474999999999998,13.05,,
19,Melilla,Hombres,2015,29.6325,67.36,47.3925,,62.292500000000004,63.375,24.375,6.2,,
19,Melilla,Hombres,2016,26.119999999999997,71.1675,52.582499999999996,,62.4,69.4,24.975,8.274999999999999,,
19,Melilla,Hombres,2017,20.6775,70.125,55.62,,62.800000000000004,69.075,26.7,9.7,,
19,Melilla,Hombres,2018,21.5775,70.62,55.4,,62.224999999999994,59.75,22.375,7.15,,
19,Melilla,Hombres,2019,22.325,67.1075,52.105000000000004,,69.875,67.6,27.6,8.5,,
19,Melilla,Hombres,2020,20.71,69.08,54.785,,83.0425,52.675,29.6,4.125,,
19,Melilla,Hombres,2021,21.015,68.045,53.7425,,44.565,64.675,33.4,5.275,,
19,Melilla,Hombres,2022,20.5925,66.43,52.725,,60.5325,65.0,34.675,8.225,,
19,Melilla,Hombres,2023,26.6375,61.595,45.1725,,50.68,61.075,21.3,7.699999999999999,,
19,Melilla,Hombres,2024,27.310000000000002,63.59,46.23,,59.0525,57.25,28.075,9.35,,
19,Melilla,Hombres,2025,20.17,61.1425,48.76,,39.95,66.475,27.650000000000002,10.75,,
19,Melilla,Hombres,2026,22.86,54.89,42.34,,61.41,85.6,20.5,6.2,,
19,Melilla,Mujeres,2010,30.2825,42.347500000000004,29.5125,,67.87,61.375,31.1,18.225,,
19,Melilla,Mujeres,2011,27.39,45.935,33.4275,,61.0175,62.85,36.075,26.975,,
19,Melilla,Mujeres,2012,33.46,45.9675,30.612499999999997,,57.605,61.725,35.475,26.175,,
19,Melilla,Mujeres,2013,31.68,49.4925,33.8075,,61.46,63.849999999999994,27.75,24.425,,
19,Melilla,Mujeres,2014,35.3125,46.415,29.9925,,86.42750000000001,79.825,15.225,21.725,,
19,Melilla,Mujeres,2015,40.0225,47.175,28.26,,90.2625,67.825,23.5,15.575,,
19,Melilla,Mujeres,2016,37.6475,46.307500000000005,28.872500000000002,,78.7,71.7,33.25,18.425,,
19,Melilla,Mujeres,2017,37.557500000000005,49.2425,30.79,,60.8525,71.72500000000001,28.65,17.675,,
19,Melilla,Mujeres,2018,31.5675,54.495,37.2875,,74.5925,72.675,27.4,23.775,,
19,Melilla,Mujeres,2019,32.7175,53.7625,36.195,,60.1625,72.25,36.725,16.175,,
19,Melilla,Mujeres,2020,27.1875,55.49,40.379999999999995,,61.3125,68.225,34.8,20.9,,
19,Melilla,Mujeres,2021,30.95,53.4775,36.815,,60.5125,70.925,38.65,16.425,,
19,Melilla,Mujeres,2022,32.3475,51.1875,34.605,,61.915000000000006,61.825,30.325,15.6,,
19,Melilla,Mujeres,2023,26.625,49.775,36.5175,,40.77,67.875,26.225,18.675,,
19,Melilla,Mujeres,2024,29.47,54.065,38.09,,70.3725,67.025,25.35,16.45,,
19,Melilla,Mujeres,2025,30.259999999999998,48.9625,34.1425,,89.255,65.125,26.45,10.75,,
19,Melilla,Mujeres,2026,19.8,47.25,37.89,,90.98,60.6,36.8,9.1,,
16,País Vasco,Ambos géneros,2010,10.69,58.195,51.975,123.875,30.6175,39.425,22.375,14.100000000000001,23.571,37.43
16,País Vasco,Ambos géneros,2011,12.3475,59.0625,51.765,123.0,34.005,49.45,23.225,15.25,23.881,40.26
16,País Vasco,Ambos géneros,2012,15.5975,58.1725,49.1,120.325,42.682500000000005,51.599999999999994,21.575,15.95,25.832,39.29
16,País Vasco,Ambos géneros,2013,16.572499999999998,57.4475,47.925,119.75,46.5125,57.3,20.825,16.675,25.155,35.56
16,País Vasco,Ambos géneros,2014,16.325,57.01,47.7025,120.55,45.0,64.19999999999999,21.55,17.45,23.95,33.86
16,País Vasco,Ambos géneros,2015,14.765,56.73,48.349999999999994,119.22500000000001,40.385,61.9,23.4,18.375,24.291,34.02
16,País Vasco,Ambos géneros,2016,12.592500000000001,56.942499999999995,49.775,117.875,34.6725,59.775000000000006,24.049999999999997,17.85,24.428,34.79
16,País Vasco,Ambos géneros,2017,11.305,56.1475,49.7975,117.4,27.2125,57.225,24.475,17.225,23.571,35.74
16,País Vasco,Ambos géneros,2018,9.969999999999999,56.275,50.6625,118.4,25.78,54.475,25.85,16.325,22.562,37.39
16,País Vasco,Ambos géneros,2019,9.15,56.18,51.0375,116.5,27.3675,48.85,24.3,16.7,19.464,37.06
16,País Vasco,Ambos géneros,2020,9.537500000000001,55.05,49.795,108.175,32.8125,39.05,22.075,16.1,17.9,37.99
16,País Vasco,Ambos géneros,2021,10.2975,56.2575,50.4725,116.55,34.4725,46.375,24.15,15.4,16.68,37.36
16,País Vasco,Ambos géneros,2022,8.8825,56.4575,51.442499999999995,117.1,25.450000000000003,45.925,22.125,15.85,16.472,36.39
16,País Vasco,Ambos géneros,2023,7.735,56.86,52.462500000000006,116.55,23.605,45.525,20.675,16.05,12.813,36.88
16,País Vasco,Ambos géneros,2024,8.105,56.0625,51.5175,116.2,23.0975,38.55,20.35,16.25,13.981,37.91
16,País Vasco,Ambos géneros,2025,7.33,55.7825,51.6925,116.875,18.7725,36.625,18.9,17.55,,
16,País Vasco,Ambos géneros,2026,8.23,55.97,51.36,121.3,21.83,26.1,18.2,14.8,,
16,País Vasco,Hombres,2010,10.29,65.68,58.9225,,33.09,39.325,19.65,4.7250000000000005,,33.51
16,País Vasco,Hombres,2011,11.7575,65.42999999999999,57.74,,32.7325,50.05,20.525,5.75,,36.0
16,País Vasco,Hombres,2012,15.555,64.49,54.4625,,41.6975,52.275,17.375,5.575,,34.65
16,País Vasco,Hombres,2013,16.665,63.5625,52.97,,48.2825,57.75,17.75,6.225,,31.58
16,País Vasco,Hombres,2014,16.5225,62.855000000000004,52.4675,,46.67,65.825,17.8,5.775,,30.09
16,País Vasco,Hombres,2015,14.86,62.42,53.14,,43.9625,63.425,21.025,7.075,,30.17
16,País Vasco,Hombres,2016,12.1,62.585,55.0125,,34.7525,60.85,21.424999999999997,8.2,,30.84
16,País Vasco,Hombres,2017,10.515,61.75,55.254999999999995,,26.95,59.95,21.6,8.1,,31.88
16,País Vasco,Hombres,2018,10.0875,61.325,55.135000000000005,,25.0975,55.725,23.375,7.3,,33.3
16,País Vasco,Hombres,2019,8.885,60.5475,55.165,,27.175,51.925,22.1,7.0,,33.58
16,País Vasco,Hombres,2020,8.675,58.985,53.86,,30.267500000000002,39.9,19.275,6.525,,34.75
16,País Vasco,Hombres,2021,10.145,60.4675,54.335,,36.4475,47.275,20.4,6.675000000000001,,34.43
16,País Vasco,Hombres,2022,8.7575,61.6275,56.230000000000004,,25.5575,42.4,18.125,7.975,,33.51
16,País Vasco,Hombres,2023,6.9425,61.707499999999996,57.425,,24.495,42.625,17.45,7.550000000000001,,34.71
16,País Vasco,Hombres,2024,8.73,60.28,55.015,,28.224999999999998,37.45,15.275,7.2749999999999995,,35.51
16,País Vasco,Hombres,2025,7.185,59.057500000000005,54.8125,,19.4375,37.375,15.85,9.1,,
16,País Vasco,Hombres,2026,7.17,59.93,55.64,,27.37,19.9,14.4,7.1,,
16,País Vasco,Mujeres,2010,11.1775,51.1175,45.4075,,27.8675,39.475,25.55,25.65,,43.84
16,País Vasco,Mujeres,2011,13.032499999999999,53.055,46.1375,,35.44,48.849999999999994,26.175,26.5,,47.3
16,País Vasco,Mujeres,2012,15.6525,52.25,44.067499999999995,,43.7625,50.875,26.05,27.975,,46.72
16,País Vasco,Mujeres,2013,16.475,51.75,43.225,,44.3825,56.824999999999996,24.025,28.525,,42.19
16,País Vasco,Mujeres,2014,16.1075,51.5925,43.28,,43.3375,62.4,25.4,30.575000000000003,,39.56
16,País Vasco,Mujeres,2015,14.665,51.457499999999996,43.910000000000004,,36.6,60.25,25.875,31.025,,39.85
16,País Vasco,Mujeres,2016,13.1425,51.7425,44.9375,,34.325,58.775,26.8,28.725,,40.81
16,País Vasco,Mujeres,2017,12.19,50.9775,44.765,,27.3975,54.375,27.375,27.65,,41.71
16,País Vasco,Mujeres,2018,9.8425,51.6125,46.5325,,26.6375,53.325,28.375,26.175,,43.0
16,País Vasco,Mujeres,2019,9.4275,52.15,47.230000000000004,,27.4625,46.05,26.55,27.2,,41.7
16,País Vasco,Mujeres,2020,10.4475,51.4225,46.0475,,36.1725,38.375,24.9,26.45,,42.33
16,País Vasco,Mujeres,2021,10.4575,52.345,46.879999999999995,,31.6525,45.25,27.875,24.775,,41.33
16,País Vasco,Mujeres,2022,9.02,51.644999999999996,46.987500000000004,,25.427500000000002,49.575,26.3,24.575,,40.12
16,País Vasco,Mujeres,2023,8.6,52.3375,47.839999999999996,,22.345,48.35,24.1,25.625,,39.81
16,País Vasco,Mujeres,2024,7.4275,52.1325,48.2575,,17.1,39.875,25.475,25.775,,41.28
16,País Vasco,Mujeres,2025,7.485,52.72,48.7725,,18.09,35.875,21.875,26.425,,
16,País Vasco,Mujeres,2026,9.36,52.26,47.37,,15.48,31.2,22.0,23.2,,
03,Principado de Asturias,Ambos géneros,2010,15.915000000000001,51.839999999999996,43.59,127.95,37.315,42.625,23.5,11.475,25.365,32.8
03,Principado de Asturias,Ambos géneros,2011,17.84,51.864999999999995,42.6125,125.875,48.4675,45.474999999999994,23.975,11.8,26.137,30.89
03,Principado de Asturias,Ambos géneros,2012,21.822499999999998,52.3,40.8825,126.6,49.0575,48.800000000000004,22.9,13.25,28.036,29.53
03,Principado de Asturias,Ambos géneros,2013,24.127499999999998,52.435,39.785,124.89999999999999,55.0275,60.975,23.05,13.775,27.626,27.32
03,Principado de Asturias,Ambos géneros,2014,21.1275,51.8375,40.885,122.875,44.99,63.1,25.45,12.95,27.333,26.22
03,Principado de Asturias,Ambos géneros,2015,19.11,50.97,41.230000000000004,122.575,42.0775,60.35,25.3,13.85,28.623,25.28
03,Principado de Asturias,Ambos géneros,2016,17.6075,51.6825,42.5775,123.14999999999999,47.8325,61.325,25.9,14.6,29.369,25.77
03,Principado de Asturias,Ambos géneros,2017,13.7125,50.86,43.885000000000005,123.825,37.0925,56.8,25.325,14.45,30.244,26.31
03,Principado de Asturias,Ambos géneros,2018,13.6075,50.7725,43.8625,124.575,37.254999999999995,50.6,24.9,14.9,29.262,27.14
03,Principado de Asturias,Ambos géneros,2019,14.192499999999999,50.7,43.5025,121.5,28.6925,54.7,25.525,13.85,25.22,27.33
03,Principado de Asturias,Ambos géneros,2020,14.12,50.0225,42.96,113.85,35.7025,40.975,23.8,12.95,23.759,28.49
03,Principado de Asturias,Ambos géneros,2021,12.335,50.4125,44.19,118.775,29.2725,54.025,25.15,13.925,23.207,28.71
03,Principado de Asturias,Ambos géneros,2022,12.5125,49.4225,43.2375,120.775,36.8775,47.625,22.4,12.875,19.549,27.75
03,Principado de Asturias,Ambos géneros,2023,12.1225,50.085,44.015,120.425,28.7625,50.175,19.325,13.65,20.059,28.06
03,Principado de Asturias,Ambos géneros,2024,10.135,51.4025,46.2025,120.8,32.88,45.8,17.475,12.75,20.211,30.12
03,Principado de Asturias,Ambos géneros,2025,8.8325,52.68,48.0275,119.475,27.715,38.675,15.25,13.125,,
03,Principado de Asturias,Ambos géneros,2026,9.02,52.02,47.33,123.7,20.41,37.2,16.1,13.1,,
03,Principado de Asturias,Hombres,2010,15.157499999999999,58.81,49.9,,40.46,45.325,21.975,3.7750000000000004,,28.99
03,Principado de Asturias,Hombres,2011,18.3125,58.195,47.5375,,51.8225,46.9,21.375,4.0,,27.16
03,Principado de Asturias,Hombres,2012,21.8925,58.8125,45.9375,,47.9425,52.05,21.0,4.5,,25.64
03,Principado de Asturias,Hombres,2013,23.92,58.3575,44.3975,,53.0975,62.699999999999996,20.7,5.0,,23.57
03,Principado de Asturias,Hombres,2014,20.1425,56.9025,45.442499999999995,,44.42,65.075,23.525,5.4,,22.82
03,Principado de Asturias,Hombres,2015,19.5925,55.55,44.667500000000004,,42.635,63.300000000000004,24.2,5.975,,21.76
03,Principado de Asturias,Hombres,2016,18.810000000000002,56.432500000000005,45.807500000000005,,55.575,62.45,24.325,6.550000000000001,,22.04
03,Principado de Asturias,Hombres,2017,13.51,55.5875,48.0775,,38.519999999999996,54.45,23.15,6.15,,22.3
03,Principado de Asturias,Hombres,2018,12.3625,55.04,48.230000000000004,,34.2325,50.425,24.2,6.325,,23.25
03,Principado de Asturias,Hombres,2019,13.3,54.8975,47.5925,,27.7475,52.8,23.975,6.075,,23.86
03,Principado de Asturias,Hombres,2020,13.87,54.22,46.707499999999996,,40.04,38.775,19.875,5.074999999999999,,25.01
03,Principado de Asturias,Hombres,2021,11.317499999999999,55.3125,49.055,,24.3725,56.725,21.4,5.625,,25.32
03,Principado de Asturias,Hombres,2022,11.7575,54.4,48.015,,39.207499999999996,47.775,17.875,5.1,,25.09
03,Principado de Asturias,Hombres,2023,11.3825,53.5025,47.4125,,34.495000000000005,51.075,14.175,7.0,,25.24
03,Principado de Asturias,Hombres,2024,9.2325,55.55,50.435,,28.4325,42.55,13.4,5.3,,27.0
03,Principado de Asturias,Hombres,2025,7.83,57.17,52.69,,24.145,38.4,12.4,4.975,,
03,Principado de Asturias,Hombres,2026,7.48,56.18,51.98,,21.28,28.4,13.4,5.8,,
03,Principado de Asturias,Mujeres,2010,16.81,45.485,37.8375,,33.23,39.725,25.2,20.725,,38.84
03,Principado de Asturias,Mujeres,2011,17.29,46.105,38.1325,,44.76,43.825,26.75,20.65,,36.77
03,Principado de Asturias,Mujeres,2012,21.740000000000002,46.38,36.29,,50.335,45.125,25.0,23.3,,35.63
03,Principado de Asturias,Mujeres,2013,24.36,47.0625,35.595,,57.1075,59.125,25.475,23.675,,32.56
03,Principado de Asturias,Mujeres,2014,22.205,47.2575,36.7625,,45.805,61.2,27.5,21.35,,31.41
03,Principado de Asturias,Mujeres,2015,18.5975,46.8275,38.120000000000005,,41.415,56.949999999999996,26.325,22.25,,30.49
03,Principado de Asturias,Mujeres,2016,16.31,47.3925,39.6575,,39.9875,59.95,27.45,22.95,,31.2
03,Principado de Asturias,Mujeres,2017,13.93,46.5925,40.1,,34.9125,59.650000000000006,27.5,23.475,,31.97
03,Principado de Asturias,Mujeres,2018,14.92,46.9225,39.9225,,40.1575,51.175,25.6,24.275,,32.87
03,Principado de Asturias,Mujeres,2019,15.129999999999999,46.91,39.81,,30.15,56.5,27.1,22.25,,31.91
03,Principado de Asturias,Mujeres,2020,14.385,46.2325,39.5775,,31.107499999999998,43.375,27.8,21.35,,32.8
03,Principado de Asturias,Mujeres,2021,13.4275,46.027499999999996,39.8375,,35.565,51.474999999999994,28.975,23.05,,32.97
03,Principado de Asturias,Mujeres,2022,13.344999999999999,44.97,38.965,,33.932500000000005,47.775,27.2,21.425,,31.19
03,Principado de Asturias,Mujeres,2023,12.879999999999999,47.025,40.9625,,21.77,49.325,24.4,20.575000000000003,,31.58
03,Principado de Asturias,Mujeres,2024,11.065,47.685,42.4075,,39.4775,48.325,21.525,20.7,,33.85
03,Principado de Asturias,Mujeres,2025,9.8825,48.6425,43.835,,32.365,38.7,18.225,21.9,,
03,Principado de Asturias,Mujeres,2026,10.63,48.29,43.15,,19.16,43.7,18.9,21.0,,
14,Región de Murcia,Ambos géneros,2010,22.8625,61.94,47.775000000000006,126.475,39.42,43.4,33.15,13.075,24.036,26.23
14,Región de Murcia,Ambos géneros,2011,24.985,61.495,46.1275,125.075,48.085,49.9,33.025,14.3,23.047,25.37
14,Región de Murcia,Ambos géneros,2012,27.615000000000002,61.775,44.7175,123.975,50.5575,50.2,31.925,16.0,25.672,25.76
14,Región de Murcia,Ambos géneros,2013,28.98,61.4,43.6075,125.875,53.49,55.875,31.3,16.925,27.62,24.27
14,Región de Murcia,Ambos géneros,2014,26.585,61.085,44.845,124.9,52.275,60.8,32.975,17.35,25.27,23.08
14,Región de Murcia,Ambos géneros,2015,24.615000000000002,59.447500000000005,44.815,126.725,50.72,57.9,33.875,16.45,26.218,22.48
14,Región de Murcia,Ambos géneros,2016,19.7825,59.1375,47.4375,125.825,45.7325,55.6,34.075,15.1,24.699,22.96
14,Región de Murcia,Ambos géneros,2017,18.0325,59.5175,48.7875,124.275,39.6175,47.95,34.9,13.875,24.827,23.92
14,Región de Murcia,Ambos géneros,2018,16.7625,59.3125,49.3725,123.39999999999999,38.1625,42.65,33.075,14.925,21.426,25.71
14,Región de Murcia,Ambos géneros,2019,14.68,59.120000000000005,50.4425,121.425,33.37,41.625,32.85,14.75,20.001,26.43
14,Región de Murcia,Ambos géneros,2020,16.17,58.8375,49.315,115.75,37.4075,35.55,29.35,14.025,20.692,26.81
14,Región de Murcia,Ambos géneros,2021,14.7225,60.1875,51.33,121.60000000000001,31.8575,45.425,29.825,13.65,21.363,27.42
14,Región de Murcia,Ambos géneros,2022,13.585,59.555,51.4675,123.125,28.92,41.25,23.85,13.0,20.138,28.42
14,Región de Murcia,Ambos géneros,2023,12.775,59.5875,51.975,122.475,28.655,33.425,18.875,13.5,19.153,28.5
14,Región de Murcia,Ambos géneros,2024,12.7325,59.7375,52.1325,122.425,27.447499999999998,36.4,18.55,13.2,19.347,29.69
14,Región de Murcia,Ambos géneros,2025,12.1025,59.9475,52.69,118.825,25.34,38.825,18.525,12.75,,
14,Región de Murcia,Ambos géneros,2026,10.84,60.42,53.87,125.3,27.76,33.3,16.9,12.5,,
14,Región de Murcia,Hombres,2010,23.182499999999997,70.775,54.365,,41.605000000000004,43.1,33.45,5.550000000000001,,23.3
14,Región de Murcia,Hombres,2011,25.015,69.91499999999999,52.425,,49.17,49.425000000000004,33.65,6.475,,22.79
14,Región de Murcia,Hombres,2012,27.795,69.2925,50.035,,51.36,48.475,31.275,7.675,,22.68
14,Región de Murcia,Hombres,2013,28.552500000000002,69.47749999999999,49.64,,53.57,54.349999999999994,32.475,8.85,,21.18
14,Región de Murcia,Hombres,2014,24.5975,68.53999999999999,51.682500000000005,,48.53,59.575,34.15,9.0,,20.41
14,Región de Murcia,Hombres,2015,21.6875,67.575,52.9225,,47.1725,56.775,33.8,9.399999999999999,,19.79
14,Región de Murcia,Hombres,2016,17.305,67.31,55.66,,42.31,53.65,33.7,7.449999999999999,,20.36
14,Región de Murcia,Hombres,2017,15.217500000000001,66.7325,56.5725,,40.9875,45.875,32.925,6.625,,21.23
14,Región de Murcia,Hombres,2018,13.4025,66.5075,57.5925,,39.5025,37.8,33.4,7.475,,23.36
14,Región de Murcia,Hombres,2019,11.8775,66.4075,58.519999999999996,,28.19,38.9,33.325,7.050000000000001,,24.07
14,Región de Murcia,Hombres,2020,13.59,66.39,57.36,,33.5225,32.25,28.5,6.75,,24.35
14,Región de Murcia,Hombres,2021,12.3525,67.97749999999999,59.5775,,28.8125,41.425,26.75,5.55,,24.86
14,Región de Murcia,Hombres,2022,11.817499999999999,66.1125,58.295,,30.1075,41.475,21.5,5.575,,25.83
14,Región de Murcia,Hombres,2023,10.945,66.14,58.9,,25.0225,30.674999999999997,15.975,6.4,,25.97
14,Región de Murcia,Hombres,2024,11.4025,65.6775,58.19,,23.975,33.5,15.5,5.875,,26.97
14,Región de Murcia,Hombres,2025,10.8925,66.95,59.665,,25.3325,40.675,15.425,5.75,,
14,Región de Murcia,Hombres,2026,8.1,66.37,61.0,,28.37,28.8,12.0,5.7,,
14,Región de Murcia,Mujeres,2010,22.432499999999997,52.99,41.1025,,36.660000000000004,43.825,32.725,23.15,,30.68
14,Región de Murcia,Mujeres,2011,24.947499999999998,52.995,39.7675,,46.8275,50.575,32.225,24.725,,29.62
14,Región de Murcia,Mujeres,2012,27.3725,54.2425,39.3925,,49.542500000000004,52.55,32.675,26.65,,30.52
14,Región de Murcia,Mujeres,2013,29.525,53.3475,37.595,,53.38,57.75,29.85,27.55,,29.27
14,Región de Murcia,Mujeres,2014,29.115000000000002,53.6825,38.055,,56.9975,62.25,31.5,28.575000000000003,,27.32
14,Región de Murcia,Mujeres,2015,28.4225,51.39,36.7775,,55.475,59.125,33.95,26.525,,26.82
14,Región de Murcia,Mujeres,2016,23.0075,51.055,39.3125,,50.3425,57.45,34.525,25.825,,27.04
14,Región de Murcia,Mujeres,2017,21.5725,52.3925,41.0925,,37.4075,49.875,37.5,23.775,,28.24
14,Región de Murcia,Mujeres,2018,20.9825,52.2175,41.2625,,36.365,46.575,32.625,25.175,,29.73
14,Región de Murcia,Mujeres,2019,18.2175,51.935,42.4725,,40.4675,43.825,32.275,25.15,,30.09
14,Región de Murcia,Mujeres,2020,19.4625,51.379999999999995,41.375,,43.295,38.45,30.45,24.025,,30.71
14,Región de Murcia,Mujeres,2021,17.75,52.51,43.1975,,36.07,49.025,33.75,24.725,,31.62
14,Región de Murcia,Mujeres,2022,15.7675,53.0375,44.675,,26.885,41.0,26.625,22.65,,32.34
14,Región de Murcia,Mujeres,2023,15.032499999999999,53.1,45.1125,,33.72,35.875,22.4,22.65,,32.12
14,Región de Murcia,Mujeres,2024,14.3125,53.88,46.165,,31.5575,39.95,22.15,22.4,,33.44
14,Región de Murcia,Mujeres,2025,13.615,53.0175,45.795,,25.32,37.05,22.2,21.725,,
14,Región de Murcia,Mujeres,2026,14.17,54.52,46.79,,26.91,36.4,22.7,21.3,,
00,Total Nacional,Ambos géneros,2010,19.8575,60.28,48.31,129.35,41.4975,42.525,24.725,13.0,22.545,
00,Total Nacional,Ambos géneros,2011,21.39,60.332499999999996,47.427499999999995,128.075,46.2225,48.15,25.125,13.575,22.987,
00,Total Nacional,Ambos géneros,2012,24.7875,60.3975,45.4275,127.67500000000001,52.8875,52.325,23.4,14.5,23.926,
00,Total Nacional,Ambos géneros,2013,26.095,60.019999999999996,44.3575,127.125,55.4825,58.425000000000004,23.15,15.8,23.994,
00,Total Nacional,Ambos géneros,2014,24.4425,59.597500000000004,45.035,126.32499999999999,53.2,61.775,23.975,15.925,23.253,
00,Total Nacional,Ambos géneros,2015,22.0575,59.542500000000004,46.41,126.225,48.35,60.825,25.15,15.75,22.857,
00,Total Nacional,Ambos géneros,2016,19.634999999999998,59.2325,47.6025,125.7,44.46,57.25,26.05,15.225,22.346,
00,Total Nacional,Ambos géneros,2017,17.225,58.835,48.7,125.9,38.655,52.525,26.675,15.0,21.916,
00,Total Nacional,Ambos géneros,2018,15.254999999999999,58.65,49.7,125.625,34.39,48.975,26.8,14.65,21.416,
00,Total Nacional,Ambos géneros,2019,14.105,58.6375,50.3675,125.275,32.575,44.35,26.275,14.625,19.501,
00,Total Nacional,Ambos géneros,2020,15.532499999999999,57.435,48.5175,114.6,38.295,38.050000000000004,24.05,14.05,18.721,
00,Total Nacional,Ambos géneros,2021,14.92,58.38,49.675,122.125,35.1375,47.775,25.25,13.875,18.362,
00,Total Nacional,Ambos géneros,2022,13.035,58.53,50.9,125.675,29.6575,44.95,21.35,13.55,17.092,
00,Total Nacional,Ambos géneros,2023,12.185,58.8525,51.685,125.625,28.692500000000003,40.525,17.25,13.3,15.742,
00,Total Nacional,Ambos géneros,2024,11.344999999999999,58.765,52.095,125.3,26.5175,38.575,15.899999999999999,13.55,16.073,
00,Total Nacional,Ambos géneros,2025,10.5075,58.96,52.7675,125.27499999999999,24.875,36.95,15.3,13.675,,
00,Total Nacional,Ambos géneros,2026,10.83,58.86,52.48,128.8,24.54,35.0,14.8,13.6,,
00,Total Nacional,Hombres,2010,19.57,68.1475,54.815,,43.105000000000004,42.35,23.6,5.35,,
00,Total Nacional,Hombres,2011,21.045,67.56,53.3425,,48.19,47.875,23.95,5.95,,
00,Total Nacional,Hombres,2012,24.5825,67.1,50.6075,,54.1625,52.25,22.0,6.6,,
00,Total Nacional,Hombres,2013,25.5975,66.38749999999999,49.39,,56.2325,58.5,22.2,7.825,,
00,Total Nacional,Hombres,2014,23.6,65.8275,50.2925,,53.43,62.050000000000004,23.525,7.8,,
00,Total Nacional,Hombres,2015,20.7725,65.6925,52.0475,,48.66,60.325,25.05,7.95,,
00,Total Nacional,Hombres,2016,18.1175,65.13,53.325,,44.0475,55.95,25.725,7.75,,
00,Total Nacional,Hombres,2017,15.6575,64.7325,54.5975,,39.625,51.625,25.875,7.325,,
00,Total Nacional,Hombres,2018,13.7225,64.555,55.695,,35.3,47.824999999999996,25.95,6.85,,
00,Total Nacional,Hombres,2019,12.4475,64.2775,56.275,,30.98,42.1,25.375,6.95,,
00,Total Nacional,Hombres,2020,13.870000000000001,62.93,54.2025,,37.1375,35.55,22.6,6.725,,
00,Total Nacional,Hombres,2021,13.225,63.707499999999996,55.2875,,34.11,45.25,23.075,6.550000000000001,,
00,Total Nacional,Hombres,2022,11.3975,63.932500000000005,56.6475,,28.677500000000002,42.75,19.075,6.6,,
00,Total Nacional,Hombres,2023,10.6725,63.94499999999999,57.125,,28.8125,39.35,15.075,6.625,,
00,Total Nacional,Hombres,2024,10.157499999999999,63.894999999999996,57.4025,,26.07,35.9,13.55,6.775,,
00,Total Nacional,Hombres,2025,9.2675,63.815,57.9,,24.0625,35.35,13.15,6.925,,
00,Total Nacional,Hombres,2026,9.47,63.66,57.63,,23.55,33.099999999999994,12.7,7.2,,
00,Total Nacional,Mujeres,2010,20.2225,52.6975,42.04,,39.6125,42.8,26.075,22.7,,
00,Total Nacional,Mujeres,2011,21.8125,53.385,41.74,,44.005,48.5,26.45,22.925,,
00,Total Nacional,Mujeres,2012,25.035,53.9825,40.4675,,51.47,52.4,24.9,23.975,,
00,Total Nacional,Mujeres,2013,26.67,53.9425,39.555,,54.625,58.375,24.15,25.3,,
00,Total Nacional,Mujeres,2014,25.425,53.6775,40.0275,,52.935,61.475,24.5,25.6,,
00,Total Nacional,Mujeres,2015,23.55,53.6975,41.055,,47.9975,61.25,25.225,25.15,,
00,Total Nacional,Mujeres,2016,21.3775,53.6425,42.1725,,44.945,58.475,26.375,24.15,,
00,Total Nacional,Mujeres,2017,19.0275,53.245000000000005,43.11,,37.52,53.375,27.525,24.15,,
00,Total Nacional,Mujeres,2018,17.025,53.06,44.0275,,33.302499999999995,50.05,27.75,23.975,,
00,Total Nacional,Mujeres,2019,15.997499999999999,53.3,44.7775,,34.4925,46.275000000000006,27.225,23.775,,
00,Total Nacional,Mujeres,2020,17.419999999999998,52.24,43.135,,39.7325,40.35,25.625,22.75,,
00,Total Nacional,Mujeres,2021,16.8425,53.34,44.3625,,36.355,50.025000000000006,27.55,22.475,,
00,Total Nacional,Mujeres,2022,14.8875,53.42,45.465,,30.8325,46.949999999999996,23.8,21.75,,
00,Total Nacional,Mujeres,2023,13.875,54.035,46.5375,,28.5425,41.5,19.575000000000003,21.1,,
00,Total Nacional,Mujeres,2024,12.6775,53.905,47.067499999999995,,27.065,40.975,18.4,21.4,,
00,Total Nacional,Mujeres,2025,11.8925,54.3575,47.895,,25.8325,38.3,17.575,21.425,,
00,Total Nacional,Mujeres,2026,12.35,54.3,47.59,,25.79,36.7,17.0,21.0,,
