comunidades_autónomas;Sexo;periodo;desempleo
00 Media Estatal;Ambos sexos;2023;13,3
00 Media Estatal;Ambos sexos;2022;13,7
00 Media Estatal;Ambos sexos;2021;16
00 Media Estatal;Ambos sexos;2020;14,4
00 Media Estatal;Ambos sexos;2019;14,7
00 Media Estatal;Ambos sexos;2018;16,7
00 Media Estatal;Ambos sexos;2017;18,8
00 Media Estatal;Ambos sexos;2016;21
00 Media Estatal;Ambos sexos;2015;23,8
00 Media Estatal;Ambos sexos;2014;25,9
00 Media Estatal;Ambos sexos;2013;26,9
00 Media Estatal;Ambos sexos;2012;24,2
00 Media Estatal;Ambos sexos;2011;21,1
00 Media Estatal;Ambos sexos;2010;19,8
00 Media Estatal;Hombres;2023;11,6
00 Media Estatal;Hombres;2022;12
00 Media Estatal;Hombres;2021;14,1
00 Media Estatal;Hombres;2020;12,8
00 Media Estatal;Hombres;2019;12,9
00 Media Estatal;Hombres;2018;15,2
00 Media Estatal;Hombres;2017;17,2
00 Media Estatal;Hombres;2016;19,5
00 Media Estatal;Hombres;2015;22,7
00 Media Estatal;Hombres;2014;25,4
00 Media Estatal;Hombres;2013;26,7
00 Media Estatal;Hombres;2012;24
00 Media Estatal;Hombres;2011;20,6
00 Media Estatal;Hombres;2010;19,8
00 Media Estatal;Mujeres;2023;15,1
00 Media Estatal;Mujeres;2022;15,4
00 Media Estatal;Mujeres;2021;18,1
00 Media Estatal;Mujeres;2020;16,2
00 Media Estatal;Mujeres;2019;16,7
00 Media Estatal;Mujeres;2018;18,5
00 Media Estatal;Mujeres;2017;20,5
00 Media Estatal;Mujeres;2016;22,8
00 Media Estatal;Mujeres;2015;25
00 Media Estatal;Mujeres;2014;26,6
00 Media Estatal;Mujeres;2013;27,3
00 Media Estatal;Mujeres;2012;24,5
00 Media Estatal;Mujeres;2011;21,7
00 Media Estatal;Mujeres;2010;19,9
01 Andalucía;Ambos sexos;2023;18,3
01 Andalucía;Ambos sexos;2022;19,4
01 Andalucía;Ambos sexos;2021;22,5
01 Andalucía;Ambos sexos;2020;21,2
01 Andalucía;Ambos sexos;2019;21,1
01 Andalucía;Ambos sexos;2018;24,7
01 Andalucía;Ambos sexos;2017;26,9
01 Andalucía;Ambos sexos;2016;29,7
01 Andalucía;Ambos sexos;2015;33,6
01 Andalucía;Ambos sexos;2014;34,9
01 Andalucía;Ambos sexos;2013;36,8
01 Andalucía;Ambos sexos;2012;32,9
01 Andalucía;Ambos sexos;2011;29,4
01 Andalucía;Ambos sexos;2010;27,1
01 Andalucía;Hombres;2023;15,3
01 Andalucía;Hombres;2022;16,2
01 Andalucía;Hombres;2021;19,1
01 Andalucía;Hombres;2020;17,9
01 Andalucía;Hombres;2019;17,5
01 Andalucía;Hombres;2018;21,6
01 Andalucía;Hombres;2017;24,2
01 Andalucía;Hombres;2016;26,9
01 Andalucía;Hombres;2015;30,9
01 Andalucía;Hombres;2014;33,4
01 Andalucía;Hombres;2013;35,7
01 Andalucía;Hombres;2012;31,6
01 Andalucía;Hombres;2011;27,8
01 Andalucía;Hombres;2010;26,6
01 Andalucía;Mujeres;2023;21,8
01 Andalucía;Mujeres;2022;23,2
01 Andalucía;Mujeres;2021;26,7
01 Andalucía;Mujeres;2020;25,2
01 Andalucía;Mujeres;2019;25,4
01 Andalucía;Mujeres;2018;28,6
01 Andalucía;Mujeres;2017;30,3
01 Andalucía;Mujeres;2016;33,1
01 Andalucía;Mujeres;2015;36,9
01 Andalucía;Mujeres;2014;36,8
01 Andalucía;Mujeres;2013;38
01 Andalucía;Mujeres;2012;34,5
01 Andalucía;Mujeres;2011;31,4
01 Andalucía;Mujeres;2010;27,6
02 Aragón;Ambos sexos;2023;8,9
02 Aragón;Ambos sexos;2022;10,1
02 Aragón;Ambos sexos;2021;12,1
02 Aragón;Ambos sexos;2020;10,6
02 Aragón;Ambos sexos;2019;10,5
02 Aragón;Ambos sexos;2018;11,6
02 Aragón;Ambos sexos;2017;13,3
02 Aragón;Ambos sexos;2016;15,3
02 Aragón;Ambos sexos;2015;18,6
02 Aragón;Ambos sexos;2014;22,9
02 Aragón;Ambos sexos;2013;22,5
02 Aragón;Ambos sexos;2012;18,4
02 Aragón;Ambos sexos;2011;18
02 Aragón;Ambos sexos;2010;15,2
02 Aragón;Hombres;2023;6,7
02 Aragón;Hombres;2022;8,6
02 Aragón;Hombres;2021;9,9
02 Aragón;Hombres;2020;9,7
02 Aragón;Hombres;2019;9,2
02 Aragón;Hombres;2018;10,7
02 Aragón;Hombres;2017;10,9
02 Aragón;Hombres;2016;12,1
02 Aragón;Hombres;2015;15,5
02 Aragón;Hombres;2014;21,7
02 Aragón;Hombres;2013;22,1
02 Aragón;Hombres;2012;17,9
02 Aragón;Hombres;2011;17,9
02 Aragón;Hombres;2010;14,2
02 Aragón;Mujeres;2023;11,4
02 Aragón;Mujeres;2022;11,9
02 Aragón;Mujeres;2021;14,6
02 Aragón;Mujeres;2020;11,7
02 Aragón;Mujeres;2019;12,1
02 Aragón;Mujeres;2018;12,7
02 Aragón;Mujeres;2017;16,2
02 Aragón;Mujeres;2016;19
02 Aragón;Mujeres;2015;22,3
02 Aragón;Mujeres;2014;24,3
02 Aragón;Mujeres;2013;23,1
02 Aragón;Mujeres;2012;18,9
02 Aragón;Mujeres;2011;18,2
02 Aragón;Mujeres;2010;16,6
03 Principado de Asturias;Ambos sexos;2023;13,1
03 Principado de Asturias;Ambos sexos;2022;12
03 Principado de Asturias;Ambos sexos;2021;14,1
03 Principado de Asturias;Ambos sexos;2020;14,4
03 Principado de Asturias;Ambos sexos;2019;15
03 Principado de Asturias;Ambos sexos;2018;15
03 Principado de Asturias;Ambos sexos;2017;14,2
03 Principado de Asturias;Ambos sexos;2016;19,5
03 Principado de Asturias;Ambos sexos;2015;19
03 Principado de Asturias;Ambos sexos;2014;22,8
03 Principado de Asturias;Ambos sexos;2013;25,5
03 Principado de Asturias;Ambos sexos;2012;20,5
03 Principado de Asturias;Ambos sexos;2011;18,2
03 Principado de Asturias;Ambos sexos;2010;16,6
03 Principado de Asturias;Hombres;2023;12,5
03 Principado de Asturias;Hombres;2022;9,7
03 Principado de Asturias;Hombres;2021;12,5
03 Principado de Asturias;Hombres;2020;13,8
03 Principado de Asturias;Hombres;2019;14
03 Principado de Asturias;Hombres;2018;14,1
03 Principado de Asturias;Hombres;2017;13,8
03 Principado de Asturias;Hombres;2016;20,1
03 Principado de Asturias;Hombres;2015;18,4
03 Principado de Asturias;Hombres;2014;21,6
03 Principado de Asturias;Hombres;2013;25,4
03 Principado de Asturias;Hombres;2012;20,4
03 Principado de Asturias;Hombres;2011;17,7
03 Principado de Asturias;Hombres;2010;16,2
03 Principado de Asturias;Mujeres;2023;13,7
03 Principado de Asturias;Mujeres;2022;14,5
03 Principado de Asturias;Mujeres;2021;15,8
03 Principado de Asturias;Mujeres;2020;14,9
03 Principado de Asturias;Mujeres;2019;16,2
03 Principado de Asturias;Mujeres;2018;16
03 Principado de Asturias;Mujeres;2017;14,7
03 Principado de Asturias;Mujeres;2016;18,9
03 Principado de Asturias;Mujeres;2015;19,6
03 Principado de Asturias;Mujeres;2014;24,1
03 Principado de Asturias;Mujeres;2013;25,7
03 Principado de Asturias;Mujeres;2012;20,6
03 Principado de Asturias;Mujeres;2011;18,7
03 Principado de Asturias;Mujeres;2010;17,1
04 Islas Baleares;Ambos sexos;2023;18,1
04 Islas Baleares;Ambos sexos;2022;18
04 Islas Baleares;Ambos sexos;2021;18,9
04 Islas Baleares;Ambos sexos;2020;18,2
04 Islas Baleares;Ambos sexos;2019;17,1
04 Islas Baleares;Ambos sexos;2018;17,4
04 Islas Baleares;Ambos sexos;2017;16,8
04 Islas Baleares;Ambos sexos;2016;18,4
04 Islas Baleares;Ambos sexos;2015;22,3
04 Islas Baleares;Ambos sexos;2014;26,7
04 Islas Baleares;Ambos sexos;2013;28,6
04 Islas Baleares;Ambos sexos;2012;27,9
04 Islas Baleares;Ambos sexos;2011;25
04 Islas Baleares;Ambos sexos;2010;22,2
04 Islas Baleares;Hombres;2023;17,2
04 Islas Baleares;Hombres;2022;16,4
04 Islas Baleares;Hombres;2021;16,9
04 Islas Baleares;Hombres;2020;14,6
04 Islas Baleares;Hombres;2019;14,7
04 Islas Baleares;Hombres;2018;18,5
04 Islas Baleares;Hombres;2017;15,8
04 Islas Baleares;Hombres;2016;18,6
04 Islas Baleares;Hombres;2015;21,7
04 Islas Baleares;Hombres;2014;28
04 Islas Baleares;Hombres;2013;28
04 Islas Baleares;Hombres;2012;26,9
04 Islas Baleares;Hombres;2011;23,8
04 Islas Baleares;Hombres;2010;22
04 Islas Baleares;Mujeres;2023;19,2
04 Islas Baleares;Mujeres;2022;19,9
04 Islas Baleares;Mujeres;2021;21,1
04 Islas Baleares;Mujeres;2020;22,4
04 Islas Baleares;Mujeres;2019;19,8
04 Islas Baleares;Mujeres;2018;16,2
04 Islas Baleares;Mujeres;2017;17,9
04 Islas Baleares;Mujeres;2016;18,2
04 Islas Baleares;Mujeres;2015;23
04 Islas Baleares;Mujeres;2014;25,2
04 Islas Baleares;Mujeres;2013;29,2
04 Islas Baleares;Mujeres;2012;29
04 Islas Baleares;Mujeres;2011;26,4
04 Islas Baleares;Mujeres;2010;22,5
05 Canarias;Ambos sexos;2023;17,2
05 Canarias;Ambos sexos;2022;20,3
05 Canarias;Ambos sexos;2021;25,4
05 Canarias;Ambos sexos;2020;18,8
05 Canarias;Ambos sexos;2019;21
05 Canarias;Ambos sexos;2018;20,6
05 Canarias;Ambos sexos;2017;25,7
05 Canarias;Ambos sexos;2016;26
05 Canarias;Ambos sexos;2015;30,8
05 Canarias;Ambos sexos;2014;32,6
05 Canarias;Ambos sexos;2013;33,7
05 Canarias;Ambos sexos;2012;31,8
05 Canarias;Ambos sexos;2011;28,3
05 Canarias;Ambos sexos;2010;27,7
05 Canarias;Hombres;2023;15,9
05 Canarias;Hombres;2022;19,4
05 Canarias;Hombres;2021;25
05 Canarias;Hombres;2020;17,8
05 Canarias;Hombres;2019;20,5
05 Canarias;Hombres;2018;19,2
05 Canarias;Hombres;2017;24,5
05 Canarias;Hombres;2016;24,3
05 Canarias;Hombres;2015;30,1
05 Canarias;Hombres;2014;33
05 Canarias;Hombres;2013;34,2
05 Canarias;Hombres;2012;30,1
05 Canarias;Hombres;2011;28,9
05 Canarias;Hombres;2010;27,7
05 Canarias;Mujeres;2023;18,6
05 Canarias;Mujeres;2022;21,3
05 Canarias;Mujeres;2021;25,9
05 Canarias;Mujeres;2020;19,9
05 Canarias;Mujeres;2019;21,7
05 Canarias;Mujeres;2018;22,3
05 Canarias;Mujeres;2017;27
05 Canarias;Mujeres;2016;28,1
05 Canarias;Mujeres;2015;31,7
05 Canarias;Mujeres;2014;32
05 Canarias;Mujeres;2013;33,2
05 Canarias;Mujeres;2012;33,7
05 Canarias;Mujeres;2011;27,6
05 Canarias;Mujeres;2010;27,7
06 Cantabria;Ambos sexos;2023;9,3
06 Cantabria;Ambos sexos;2022;10,5
06 Cantabria;Ambos sexos;2021;11,9
06 Cantabria;Ambos sexos;2020;11,1
06 Cantabria;Ambos sexos;2019;12,2
06 Cantabria;Ambos sexos;2018;12,5
06 Cantabria;Ambos sexos;2017;14,1
06 Cantabria;Ambos sexos;2016;18,9
06 Cantabria;Ambos sexos;2015;18,5
06 Cantabria;Ambos sexos;2014;21
06 Cantabria;Ambos sexos;2013;20,9
06 Cantabria;Ambos sexos;2012;18,8
06 Cantabria;Ambos sexos;2011;16,3
06 Cantabria;Ambos sexos;2010;14,3
06 Cantabria;Hombres;2023;7,1
06 Cantabria;Hombres;2022;8,6
06 Cantabria;Hombres;2021;10,9
06 Cantabria;Hombres;2020;10,5
06 Cantabria;Hombres;2019;11,3
06 Cantabria;Hombres;2018;10,8
06 Cantabria;Hombres;2017;13,6
06 Cantabria;Hombres;2016;18,6
06 Cantabria;Hombres;2015;16,5
06 Cantabria;Hombres;2014;21,3
06 Cantabria;Hombres;2013;20,9
06 Cantabria;Hombres;2012;18,1
06 Cantabria;Hombres;2011;17,1
06 Cantabria;Hombres;2010;13
06 Cantabria;Mujeres;2023;11,7
06 Cantabria;Mujeres;2022;12,8
06 Cantabria;Mujeres;2021;13
06 Cantabria;Mujeres;2020;11,8
06 Cantabria;Mujeres;2019;13,3
06 Cantabria;Mujeres;2018;14,3
06 Cantabria;Mujeres;2017;14,6
06 Cantabria;Mujeres;2016;19,3
06 Cantabria;Mujeres;2015;21
06 Cantabria;Mujeres;2014;20,5
06 Cantabria;Mujeres;2013;20,8
06 Cantabria;Mujeres;2012;19,6
06 Cantabria;Mujeres;2011;15,2
06 Cantabria;Mujeres;2010;16
07 Castilla y León;Ambos sexos;2023;10,3
07 Castilla y León;Ambos sexos;2022;11,1
07 Castilla y León;Ambos sexos;2021;12,6
07 Castilla y León;Ambos sexos;2020;11,8
07 Castilla y León;Ambos sexos;2019;12,4
07 Castilla y León;Ambos sexos;2018;13,9
07 Castilla y León;Ambos sexos;2017;15,1
07 Castilla y León;Ambos sexos;2016;18,3
07 Castilla y León;Ambos sexos;2015;20,4
07 Castilla y León;Ambos sexos;2014;22,2
07 Castilla y León;Ambos sexos;2013;22,7
07 Castilla y León;Ambos sexos;2012;19,4
07 Castilla y León;Ambos sexos;2011;17,5
07 Castilla y León;Ambos sexos;2010;15,8
07 Castilla y León;Hombres;2023;8,4
07 Castilla y León;Hombres;2022;9,5
07 Castilla y León;Hombres;2021;10,8
07 Castilla y León;Hombres;2020;10,7
07 Castilla y León;Hombres;2019;10,7
07 Castilla y León;Hombres;2018;11,7
07 Castilla y León;Hombres;2017;13,7
07 Castilla y León;Hombres;2016;16,8
07 Castilla y León;Hombres;2015;18,3
07 Castilla y León;Hombres;2014;21
07 Castilla y León;Hombres;2013;21,7
07 Castilla y León;Hombres;2012;17,9
07 Castilla y León;Hombres;2011;16,2
07 Castilla y León;Hombres;2010;14,9
07 Castilla y León;Mujeres;2023;12,5
07 Castilla y León;Mujeres;2022;13
07 Castilla y León;Mujeres;2021;14,8
07 Castilla y León;Mujeres;2020;13,1
07 Castilla y León;Mujeres;2019;14,5
07 Castilla y León;Mujeres;2018;16,6
07 Castilla y León;Mujeres;2017;16,9
07 Castilla y León;Mujeres;2016;20,2
07 Castilla y León;Mujeres;2015;23
07 Castilla y León;Mujeres;2014;23,7
07 Castilla y León;Mujeres;2013;24
07 Castilla y León;Mujeres;2012;21,3
07 Castilla y León;Mujeres;2011;19,2
07 Castilla y León;Mujeres;2010;17,1
08 Castilla-La Mancha;Ambos sexos;2023;15
08 Castilla-La Mancha;Ambos sexos;2022;14,3
08 Castilla-La Mancha;Ambos sexos;2021;17,4
08 Castilla-La Mancha;Ambos sexos;2020;18,1
08 Castilla-La Mancha;Ambos sexos;2019;15,7
08 Castilla-La Mancha;Ambos sexos;2018;20,7
08 Castilla-La Mancha;Ambos sexos;2017;22,5
08 Castilla-La Mancha;Ambos sexos;2016;25,5
08 Castilla-La Mancha;Ambos sexos;2015;28,7
08 Castilla-La Mancha;Ambos sexos;2014;30,3
08 Castilla-La Mancha;Ambos sexos;2013;31,2
08 Castilla-La Mancha;Ambos sexos;2012;27,4
08 Castilla-La Mancha;Ambos sexos;2011;22,1
08 Castilla-La Mancha;Ambos sexos;2010;21,7
08 Castilla-La Mancha;Hombres;2023;11,2
08 Castilla-La Mancha;Hombres;2022;11
08 Castilla-La Mancha;Hombres;2021;12,4
08 Castilla-La Mancha;Hombres;2020;13,6
08 Castilla-La Mancha;Hombres;2019;11,6
08 Castilla-La Mancha;Hombres;2018;15,5
08 Castilla-La Mancha;Hombres;2017;18,4
08 Castilla-La Mancha;Hombres;2016;21,8
08 Castilla-La Mancha;Hombres;2015;25,7
08 Castilla-La Mancha;Hombres;2014;27,9
08 Castilla-La Mancha;Hombres;2013;28,3
08 Castilla-La Mancha;Hombres;2012;25,1
08 Castilla-La Mancha;Hombres;2011;19,6
08 Castilla-La Mancha;Hombres;2010;19,9
08 Castilla-La Mancha;Mujeres;2023;19,8
08 Castilla-La Mancha;Mujeres;2022;18,5
08 Castilla-La Mancha;Mujeres;2021;23,8
08 Castilla-La Mancha;Mujeres;2020;23,9
08 Castilla-La Mancha;Mujeres;2019;21
08 Castilla-La Mancha;Mujeres;2018;27,4
08 Castilla-La Mancha;Mujeres;2017;27,7
08 Castilla-La Mancha;Mujeres;2016;30,2
08 Castilla-La Mancha;Mujeres;2015;32,6
08 Castilla-La Mancha;Mujeres;2014;33,4
08 Castilla-La Mancha;Mujeres;2013;35,2
08 Castilla-La Mancha;Mujeres;2012;30,4
08 Castilla-La Mancha;Mujeres;2011;25,7
08 Castilla-La Mancha;Mujeres;2010;24,4
09 Cataluña;Ambos sexos;2023;10,4
09 Cataluña;Ambos sexos;2022;10,2
09 Cataluña;Ambos sexos;2021;12,9
09 Cataluña;Ambos sexos;2020;10,7
09 Cataluña;Ambos sexos;2019;11,6
09 Cataluña;Ambos sexos;2018;12,2
09 Cataluña;Ambos sexos;2017;15,3
09 Cataluña;Ambos sexos;2016;17,4
09 Cataluña;Ambos sexos;2015;20,1
09 Cataluña;Ambos sexos;2014;22,1
09 Cataluña;Ambos sexos;2013;24,5
09 Cataluña;Ambos sexos;2012;22
09 Cataluña;Ambos sexos;2011;18,9
09 Cataluña;Ambos sexos;2010;17,9
09 Cataluña;Hombres;2023;10,1
09 Cataluña;Hombres;2022;9,7
09 Cataluña;Hombres;2021;11,6
09 Cataluña;Hombres;2020;9,9
09 Cataluña;Hombres;2019;11,1
09 Cataluña;Hombres;2018;11,5
09 Cataluña;Hombres;2017;14,2
09 Cataluña;Hombres;2016;16,3
09 Cataluña;Hombres;2015;19,9
09 Cataluña;Hombres;2014;23,1
09 Cataluña;Hombres;2013;25,3
09 Cataluña;Hombres;2012;22,4
09 Cataluña;Hombres;2011;19,6
09 Cataluña;Hombres;2010;19,1
09 Cataluña;Mujeres;2023;10,7
09 Cataluña;Mujeres;2022;10,9
09 Cataluña;Mujeres;2021;14,4
09 Cataluña;Mujeres;2020;11,4
09 Cataluña;Mujeres;2019;12,2
09 Cataluña;Mujeres;2018;13
09 Cataluña;Mujeres;2017;16,4
09 Cataluña;Mujeres;2016;18,7
09 Cataluña;Mujeres;2015;20,2
09 Cataluña;Mujeres;2014;21
09 Cataluña;Mujeres;2013;23,4
09 Cataluña;Mujeres;2012;21,5
09 Cataluña;Mujeres;2011;18,2
09 Cataluña;Mujeres;2010;16,4
10 Comunidad Valenciana;Ambos sexos;2023;13,8
10 Comunidad Valenciana;Ambos sexos;2022;12,9
10 Comunidad Valenciana;Ambos sexos;2021;16,5
10 Comunidad Valenciana;Ambos sexos;2020;14,4
10 Comunidad Valenciana;Ambos sexos;2019;14,1
10 Comunidad Valenciana;Ambos sexos;2018;17,1
10 Comunidad Valenciana;Ambos sexos;2017;19,8
10 Comunidad Valenciana;Ambos sexos;2016;21,8
10 Comunidad Valenciana;Ambos sexos;2015;24,3
10 Comunidad Valenciana;Ambos sexos;2014;28
10 Comunidad Valenciana;Ambos sexos;2013;28,7
10 Comunidad Valenciana;Ambos sexos;2012;26,8
10 Comunidad Valenciana;Ambos sexos;2011;23,7
10 Comunidad Valenciana;Ambos sexos;2010;22,5
10 Comunidad Valenciana;Hombres;2023;11,3
10 Comunidad Valenciana;Hombres;2022;11,5
10 Comunidad Valenciana;Hombres;2021;15,2
10 Comunidad Valenciana;Hombres;2020;13
10 Comunidad Valenciana;Hombres;2019;11,8
10 Comunidad Valenciana;Hombres;2018;15,8
10 Comunidad Valenciana;Hombres;2017;18,7
10 Comunidad Valenciana;Hombres;2016;20,7
10 Comunidad Valenciana;Hombres;2015;23,7
10 Comunidad Valenciana;Hombres;2014;27,1
10 Comunidad Valenciana;Hombres;2013;27,6
10 Comunidad Valenciana;Hombres;2012;27,5
10 Comunidad Valenciana;Hombres;2011;23,4
10 Comunidad Valenciana;Hombres;2010;23
10 Comunidad Valenciana;Mujeres;2023;16,6
10 Comunidad Valenciana;Mujeres;2022;14,3
10 Comunidad Valenciana;Mujeres;2021;18,1
10 Comunidad Valenciana;Mujeres;2020;16,1
10 Comunidad Valenciana;Mujeres;2019;16,9
10 Comunidad Valenciana;Mujeres;2018;18,7
10 Comunidad Valenciana;Mujeres;2017;21
10 Comunidad Valenciana;Mujeres;2016;23,2
10 Comunidad Valenciana;Mujeres;2015;25
10 Comunidad Valenciana;Mujeres;2014;29,2
10 Comunidad Valenciana;Mujeres;2013;30,2
10 Comunidad Valenciana;Mujeres;2012;26
10 Comunidad Valenciana;Mujeres;2011;24,1
10 Comunidad Valenciana;Mujeres;2010;21,8
11 Extremadura;Ambos sexos;2023;19,5
11 Extremadura;Ambos sexos;2022;19
11 Extremadura;Ambos sexos;2021;22,2
11 Extremadura;Ambos sexos;2020;23,6
11 Extremadura;Ambos sexos;2019;22,5
11 Extremadura;Ambos sexos;2018;25,9
11 Extremadura;Ambos sexos;2017;29,2
11 Extremadura;Ambos sexos;2016;29,1
11 Extremadura;Ambos sexos;2015;30,2
11 Extremadura;Ambos sexos;2014;32,1
11 Extremadura;Ambos sexos;2013;35,7
11 Extremadura;Ambos sexos;2012;32,1
11 Extremadura;Ambos sexos;2011;25,1
11 Extremadura;Ambos sexos;2010;23,2
11 Extremadura;Hombres;2023;15,9
11 Extremadura;Hombres;2022;15,6
11 Extremadura;Hombres;2021;17,8
11 Extremadura;Hombres;2020;19,9
11 Extremadura;Hombres;2019;16,5
11 Extremadura;Hombres;2018;21,5
11 Extremadura;Hombres;2017;25,4
11 Extremadura;Hombres;2016;25,1
11 Extremadura;Hombres;2015;26,3
11 Extremadura;Hombres;2014;30,4
11 Extremadura;Hombres;2013;35,1
11 Extremadura;Hombres;2012;30,5
11 Extremadura;Hombres;2011;22,9
11 Extremadura;Hombres;2010;21
11 Extremadura;Mujeres;2023;23,8
11 Extremadura;Mujeres;2022;23,1
11 Extremadura;Mujeres;2021;27,6
11 Extremadura;Mujeres;2020;28
11 Extremadura;Mujeres;2019;30,1
11 Extremadura;Mujeres;2018;31,7
11 Extremadura;Mujeres;2017;34,2
11 Extremadura;Mujeres;2016;34,5
11 Extremadura;Mujeres;2015;35,4
11 Extremadura;Mujeres;2014;34,3
11 Extremadura;Mujeres;2013;36,4
11 Extremadura;Mujeres;2012;34,3
11 Extremadura;Mujeres;2011;28,2
11 Extremadura;Mujeres;2010;26,3
12 Galicia;Ambos sexos;2023;10,9
12 Galicia;Ambos sexos;2022;11,4
12 Galicia;Ambos sexos;2021;13
12 Galicia;Ambos sexos;2020;12,7
12 Galicia;Ambos sexos;2019;12,5
12 Galicia;Ambos sexos;2018;15,1
12 Galicia;Ambos sexos;2017;17,4
12 Galicia;Ambos sexos;2016;18,2
12 Galicia;Ambos sexos;2015;21,8
12 Galicia;Ambos sexos;2014;23,2
12 Galicia;Ambos sexos;2013;22,3
12 Galicia;Ambos sexos;2012;20,1
12 Galicia;Ambos sexos;2011;17,2
12 Galicia;Ambos sexos;2010;15,4
12 Galicia;Hombres;2023;10,1
12 Galicia;Hombres;2022;10,1
12 Galicia;Hombres;2021;11,8
12 Galicia;Hombres;2020;11,1
12 Galicia;Hombres;2019;12,2
12 Galicia;Hombres;2018;14,3
12 Galicia;Hombres;2017;17,2
12 Galicia;Hombres;2016;17,6
12 Galicia;Hombres;2015;21,5
12 Galicia;Hombres;2014;23,7
12 Galicia;Hombres;2013;22,5
12 Galicia;Hombres;2012;19,9
12 Galicia;Hombres;2011;16,6
12 Galicia;Hombres;2010;14,5
12 Galicia;Mujeres;2023;11,8
12 Galicia;Mujeres;2022;12,9
12 Galicia;Mujeres;2021;14,3
12 Galicia;Mujeres;2020;14,3
12 Galicia;Mujeres;2019;12,8
12 Galicia;Mujeres;2018;16
12 Galicia;Mujeres;2017;17,5
12 Galicia;Mujeres;2016;18,9
12 Galicia;Mujeres;2015;22,2
12 Galicia;Mujeres;2014;22,7
12 Galicia;Mujeres;2013;22
12 Galicia;Mujeres;2012;20,4
12 Galicia;Mujeres;2011;17,9
12 Galicia;Mujeres;2010;16,4
13 Comunidad de Madrid;Ambos sexos;2023;11
13 Comunidad de Madrid;Ambos sexos;2022;11,9
13 Comunidad de Madrid;Ambos sexos;2021;12,2
13 Comunidad de Madrid;Ambos sexos;2020;10,6
13 Comunidad de Madrid;Ambos sexos;2019;11,7
13 Comunidad de Madrid;Ambos sexos;2018;13,4
13 Comunidad de Madrid;Ambos sexos;2017;14,2
13 Comunidad de Madrid;Ambos sexos;2016;16,8
13 Comunidad de Madrid;Ambos sexos;2015;17,8
13 Comunidad de Madrid;Ambos sexos;2014;20,4
13 Comunidad de Madrid;Ambos sexos;2013;20
13 Comunidad de Madrid;Ambos sexos;2012;18,2
13 Comunidad de Madrid;Ambos sexos;2011;15,2
13 Comunidad de Madrid;Ambos sexos;2010;15,9
13 Comunidad de Madrid;Hombres;2023;10
13 Comunidad de Madrid;Hombres;2022;10,3
13 Comunidad de Madrid;Hombres;2021;10,8
13 Comunidad de Madrid;Hombres;2020;9,7
13 Comunidad de Madrid;Hombres;2019;10,6
13 Comunidad de Madrid;Hombres;2018;12,9
13 Comunidad de Madrid;Hombres;2017;13,6
13 Comunidad de Madrid;Hombres;2016;15,9
13 Comunidad de Madrid;Hombres;2015;18,3
13 Comunidad de Madrid;Hombres;2014;19
13 Comunidad de Madrid;Hombres;2013;20
13 Comunidad de Madrid;Hombres;2012;19
13 Comunidad de Madrid;Hombres;2011;14,7
13 Comunidad de Madrid;Hombres;2010;16,1
13 Comunidad de Madrid;Mujeres;2023;12,1
13 Comunidad de Madrid;Mujeres;2022;13,4
13 Comunidad de Madrid;Mujeres;2021;13,5
13 Comunidad de Madrid;Mujeres;2020;11,5
13 Comunidad de Madrid;Mujeres;2019;12,8
13 Comunidad de Madrid;Mujeres;2018;14
13 Comunidad de Madrid;Mujeres;2017;14,9
13 Comunidad de Madrid;Mujeres;2016;17,8
13 Comunidad de Madrid;Mujeres;2015;17,3
13 Comunidad de Madrid;Mujeres;2014;21,9
13 Comunidad de Madrid;Mujeres;2013;20
13 Comunidad de Madrid;Mujeres;2012;17,2
13 Comunidad de Madrid;Mujeres;2011;15,7
13 Comunidad de Madrid;Mujeres;2010;15,7
14 Región de Murcia;Ambos sexos;2023;13,5
14 Región de Murcia;Ambos sexos;2022;13,4
14 Región de Murcia;Ambos sexos;2021;16,4
14 Región de Murcia;Ambos sexos;2020;16,5
14 Región de Murcia;Ambos sexos;2019;15,1
14 Región de Murcia;Ambos sexos;2018;18,6
14 Región de Murcia;Ambos sexos;2017;19,3
14 Región de Murcia;Ambos sexos;2016;22,1
14 Región de Murcia;Ambos sexos;2015;26,7
14 Región de Murcia;Ambos sexos;2014;27,7
14 Región de Murcia;Ambos sexos;2013;29,9
14 Región de Murcia;Ambos sexos;2012;26,7
14 Región de Murcia;Ambos sexos;2011;25,6
14 Región de Murcia;Ambos sexos;2010;22,7
14 Región de Murcia;Hombres;2023;11,3
14 Región de Murcia;Hombres;2022;11,9
14 Región de Murcia;Hombres;2021;13,2
14 Región de Murcia;Hombres;2020;14,2
14 Región de Murcia;Hombres;2019;11,6
14 Región de Murcia;Hombres;2018;14,9
14 Región de Murcia;Hombres;2017;15,7
14 Región de Murcia;Hombres;2016;19
14 Región de Murcia;Hombres;2015;24,7
14 Región de Murcia;Hombres;2014;27,3
14 Región de Murcia;Hombres;2013;30,4
14 Región de Murcia;Hombres;2012;27,6
14 Región de Murcia;Hombres;2011;26
14 Región de Murcia;Hombres;2010;22,7
14 Región de Murcia;Mujeres;2023;16,2
14 Región de Murcia;Mujeres;2022;15,4
14 Región de Murcia;Mujeres;2021;20,5
14 Región de Murcia;Mujeres;2020;19,3
14 Región de Murcia;Mujeres;2019;19,6
14 Región de Murcia;Mujeres;2018;23,3
14 Región de Murcia;Mujeres;2017;23,9
14 Región de Murcia;Mujeres;2016;26,2
14 Región de Murcia;Mujeres;2015;29,3
14 Región de Murcia;Mujeres;2014;28,3
14 Región de Murcia;Mujeres;2013;29,3
14 Región de Murcia;Mujeres;2012;25,4
14 Región de Murcia;Mujeres;2011;25
14 Región de Murcia;Mujeres;2010;22,8
15 Comunidad Foral de Navarra;Ambos sexos;2023;12,1
15 Comunidad Foral de Navarra;Ambos sexos;2022;10,4
15 Comunidad Foral de Navarra;Ambos sexos;2021;11,5
15 Comunidad Foral de Navarra;Ambos sexos;2020;8,6
15 Comunidad Foral de Navarra;Ambos sexos;2019;8,2
15 Comunidad Foral de Navarra;Ambos sexos;2018;10,5
15 Comunidad Foral de Navarra;Ambos sexos;2017;10,3
15 Comunidad Foral de Navarra;Ambos sexos;2016;14,3
15 Comunidad Foral de Navarra;Ambos sexos;2015;15,7
15 Comunidad Foral de Navarra;Ambos sexos;2014;17,1
15 Comunidad Foral de Navarra;Ambos sexos;2013;19
15 Comunidad Foral de Navarra;Ambos sexos;2012;16,2
15 Comunidad Foral de Navarra;Ambos sexos;2011;13,5
15 Comunidad Foral de Navarra;Ambos sexos;2010;12,3
15 Comunidad Foral de Navarra;Hombres;2023;11,7
15 Comunidad Foral de Navarra;Hombres;2022;11,4
15 Comunidad Foral de Navarra;Hombres;2021;11,6
15 Comunidad Foral de Navarra;Hombres;2020;8,2
15 Comunidad Foral de Navarra;Hombres;2019;8
15 Comunidad Foral de Navarra;Hombres;2018;10
15 Comunidad Foral de Navarra;Hombres;2017;8,3
15 Comunidad Foral de Navarra;Hombres;2016;12
15 Comunidad Foral de Navarra;Hombres;2015;14,4
15 Comunidad Foral de Navarra;Hombres;2014;15,9
15 Comunidad Foral de Navarra;Hombres;2013;17,6
15 Comunidad Foral de Navarra;Hombres;2012;16,6
15 Comunidad Foral de Navarra;Hombres;2011;12,9
15 Comunidad Foral de Navarra;Hombres;2010;13,3
15 Comunidad Foral de Navarra;Mujeres;2023;12,6
15 Comunidad Foral de Navarra;Mujeres;2022;9,4
15 Comunidad Foral de Navarra;Mujeres;2021;11,3
15 Comunidad Foral de Navarra;Mujeres;2020;8,9
15 Comunidad Foral de Navarra;Mujeres;2019;8,4
15 Comunidad Foral de Navarra;Mujeres;2018;11,1
15 Comunidad Foral de Navarra;Mujeres;2017;12,5
15 Comunidad Foral de Navarra;Mujeres;2016;16,9
15 Comunidad Foral de Navarra;Mujeres;2015;17,2
15 Comunidad Foral de Navarra;Mujeres;2014;18,6
15 Comunidad Foral de Navarra;Mujeres;2013;20,6
15 Comunidad Foral de Navarra;Mujeres;2012;15,7
15 Comunidad Foral de Navarra;Mujeres;2011;14,3
15 Comunidad Foral de Navarra;Mujeres;2010;11
16 País Vasco;Ambos sexos;2023;8,4
16 País Vasco;Ambos sexos;2022;8,7
16 País Vasco;Ambos sexos;2021;11
16 País Vasco;Ambos sexos;2020;8,7
16 País Vasco;Ambos sexos;2019;9,6
16 País Vasco;Ambos sexos;2018;10,8
16 País Vasco;Ambos sexos;2017;11,9
16 País Vasco;Ambos sexos;2016;12,8
16 País Vasco;Ambos sexos;2015;16,4
16 País Vasco;Ambos sexos;2014;17,4
16 País Vasco;Ambos sexos;2013;17,1
16 País Vasco;Ambos sexos;2012;14,3
16 País Vasco;Ambos sexos;2011;11,9
16 País Vasco;Ambos sexos;2010;11,1
16 País Vasco;Hombres;2023;7,1
16 País Vasco;Hombres;2022;8,9
16 País Vasco;Hombres;2021;10,7
16 País Vasco;Hombres;2020;8,2
16 País Vasco;Hombres;2019;9,1
16 País Vasco;Hombres;2018;10,6
16 País Vasco;Hombres;2017;10,8
16 País Vasco;Hombres;2016;12,7
16 País Vasco;Hombres;2015;17
16 País Vasco;Hombres;2014;17,5
16 País Vasco;Hombres;2013;17,4
16 País Vasco;Hombres;2012;14,4
16 País Vasco;Hombres;2011;11,7
16 País Vasco;Hombres;2010;10,6
16 País Vasco;Mujeres;2023;9,9
16 País Vasco;Mujeres;2022;8,5
16 País Vasco;Mujeres;2021;11,3
16 País Vasco;Mujeres;2020;9,3
16 País Vasco;Mujeres;2019;10,1
16 País Vasco;Mujeres;2018;11
16 País Vasco;Mujeres;2017;13
16 País Vasco;Mujeres;2016;13
16 País Vasco;Mujeres;2015;15,8
16 País Vasco;Mujeres;2014;17,2
16 País Vasco;Mujeres;2013;16,8
16 País Vasco;Mujeres;2012;14,1
16 País Vasco;Mujeres;2011;12,2
16 País Vasco;Mujeres;2010;11,7
17 La Rioja;Ambos sexos;2023;10,1
17 La Rioja;Ambos sexos;2022;11,2
17 La Rioja;Ambos sexos;2021;11,9
17 La Rioja;Ambos sexos;2020;11,2
17 La Rioja;Ambos sexos;2019;11,1
17 La Rioja;Ambos sexos;2018;11
17 La Rioja;Ambos sexos;2017;12,9
17 La Rioja;Ambos sexos;2016;14,4
17 La Rioja;Ambos sexos;2015;17,6
17 La Rioja;Ambos sexos;2014;19,6
17 La Rioja;Ambos sexos;2013;19,3
17 La Rioja;Ambos sexos;2012;20,1
17 La Rioja;Ambos sexos;2011;15,8
17 La Rioja;Ambos sexos;2010;14,9
17 La Rioja;Hombres;2023;8,8
17 La Rioja;Hombres;2022;9,5
17 La Rioja;Hombres;2021;7,8
17 La Rioja;Hombres;2020;9,4
17 La Rioja;Hombres;2019;10,3
17 La Rioja;Hombres;2018;10
17 La Rioja;Hombres;2017;9,9
17 La Rioja;Hombres;2016;14,3
17 La Rioja;Hombres;2015;14,7
17 La Rioja;Hombres;2014;16,9
17 La Rioja;Hombres;2013;18,6
17 La Rioja;Hombres;2012;17,9
17 La Rioja;Hombres;2011;15,3
17 La Rioja;Hombres;2010;13,3
17 La Rioja;Mujeres;2023;11,5
17 La Rioja;Mujeres;2022;13,1
17 La Rioja;Mujeres;2021;16,6
17 La Rioja;Mujeres;2020;13,2
17 La Rioja;Mujeres;2019;12
17 La Rioja;Mujeres;2018;12,2
17 La Rioja;Mujeres;2017;16,5
17 La Rioja;Mujeres;2016;14,5
17 La Rioja;Mujeres;2015;21,1
17 La Rioja;Mujeres;2014;22,7
17 La Rioja;Mujeres;2013;20,1
17 La Rioja;Mujeres;2012;22,8
17 La Rioja;Mujeres;2011;16,3
17 La Rioja;Mujeres;2010;17
18 Ceuta;Ambos sexos;2023;24
18 Ceuta;Ambos sexos;2022;29,2
18 Ceuta;Ambos sexos;2021;28,5
18 Ceuta;Ambos sexos;2020;23,9
18 Ceuta;Ambos sexos;2019;22,3
18 Ceuta;Ambos sexos;2018;31,4
18 Ceuta;Ambos sexos;2017;23,3
18 Ceuta;Ambos sexos;2016;26,2
18 Ceuta;Ambos sexos;2015;31,8
18 Ceuta;Ambos sexos;2014;31,6
18 Ceuta;Ambos sexos;2013;37,5
18 Ceuta;Ambos sexos;2012;34,7
18 Ceuta;Ambos sexos;2011;25,7
18 Ceuta;Ambos sexos;2010;22,8
18 Ceuta;Hombres;2023;20,5
18 Ceuta;Hombres;2022;23
18 Ceuta;Hombres;2021;26
18 Ceuta;Hombres;2020;22
18 Ceuta;Hombres;2019;17,9
18 Ceuta;Hombres;2018;25,1
18 Ceuta;Hombres;2017;20,6
18 Ceuta;Hombres;2016;20,8
18 Ceuta;Hombres;2015;25,4
18 Ceuta;Hombres;2014;30,2
18 Ceuta;Hombres;2013;30,7
18 Ceuta;Hombres;2012;29,5
18 Ceuta;Hombres;2011;21,9
18 Ceuta;Hombres;2010;21
18 Ceuta;Mujeres;2023;28,6
18 Ceuta;Mujeres;2022;37,2
18 Ceuta;Mujeres;2021;31,4
18 Ceuta;Mujeres;2020;26,5
18 Ceuta;Mujeres;2019;27,8
18 Ceuta;Mujeres;2018;38,8
18 Ceuta;Mujeres;2017;27,2
18 Ceuta;Mujeres;2016;33,9
18 Ceuta;Mujeres;2015;41,4
18 Ceuta;Mujeres;2014;33,8
18 Ceuta;Mujeres;2013;47,6
18 Ceuta;Mujeres;2012;42,2
18 Ceuta;Mujeres;2011;32,5
18 Ceuta;Mujeres;2010;26
19 Melilla;Ambos sexos;2023;26,1
19 Melilla;Ambos sexos;2022;22,1
19 Melilla;Ambos sexos;2021;21,5
19 Melilla;Ambos sexos;2020;23,1
19 Melilla;Ambos sexos;2019;25,9
19 Melilla;Ambos sexos;2018;27,2
19 Melilla;Ambos sexos;2017;29,5
19 Melilla;Ambos sexos;2016;30,7
19 Melilla;Ambos sexos;2015;35,4
19 Melilla;Ambos sexos;2014;24,4
19 Melilla;Ambos sexos;2013;28,9
19 Melilla;Ambos sexos;2012;23,4
19 Melilla;Ambos sexos;2011;21,3
19 Melilla;Ambos sexos;2010;19,8
19 Melilla;Hombres;2023;26,7
19 Melilla;Hombres;2022;18,2
19 Melilla;Hombres;2021;18
19 Melilla;Hombres;2020;21,3
19 Melilla;Hombres;2019;23
19 Melilla;Hombres;2018;23,3
19 Melilla;Hombres;2017;20,4
19 Melilla;Hombres;2016;28,4
19 Melilla;Hombres;2015;29
19 Melilla;Hombres;2014;22,8
19 Melilla;Hombres;2013;28,5
19 Melilla;Hombres;2012;16,6
19 Melilla;Hombres;2011;19,7
19 Melilla;Hombres;2010;13
19 Melilla;Mujeres;2023;25,4
19 Melilla;Mujeres;2022;26,7
19 Melilla;Mujeres;2021;25,6
19 Melilla;Mujeres;2020;25,3
19 Melilla;Mujeres;2019;30
19 Melilla;Mujeres;2018;32,9
19 Melilla;Mujeres;2017;42,1
19 Melilla;Mujeres;2016;34,2
19 Melilla;Mujeres;2015;43,7
19 Melilla;Mujeres;2014;26,7
19 Melilla;Mujeres;2013;29,4
19 Melilla;Mujeres;2012;34,6
19 Melilla;Mujeres;2011;23,5
19 Melilla;Mujeres;2010;30,8
