Comunidades autónomas,Género,Periodo,salario mediano,Variación Interanual (%)
00 Media Estatal,Ambos sexos,2022,"22.383,11","3,44"
00 Media Estatal,Ambos sexos,2021,"21.638,69","3,43"
00 Media Estatal,Ambos sexos,2020,"20.920,12","2,8"
00 Media Estatal,Ambos sexos,2019,"20.351,02","1,36"
00 Media Estatal,Ambos sexos,2018,"20.078,44","1,25"
00 Media Estatal,Ambos sexos,2017,"19.830,12","2,05"
00 Media Estatal,Ambos sexos,2016,"19.432,62","-0,17"
00 Media Estatal,Ambos sexos,2015,"19.466,49","1,05"
00 Media Estatal,Ambos sexos,2014,"19.263,78","1,23"
00 Media Estatal,Ambos sexos,2013,"19.029,66","-0,06"
00 Media Estatal,Ambos sexos,2012,"19.040,98","-1,36"
00 Media Estatal,Ambos sexos,2011,"19.303,51","1,51"
00 Media Estatal,Ambos sexos,2010,"19.017,09","1,14"
00 Media Estatal,Ambos sexos,2009,"18.803,28","3,06"
00 Media Estatal,Ambos sexos,2008,"18.244,40",
00 Media Estatal,Mujeres,2022,"20.045,68","4,61"
00 Media Estatal,Mujeres,2021,"19.162,47","3,26"
00 Media Estatal,Mujeres,2020,"18.556,68","3,31"
00 Media Estatal,Mujeres,2019,"17.961,93","2,83"
00 Media Estatal,Mujeres,2018,"17.467,43","1,47"
00 Media Estatal,Mujeres,2017,"17.214,60","2,28"
00 Media Estatal,Mujeres,2016,"16.831,58","0,04"
00 Media Estatal,Mujeres,2015,"16.825,11","0,32"
00 Media Estatal,Mujeres,2014,"16.771,32","1,94"
00 Media Estatal,Mujeres,2013,"16.452,43","-0,44"
00 Media Estatal,Mujeres,2012,"16.524,51","-1,62"
00 Media Estatal,Mujeres,2011,"16.796,41","1,57"
00 Media Estatal,Mujeres,2010,"16.536,10","0,63"
00 Media Estatal,Mujeres,2009,"16.433,14","3,44"
00 Media Estatal,Mujeres,2008,"15.886,02",
00 Media Estatal,Hombres,2022,"24.238,23","3,18"
00 Media Estatal,Hombres,2021,"23.490,62","3,15"
00 Media Estatal,Hombres,2020,"22.774,10","1,82"
00 Media Estatal,Hombres,2019,"22.368,07","0,57"
00 Media Estatal,Hombres,2018,"22.241,88","1,24"
00 Media Estatal,Hombres,2017,"21.970,34","1,59"
00 Media Estatal,Hombres,2016,"21.626,00","-0,53"
00 Media Estatal,Hombres,2015,"21.740,88","0,99"
00 Media Estatal,Hombres,2014,"21.528,50","0,74"
00 Media Estatal,Hombres,2013,"21.371,13","-0,25"
00 Media Estatal,Hombres,2012,"21.425,14","-0,29"
00 Media Estatal,Hombres,2011,"21.487,99","1,33"
00 Media Estatal,Hombres,2010,"21.206,99","2,3"
00 Media Estatal,Hombres,2009,"20.730,71","3,36"
00 Media Estatal,Hombres,2008,"20.057,56",
01 Andalucía,Ambos sexos,2022,"19.883,60","1,85"
01 Andalucía,Ambos sexos,2021,"19.522,21","4,03"
01 Andalucía,Ambos sexos,2020,"18.766,66","0,51"
01 Andalucía,Ambos sexos,2019,"18.671,83","1,94"
01 Andalucía,Ambos sexos,2018,"18.317,19","0,36"
01 Andalucía,Ambos sexos,2017,"18.251,94","1,11"
01 Andalucía,Ambos sexos,2016,"18.051,91","-0,28"
01 Andalucía,Ambos sexos,2015,"18.101,70","0,38"
01 Andalucía,Ambos sexos,2014,"18.034,03","1,76"
01 Andalucía,Ambos sexos,2013,"17.722,42","-1,05"
01 Andalucía,Ambos sexos,2012,"17.910,11","-1,56"
01 Andalucía,Ambos sexos,2011,"18.193,56","3,57"
01 Andalucía,Ambos sexos,2010,"17.565,81","-1,68"
01 Andalucía,Ambos sexos,2009,"17.866,08","2,84"
01 Andalucía,Ambos sexos,2008,"17.371,95",
01 Andalucía,Mujeres,2022,"17.692,39","7,12"
01 Andalucía,Mujeres,2021,"16.516,76","4,91"
01 Andalucía,Mujeres,2020,"15.743,42","-1,46"
01 Andalucía,Mujeres,2019,"15.977,45","3,8"
01 Andalucía,Mujeres,2018,"15.392,05","0,16"
01 Andalucía,Mujeres,2017,"15.368,02","1,08"
01 Andalucía,Mujeres,2016,"15.203,96","-0,6"
01 Andalucía,Mujeres,2015,"15.295,34","1,67"
01 Andalucía,Mujeres,2014,"15.044,26","0,1"
01 Andalucía,Mujeres,2013,"15.029,15","-2,91"
01 Andalucía,Mujeres,2012,"15.480,07","-0,63"
01 Andalucía,Mujeres,2011,"15.578,41","4,94"
01 Andalucía,Mujeres,2010,"14.845,01","-7,01"
01 Andalucía,Mujeres,2009,"15.963,82","5,46"
01 Andalucía,Mujeres,2008,"15.137,40",
01 Andalucía,Hombres,2022,"21.378,14","1,81"
01 Andalucía,Hombres,2021,"20.997,73","2,46"
01 Andalucía,Hombres,2020,"20.492,93","0,29"
01 Andalucía,Hombres,2019,"20.433,90","-0,29"
01 Andalucía,Hombres,2018,"20.492,37","0,4"
01 Andalucía,Hombres,2017,"20.410,32","1,2"
01 Andalucía,Hombres,2016,"20.168,27","0,29"
01 Andalucía,Hombres,2015,"20.109,36","1,69"
01 Andalucía,Hombres,2014,"19.774,52","0,12"
01 Andalucía,Hombres,2013,"19.750,02","0,08"
01 Andalucía,Hombres,2012,"19.733,29","-0,2"
01 Andalucía,Hombres,2011,"19.772,01","2,29"
01 Andalucía,Hombres,2010,"19.328,83","1,06"
01 Andalucía,Hombres,2009,"19.125,41","3,3"
01 Andalucía,Hombres,2008,"18.513,57",
02 Aragón,Ambos sexos,2022,"22.734,18","2,31"
02 Aragón,Ambos sexos,2021,"22.220,28","4,78"
02 Aragón,Ambos sexos,2020,"21.207,60","2,93"
02 Aragón,Ambos sexos,2019,"20.604,72","-1,22"
02 Aragón,Ambos sexos,2018,"20.859,78","3,27"
02 Aragón,Ambos sexos,2017,"20.198,39","4,02"
02 Aragón,Ambos sexos,2016,"19.417,81","-0,88"
02 Aragón,Ambos sexos,2015,"19.589,29","0,25"
02 Aragón,Ambos sexos,2014,"19.539,86","2,33"
02 Aragón,Ambos sexos,2013,"19.094,86",0
02 Aragón,Ambos sexos,2012,"19.094,81","-2,81"
02 Aragón,Ambos sexos,2011,"19.646,75","0,48"
02 Aragón,Ambos sexos,2010,"19.552,41","0,72"
02 Aragón,Ambos sexos,2009,"19.413,22","1,72"
02 Aragón,Ambos sexos,2008,"19.084,91",
02 Aragón,Mujeres,2022,"19.654,84","2,6"
02 Aragón,Mujeres,2021,"19.156,20","1,92"
02 Aragón,Mujeres,2020,"18.795,58","6,79"
02 Aragón,Mujeres,2019,"17.600,08","1,46"
02 Aragón,Mujeres,2018,"17.347,52","3,18"
02 Aragón,Mujeres,2017,"16.812,83","2,44"
02 Aragón,Mujeres,2016,"16.411,68","0,54"
02 Aragón,Mujeres,2015,"16.324,07","-2,2"
02 Aragón,Mujeres,2014,"16.691,51","3,29"
02 Aragón,Mujeres,2013,"16.160,06","2,71"
02 Aragón,Mujeres,2012,"15.734,04","-2,91"
02 Aragón,Mujeres,2011,"16.206,05","-1,26"
02 Aragón,Mujeres,2010,"16.412,07","3,36"
02 Aragón,Mujeres,2009,"15.878,02","1,73"
02 Aragón,Mujeres,2008,"15.608,17",
02 Aragón,Hombres,2022,"25.401,80","4,35"
02 Aragón,Hombres,2021,"24.341,89","5,57"
02 Aragón,Hombres,2020,"23.057,14","-0,53"
02 Aragón,Hombres,2019,"23.180,28","-0,54"
02 Aragón,Hombres,2018,"23.305,59","2,26"
02 Aragón,Hombres,2017,"22.790,36","1,83"
02 Aragón,Hombres,2016,"22.380,02","-0,32"
02 Aragón,Hombres,2015,"22.452,41","0,39"
02 Aragón,Hombres,2014,"22.364,62","0,4"
02 Aragón,Hombres,2013,"22.275,40","0,2"
02 Aragón,Hombres,2012,"22.231,84","-1,38"
02 Aragón,Hombres,2011,"22.542,61","1,87"
02 Aragón,Hombres,2010,"22.129,41","0,64"
02 Aragón,Hombres,2009,"21.989,38","2,03"
02 Aragón,Hombres,2008,"21.551,60",
03 Principado de Asturias,Ambos sexos,2022,"23.001,52","4,67"
03 Principado de Asturias,Ambos sexos,2021,"21.975,31","3,02"
03 Principado de Asturias,Ambos sexos,2020,"21.331,73","-1,05"
03 Principado de Asturias,Ambos sexos,2019,"21.559,07","3,2"
03 Principado de Asturias,Ambos sexos,2018,"20.890,13","3,55"
03 Principado de Asturias,Ambos sexos,2017,"20.174,85","0,47"
03 Principado de Asturias,Ambos sexos,2016,"20.081,25","0,61"
03 Principado de Asturias,Ambos sexos,2015,"19.959,74","3,89"
03 Principado de Asturias,Ambos sexos,2014,"19.212,77","0,82"
03 Principado de Asturias,Ambos sexos,2013,"19.057,38","1,45"
03 Principado de Asturias,Ambos sexos,2012,"18.784,70","-2,55"
03 Principado de Asturias,Ambos sexos,2011,"19.276,74","1,16"
03 Principado de Asturias,Ambos sexos,2010,"19.055,80","-0,76"
03 Principado de Asturias,Ambos sexos,2009,"19.202,33","2,7"
03 Principado de Asturias,Ambos sexos,2008,"18.697,53",
03 Principado de Asturias,Mujeres,2022,"19.071,38","6,67"
03 Principado de Asturias,Mujeres,2021,"17.878,32","2,81"
03 Principado de Asturias,Mujeres,2020,"17.389,89","0,66"
03 Principado de Asturias,Mujeres,2019,"17.275,56","3,24"
03 Principado de Asturias,Mujeres,2018,"16.734,00","5,94"
03 Principado de Asturias,Mujeres,2017,"15.795,60","-0,74"
03 Principado de Asturias,Mujeres,2016,"15.912,63","2,04"
03 Principado de Asturias,Mujeres,2015,"15.594,05","-2,26"
03 Principado de Asturias,Mujeres,2014,"15.954,87","3,39"
03 Principado de Asturias,Mujeres,2013,"15.431,98","-0,28"
03 Principado de Asturias,Mujeres,2012,"15.474,56","-0,03"
03 Principado de Asturias,Mujeres,2011,"15.478,73","0,76"
03 Principado de Asturias,Mujeres,2010,"15.362,12","-3,12"
03 Principado de Asturias,Mujeres,2009,"15.857,50","2,84"
03 Principado de Asturias,Mujeres,2008,"15.419,78",
03 Principado de Asturias,Hombres,2022,"25.922,38","4,35"
03 Principado de Asturias,Hombres,2021,"24.842,33","0,68"
03 Principado de Asturias,Hombres,2020,"24.674,08","0,42"
03 Principado de Asturias,Hombres,2019,"24.572,07",1
03 Principado de Asturias,Hombres,2018,"24.328,16","1,24"
03 Principado de Asturias,Hombres,2017,"24.030,46","2,53"
03 Principado de Asturias,Hombres,2016,"23.437,86","0,81"
03 Principado de Asturias,Hombres,2015,"23.248,86","3,63"
03 Principado de Asturias,Hombres,2014,"22.433,47","0,23"
03 Principado de Asturias,Hombres,2013,"22.383,08","2,99"
03 Principado de Asturias,Hombres,2012,"21.732,37","-1,35"
03 Principado de Asturias,Hombres,2011,"22.029,51","0,91"
03 Principado de Asturias,Hombres,2010,"21.831,09","2,03"
03 Principado de Asturias,Hombres,2009,"21.397,37","1,06"
03 Principado de Asturias,Hombres,2008,"21.173,29",
04 Islas Baleares,Ambos sexos,2022,"23.134,21","11,02"
04 Islas Baleares,Ambos sexos,2021,"20.837,19","2,94"
04 Islas Baleares,Ambos sexos,2020,"20.241,15","-0,18"
04 Islas Baleares,Ambos sexos,2019,"20.276,91","0,77"
04 Islas Baleares,Ambos sexos,2018,"20.121,18","4,45"
04 Islas Baleares,Ambos sexos,2017,"19.264,02","2,21"
04 Islas Baleares,Ambos sexos,2016,"18.847,22","1,27"
04 Islas Baleares,Ambos sexos,2015,"18.610,00","-0,56"
04 Islas Baleares,Ambos sexos,2014,"18.714,35","3,79"
04 Islas Baleares,Ambos sexos,2013,"18.030,53","-0,32"
04 Islas Baleares,Ambos sexos,2012,"18.088,52","-1,71"
04 Islas Baleares,Ambos sexos,2011,"18.403,17","-0,02"
04 Islas Baleares,Ambos sexos,2010,"18.406,42","6,86"
04 Islas Baleares,Ambos sexos,2009,"17.224,24","2,44"
04 Islas Baleares,Ambos sexos,2008,"16.813,32",
04 Islas Baleares,Mujeres,2022,"22.399,92","13,4"
04 Islas Baleares,Mujeres,2021,"19.752,60","6,28"
04 Islas Baleares,Mujeres,2020,"18.585,29","-3,65"
04 Islas Baleares,Mujeres,2019,"19.288,65","2,97"
04 Islas Baleares,Mujeres,2018,"18.732,27","3,42"
04 Islas Baleares,Mujeres,2017,"18.113,66","3,02"
04 Islas Baleares,Mujeres,2016,"17.582,01","1,22"
04 Islas Baleares,Mujeres,2015,"17.370,54","1,39"
04 Islas Baleares,Mujeres,2014,"17.133,18","1,45"
04 Islas Baleares,Mujeres,2013,"16.887,80","-0,66"
04 Islas Baleares,Mujeres,2012,"16.999,82","-2,07"
04 Islas Baleares,Mujeres,2011,"17.358,36","0,68"
04 Islas Baleares,Mujeres,2010,"17.240,49","8,5"
04 Islas Baleares,Mujeres,2009,"15.889,99","3,28"
04 Islas Baleares,Mujeres,2008,"15.385,11",
04 Islas Baleares,Hombres,2022,"23.410,51","6,67"
04 Islas Baleares,Hombres,2021,"21.946,42","1,49"
04 Islas Baleares,Hombres,2020,"21.624,74","1,39"
04 Islas Baleares,Hombres,2019,"21.327,78","0,08"
04 Islas Baleares,Hombres,2018,"21.311,13","5,22"
04 Islas Baleares,Hombres,2017,"20.252,93","0,73"
04 Islas Baleares,Hombres,2016,"20.106,69","0,56"
04 Islas Baleares,Hombres,2015,"19.994,15","-1,65"
04 Islas Baleares,Hombres,2014,"20.330,19","5,37"
04 Islas Baleares,Hombres,2013,"19.295,00","-1,1"
04 Islas Baleares,Hombres,2012,"19.510,20","-2,06"
04 Islas Baleares,Hombres,2011,"19.921,20","1,59"
04 Islas Baleares,Hombres,2010,"19.609,49","3,92"
04 Islas Baleares,Hombres,2009,"18.869,73","3,68"
04 Islas Baleares,Hombres,2008,"18.199,91",
05 Canarias,Ambos sexos,2022,"19.214,15","5,69"
05 Canarias,Ambos sexos,2021,"18.179,70","2,7"
05 Canarias,Ambos sexos,2020,"17.702,02","1,86"
05 Canarias,Ambos sexos,2019,"17.379,17","-0,2"
05 Canarias,Ambos sexos,2018,"17.413,53","1,1"
05 Canarias,Ambos sexos,2017,"17.223,25","2,31"
05 Canarias,Ambos sexos,2016,"16.833,69","-1,12"
05 Canarias,Ambos sexos,2015,"17.025,12","3,12"
05 Canarias,Ambos sexos,2014,"16.509,48","0,63"
05 Canarias,Ambos sexos,2013,"16.405,41","-1,08"
05 Canarias,Ambos sexos,2012,"16.584,60","0,59"
05 Canarias,Ambos sexos,2011,"16.487,68","3,71"
05 Canarias,Ambos sexos,2010,"15.897,41","-2,05"
05 Canarias,Ambos sexos,2009,"16.229,38","3,21"
05 Canarias,Ambos sexos,2008,"15.725,28",
05 Canarias,Mujeres,2022,"18.575,12","8,29"
05 Canarias,Mujeres,2021,"17.152,56","0,34"
05 Canarias,Mujeres,2020,"17.094,27","4,66"
05 Canarias,Mujeres,2019,"16.333,36","1,46"
05 Canarias,Mujeres,2018,"16.098,78","-1,5"
05 Canarias,Mujeres,2017,"16.343,72","3,57"
05 Canarias,Mujeres,2016,"15.780,72","2,54"
05 Canarias,Mujeres,2015,"15.389,18","0,22"
05 Canarias,Mujeres,2014,"15.355,31","3,34"
05 Canarias,Mujeres,2013,"14.859,15","1,22"
05 Canarias,Mujeres,2012,"14.680,25","-1,41"
05 Canarias,Mujeres,2011,"14.889,88","3,61"
05 Canarias,Mujeres,2010,"14.370,70","-5,08"
05 Canarias,Mujeres,2009,"15.139,91","3,54"
05 Canarias,Mujeres,2008,"14.621,63",
05 Canarias,Hombres,2022,"19.702,75","5,48"
05 Canarias,Hombres,2021,"18.679,87","2,74"
05 Canarias,Hombres,2020,"18.181,65","-0,32"
05 Canarias,Hombres,2019,"18.239,21","-0,37"
05 Canarias,Hombres,2018,"18.307,59","2,99"
05 Canarias,Hombres,2017,"17.776,74","0,23"
05 Canarias,Hombres,2016,"17.736,72","-1,69"
05 Canarias,Hombres,2015,"18.042,41","4,57"
05 Canarias,Hombres,2014,"17.254,37","-1,98"
05 Canarias,Hombres,2013,"17.603,76","-1,88"
05 Canarias,Hombres,2012,"17.941,68","0,93"
05 Canarias,Hombres,2011,"17.775,63","4,65"
05 Canarias,Hombres,2010,"16.986,20","0,22"
05 Canarias,Hombres,2009,"16.949,10","3,92"
05 Canarias,Hombres,2008,"16.310,40",
06 Cantabria,Ambos sexos,2022,"21.645,24","3,71"
06 Cantabria,Ambos sexos,2021,"20.871,86","3,91"
06 Cantabria,Ambos sexos,2020,"20.086,04","-0,14"
06 Cantabria,Ambos sexos,2019,"20.114,15","6,36"
06 Cantabria,Ambos sexos,2018,"18.910,81","-0,95"
06 Cantabria,Ambos sexos,2017,"19.092,46","2,7"
06 Cantabria,Ambos sexos,2016,"18.590,39","-1,44"
06 Cantabria,Ambos sexos,2015,"18.861,30","1,87"
06 Cantabria,Ambos sexos,2014,"18.514,74","5,01"
06 Cantabria,Ambos sexos,2013,"17.632,21","2,01"
06 Cantabria,Ambos sexos,2012,"17.284,05","-4,1"
06 Cantabria,Ambos sexos,2011,"18.023,05","-0,27"
06 Cantabria,Ambos sexos,2010,"18.071,76","0,39"
06 Cantabria,Ambos sexos,2009,"18.002,19","2,14"
06 Cantabria,Ambos sexos,2008,"17.624,84",
06 Cantabria,Mujeres,2022,"18.557,96","2,89"
06 Cantabria,Mujeres,2021,"18.036,06","4,33"
06 Cantabria,Mujeres,2020,"17.287,20","0,05"
06 Cantabria,Mujeres,2019,"17.278,21","6,9"
06 Cantabria,Mujeres,2018,"16.163,33","1,03"
06 Cantabria,Mujeres,2017,"15.998,06","3,79"
06 Cantabria,Mujeres,2016,"15.414,19","-0,27"
06 Cantabria,Mujeres,2015,"15.456,00","2,63"
06 Cantabria,Mujeres,2014,"15.060,50","3,33"
06 Cantabria,Mujeres,2013,"14.575,17","0,87"
06 Cantabria,Mujeres,2012,"14.449,44","-3,11"
06 Cantabria,Mujeres,2011,"14.912,60","0,67"
06 Cantabria,Mujeres,2010,"14.813,15","2,76"
06 Cantabria,Mujeres,2009,"14.415,90","-4,08"
06 Cantabria,Mujeres,2008,"15.029,34",
06 Cantabria,Hombres,2022,"23.748,57","3,26"
06 Cantabria,Hombres,2021,"22.998,26","5,95"
06 Cantabria,Hombres,2020,"21.706,80","0,45"
06 Cantabria,Hombres,2019,"21.609,68","0,77"
06 Cantabria,Hombres,2018,"21.445,24","0,58"
06 Cantabria,Hombres,2017,"21.322,62","3,04"
06 Cantabria,Hombres,2016,"20.692,84","-3,61"
06 Cantabria,Hombres,2015,"21.468,08","2,15"
06 Cantabria,Hombres,2014,"21.015,31","5,07"
06 Cantabria,Hombres,2013,"20.001,84","1,61"
06 Cantabria,Hombres,2012,"19.685,54","-3,12"
06 Cantabria,Hombres,2011,"20.318,96","-0,84"
06 Cantabria,Hombres,2010,"20.491,20","1,77"
06 Cantabria,Hombres,2009,"20.134,47","3,78"
06 Cantabria,Hombres,2008,"19.401,56",
07 Castilla y León,Ambos sexos,2022,"20.677,50","1,64"
07 Castilla y León,Ambos sexos,2021,"20.343,86","3,2"
07 Castilla y León,Ambos sexos,2020,"19.713,12","2,93"
07 Castilla y León,Ambos sexos,2019,"19.152,61","0,5"
07 Castilla y León,Ambos sexos,2018,"19.057,88","2,06"
07 Castilla y León,Ambos sexos,2017,"18.672,47","0,42"
07 Castilla y León,Ambos sexos,2016,"18.594,84","1,16"
07 Castilla y León,Ambos sexos,2015,"18.381,52","3,92"
07 Castilla y León,Ambos sexos,2014,"17.687,69","0,74"
07 Castilla y León,Ambos sexos,2013,"17.557,96","0,53"
07 Castilla y León,Ambos sexos,2012,"17.465,56","-2,81"
07 Castilla y León,Ambos sexos,2011,"17.971,26","1,71"
07 Castilla y León,Ambos sexos,2010,"17.669,77","0,53"
07 Castilla y León,Ambos sexos,2009,"17.577,20","1,91"
07 Castilla y León,Ambos sexos,2008,"17.246,99",
07 Castilla y León,Mujeres,2022,"18.166,97","3,93"
07 Castilla y León,Mujeres,2021,"17.479,26","2,82"
07 Castilla y León,Mujeres,2020,"17.000,04","3,96"
07 Castilla y León,Mujeres,2019,"16.352,32","-2,02"
07 Castilla y León,Mujeres,2018,"16.689,49","4,4"
07 Castilla y León,Mujeres,2017,"15.985,41","0,43"
07 Castilla y León,Mujeres,2016,"15.916,57","0,7"
07 Castilla y León,Mujeres,2015,"15.806,28","3,51"
07 Castilla y León,Mujeres,2014,"15.269,56","1,2"
07 Castilla y León,Mujeres,2013,"15.087,95","-1,23"
07 Castilla y León,Mujeres,2012,"15.275,45","-3,35"
07 Castilla y León,Mujeres,2011,"15.805,06","4,65"
07 Castilla y León,Mujeres,2010,"15.103,16","-1,35"
07 Castilla y León,Mujeres,2009,"15.309,12","3,32"
07 Castilla y León,Mujeres,2008,"14.817,65",
07 Castilla y León,Hombres,2022,"22.712,40","1,05"
07 Castilla y León,Hombres,2021,"22.476,57","4,75"
07 Castilla y León,Hombres,2020,"21.457,67","1,97"
07 Castilla y León,Hombres,2019,"21.042,97","0,41"
07 Castilla y León,Hombres,2018,"20.956,83","-0,97"
07 Castilla y León,Hombres,2017,"21.162,75","2,75"
07 Castilla y León,Hombres,2016,"20.596,75","0,23"
07 Castilla y León,Hombres,2015,"20.548,94","5,49"
07 Castilla y León,Hombres,2014,"19.479,68","-1,98"
07 Castilla y León,Hombres,2013,"19.873,03","0,98"
07 Castilla y León,Hombres,2012,"19.680,54","-1,06"
07 Castilla y León,Hombres,2011,"19.891,88","1,73"
07 Castilla y León,Hombres,2010,"19.553,56","2,2"
07 Castilla y León,Hombres,2009,"19.133,17","2,52"
07 Castilla y León,Hombres,2008,"18.663,75",
08 Castilla-La Mancha,Ambos sexos,2022,"20.477,58","4,1"
08 Castilla-La Mancha,Ambos sexos,2021,"19.671,51","3,56"
08 Castilla-La Mancha,Ambos sexos,2020,"18.995,00","2,02"
08 Castilla-La Mancha,Ambos sexos,2019,"18.618,90","0,46"
08 Castilla-La Mancha,Ambos sexos,2018,"18.533,67","4,5"
08 Castilla-La Mancha,Ambos sexos,2017,"17.735,19","-0,78"
08 Castilla-La Mancha,Ambos sexos,2016,"17.874,62","0,75"
08 Castilla-La Mancha,Ambos sexos,2015,"17.741,88","-0,96"
08 Castilla-La Mancha,Ambos sexos,2014,"17.912,98","2,69"
08 Castilla-La Mancha,Ambos sexos,2013,"17.443,75","0,83"
08 Castilla-La Mancha,Ambos sexos,2012,"17.300,72","-3,08"
08 Castilla-La Mancha,Ambos sexos,2011,"17.850,54","2,71"
08 Castilla-La Mancha,Ambos sexos,2010,"17.378,84","1,81"
08 Castilla-La Mancha,Ambos sexos,2009,"17.069,99","2,95"
08 Castilla-La Mancha,Ambos sexos,2008,"16.581,33",
08 Castilla-La Mancha,Mujeres,2022,"17.887,13","1,75"
08 Castilla-La Mancha,Mujeres,2021,"17.580,04","3,18"
08 Castilla-La Mancha,Mujeres,2020,"17.037,62","2,92"
08 Castilla-La Mancha,Mujeres,2019,"16.554,60","5,1"
08 Castilla-La Mancha,Mujeres,2018,"15.751,20","4,1"
08 Castilla-La Mancha,Mujeres,2017,"15.130,60","-3,45"
08 Castilla-La Mancha,Mujeres,2016,"15.670,87","0,67"
08 Castilla-La Mancha,Mujeres,2015,"15.566,10","-1,86"
08 Castilla-La Mancha,Mujeres,2014,"15.860,40","4,3"
08 Castilla-La Mancha,Mujeres,2013,"15.206,58","1,67"
08 Castilla-La Mancha,Mujeres,2012,"14.956,86","-7,06"
08 Castilla-La Mancha,Mujeres,2011,"16.092,70","6,86"
08 Castilla-La Mancha,Mujeres,2010,"15.059,88","0,02"
08 Castilla-La Mancha,Mujeres,2009,"15.057,50","1,14"
08 Castilla-La Mancha,Mujeres,2008,"14.887,81",
08 Castilla-La Mancha,Hombres,2022,"22.001,93","4,92"
08 Castilla-La Mancha,Hombres,2021,"20.970,07","4,59"
08 Castilla-La Mancha,Hombres,2020,"20.048,87","1,47"
08 Castilla-La Mancha,Hombres,2019,"19.757,49","-1,42"
08 Castilla-La Mancha,Hombres,2018,"20.042,00","3,87"
08 Castilla-La Mancha,Hombres,2017,"19.295,42","-0,44"
08 Castilla-La Mancha,Hombres,2016,"19.380,27","0,39"
08 Castilla-La Mancha,Hombres,2015,"19.305,70","0,88"
08 Castilla-La Mancha,Hombres,2014,"19.137,20","-0,33"
08 Castilla-La Mancha,Hombres,2013,"19.200,00","2,23"
08 Castilla-La Mancha,Hombres,2012,"18.780,36","-1,91"
08 Castilla-La Mancha,Hombres,2011,"19.145,12","2,66"
08 Castilla-La Mancha,Hombres,2010,"18.649,80","3,6"
08 Castilla-La Mancha,Hombres,2009,"18.001,50","3,12"
08 Castilla-La Mancha,Hombres,2008,"17.456,35",
09 Cataluña,Ambos sexos,2022,"24.772,36","3,38"
09 Cataluña,Ambos sexos,2021,"23.962,36","3,36"
09 Cataluña,Ambos sexos,2020,"23.184,02","3,87"
09 Cataluña,Ambos sexos,2019,"22.319,40","0,76"
09 Cataluña,Ambos sexos,2018,"22.151,28","1,99"
09 Cataluña,Ambos sexos,2017,"21.719,75","2,51"
09 Cataluña,Ambos sexos,2016,"21.188,49","1,03"
09 Cataluña,Ambos sexos,2015,"20.972,14","1,8"
09 Cataluña,Ambos sexos,2014,"20.601,39","-0,78"
09 Cataluña,Ambos sexos,2013,"20.763,38","-1,09"
09 Cataluña,Ambos sexos,2012,"20.991,85","-1,21"
09 Cataluña,Ambos sexos,2011,"21.249,33","1,91"
09 Cataluña,Ambos sexos,2010,"20.851,50","1,05"
09 Cataluña,Ambos sexos,2009,"20.633,92","3,66"
09 Cataluña,Ambos sexos,2008,"19.904,44",
09 Cataluña,Mujeres,2022,"21.602,76","2,44"
09 Cataluña,Mujeres,2021,"21.087,54","3,44"
09 Cataluña,Mujeres,2020,"20.385,64","3,22"
09 Cataluña,Mujeres,2019,"19.750,00","4,34"
09 Cataluña,Mujeres,2018,"18.929,02","0,33"
09 Cataluña,Mujeres,2017,"18.865,83","2,68"
09 Cataluña,Mujeres,2016,"18.372,96","1,57"
09 Cataluña,Mujeres,2015,"18.088,32","0,69"
09 Cataluña,Mujeres,2014,"17.964,44","0,01"
09 Cataluña,Mujeres,2013,"17.962,12","-0,48"
09 Cataluña,Mujeres,2012,"18.049,47","-0,88"
09 Cataluña,Mujeres,2011,"18.209,10","1,07"
09 Cataluña,Mujeres,2010,"18.016,02","2,19"
09 Cataluña,Mujeres,2009,"17.630,34","4,02"
09 Cataluña,Mujeres,2008,"16.949,36",
09 Cataluña,Hombres,2022,"27.410,44","3,52"
09 Cataluña,Hombres,2021,"26.477,82","3,78"
09 Cataluña,Hombres,2020,"25.514,32","2,98"
09 Cataluña,Hombres,2019,"24.775,69","-0,22"
09 Cataluña,Hombres,2018,"24.831,22","1,46"
09 Cataluña,Hombres,2017,"24.473,89","1,76"
09 Cataluña,Hombres,2016,"24.050,27","1,31"
09 Cataluña,Hombres,2015,"23.738,27","0,1"
09 Cataluña,Hombres,2014,"23.715,30","-0,87"
09 Cataluña,Hombres,2013,"23.922,50","-0,33"
09 Cataluña,Hombres,2012,"24.001,24","-0,38"
09 Cataluña,Hombres,2011,"24.093,65","2,58"
09 Cataluña,Hombres,2010,"23.488,62","1,26"
09 Cataluña,Hombres,2009,"23.196,66","3,2"
09 Cataluña,Hombres,2008,"22.477,59",
10 Comunidad Valenciana,Ambos sexos,2022,"20.768,80","4,67"
10 Comunidad Valenciana,Ambos sexos,2021,"19.842,63","3,84"
10 Comunidad Valenciana,Ambos sexos,2020,"19.108,09","2,46"
10 Comunidad Valenciana,Ambos sexos,2019,"18.650,01","-1,26"
10 Comunidad Valenciana,Ambos sexos,2018,"18.887,40","3,15"
10 Comunidad Valenciana,Ambos sexos,2017,"18.310,86","1,68"
10 Comunidad Valenciana,Ambos sexos,2016,"18.008,49","0,05"
10 Comunidad Valenciana,Ambos sexos,2015,"18.000,00","0,8"
10 Comunidad Valenciana,Ambos sexos,2014,"17.856,70","-0,05"
10 Comunidad Valenciana,Ambos sexos,2013,"17.865,28","-1,16"
10 Comunidad Valenciana,Ambos sexos,2012,"18.074,33","-0,35"
10 Comunidad Valenciana,Ambos sexos,2011,"18.137,57","3,74"
10 Comunidad Valenciana,Ambos sexos,2010,"17.483,64","0,31"
10 Comunidad Valenciana,Ambos sexos,2009,"17.429,24","3,35"
10 Comunidad Valenciana,Ambos sexos,2008,"16.863,72",
10 Comunidad Valenciana,Mujeres,2022,"18.263,90","6,62"
10 Comunidad Valenciana,Mujeres,2021,"17.129,57","3,56"
10 Comunidad Valenciana,Mujeres,2020,"16.540,03","3,94"
10 Comunidad Valenciana,Mujeres,2019,"15.913,39","-2,28"
10 Comunidad Valenciana,Mujeres,2018,"16.283,93","4,03"
10 Comunidad Valenciana,Mujeres,2017,"15.653,28","1,52"
10 Comunidad Valenciana,Mujeres,2016,"15.418,32","0,88"
10 Comunidad Valenciana,Mujeres,2015,"15.283,90","-0,25"
10 Comunidad Valenciana,Mujeres,2014,"15.322,63","-0,12"
10 Comunidad Valenciana,Mujeres,2013,"15.340,30","-1,68"
10 Comunidad Valenciana,Mujeres,2012,"15.602,67","-1,58"
10 Comunidad Valenciana,Mujeres,2011,"15.853,69","3,66"
10 Comunidad Valenciana,Mujeres,2010,"15.293,73","1,94"
10 Comunidad Valenciana,Mujeres,2009,"15.001,98","2,06"
10 Comunidad Valenciana,Mujeres,2008,"14.699,57",
10 Comunidad Valenciana,Hombres,2022,"22.501,65","3,35"
10 Comunidad Valenciana,Hombres,2021,"21.773,13","3,99"
10 Comunidad Valenciana,Hombres,2020,"20.937,16","1,64"
10 Comunidad Valenciana,Hombres,2019,"20.600,02","0,09"
10 Comunidad Valenciana,Hombres,2018,"20.581,98","2,58"
10 Comunidad Valenciana,Hombres,2017,"20.063,80","2,23"
10 Comunidad Valenciana,Hombres,2016,"19.626,45","-1,77"
10 Comunidad Valenciana,Hombres,2015,"19.980,62","-0,47"
10 Comunidad Valenciana,Hombres,2014,"20.074,56","2,1"
10 Comunidad Valenciana,Hombres,2013,"19.661,29","-2,72"
10 Comunidad Valenciana,Hombres,2012,"20.211,14","0,83"
10 Comunidad Valenciana,Hombres,2011,"20.044,29","2,46"
10 Comunidad Valenciana,Hombres,2010,"19.562,83","2,82"
10 Comunidad Valenciana,Hombres,2009,"19.025,75","2,84"
10 Comunidad Valenciana,Hombres,2008,"18.500,25",
11 Extremadura,Ambos sexos,2022,"18.859,71","3,93"
11 Extremadura,Ambos sexos,2021,"18.146,41","3,74"
11 Extremadura,Ambos sexos,2020,"17.492,05","2,23"
11 Extremadura,Ambos sexos,2019,"17.110,33","-0,87"
11 Extremadura,Ambos sexos,2018,"17.259,71","0,54"
11 Extremadura,Ambos sexos,2017,"17.166,32","2,79"
11 Extremadura,Ambos sexos,2016,"16.700,25","-0,81"
11 Extremadura,Ambos sexos,2015,"16.836,63",3
11 Extremadura,Ambos sexos,2014,"16.345,61","-1,75"
11 Extremadura,Ambos sexos,2013,"16.635,96","-0,05"
11 Extremadura,Ambos sexos,2012,"16.644,58","-0,96"
11 Extremadura,Ambos sexos,2011,"16.805,45","4,24"
11 Extremadura,Ambos sexos,2010,"16.122,46","-1,09"
11 Extremadura,Ambos sexos,2009,"16.300,34","4,97"
11 Extremadura,Ambos sexos,2008,"15.528,87",
11 Extremadura,Mujeres,2022,"17.367,87","8,49"
11 Extremadura,Mujeres,2021,"16.008,34","3,54"
11 Extremadura,Mujeres,2020,"15.460,28","4,88"
11 Extremadura,Mujeres,2019,"14.741,57","-2,47"
11 Extremadura,Mujeres,2018,"15.114,77","0,77"
11 Extremadura,Mujeres,2017,"14.998,80","1,95"
11 Extremadura,Mujeres,2016,"14.711,69","0,75"
11 Extremadura,Mujeres,2015,"14.602,48","-0,85"
11 Extremadura,Mujeres,2014,"14.727,85","2,44"
11 Extremadura,Mujeres,2013,"14.377,08","-2,58"
11 Extremadura,Mujeres,2012,"14.758,54","-2,99"
11 Extremadura,Mujeres,2011,"15.212,82","6,13"
11 Extremadura,Mujeres,2010,"14.334,72","-5,09"
11 Extremadura,Mujeres,2009,"15.103,10","6,23"
11 Extremadura,Mujeres,2008,"14.217,78",
11 Extremadura,Hombres,2022,"19.447,99","3,12"
11 Extremadura,Hombres,2021,"18.859,72","2,32"
11 Extremadura,Hombres,2020,"18.431,63","0,35"
11 Extremadura,Hombres,2019,"18.367,82","-1,14"
11 Extremadura,Hombres,2018,"18.579,73","1,16"
11 Extremadura,Hombres,2017,"18.366,85","2,2"
11 Extremadura,Hombres,2016,"17.972,00","-0,98"
11 Extremadura,Hombres,2015,"18.150,31","4,69"
11 Extremadura,Hombres,2014,"17.337,46","-1,81"
11 Extremadura,Hombres,2013,"17.656,86","1,03"
11 Extremadura,Hombres,2012,"17.477,31","-0,74"
11 Extremadura,Hombres,2011,"17.606,86","4,45"
11 Extremadura,Hombres,2010,"16.856,46","0,87"
11 Extremadura,Hombres,2009,"16.710,36","4,16"
11 Extremadura,Hombres,2008,"16.043,70",
12 Galicia,Ambos sexos,2022,"20.497,55","3,1"
12 Galicia,Ambos sexos,2021,"19.880,64","2,53"
12 Galicia,Ambos sexos,2020,"19.389,46","3,06"
12 Galicia,Ambos sexos,2019,"18.813,49","1,15"
12 Galicia,Ambos sexos,2018,"18.600,00","0,38"
12 Galicia,Ambos sexos,2017,"18.529,26","2,11"
12 Galicia,Ambos sexos,2016,"18.146,24","3,1"
12 Galicia,Ambos sexos,2015,"17.599,99","1,27"
12 Galicia,Ambos sexos,2014,"17.379,48","1,12"
12 Galicia,Ambos sexos,2013,"17.187,12","3,33"
12 Galicia,Ambos sexos,2012,"16.632,45","-1,43"
12 Galicia,Ambos sexos,2011,"16.873,88","-1,99"
12 Galicia,Ambos sexos,2010,"17.216,32","3,91"
12 Galicia,Ambos sexos,2009,"16.569,15","2,59"
12 Galicia,Ambos sexos,2008,"16.150,71",
12 Galicia,Mujeres,2022,"18.165,51","6,78"
12 Galicia,Mujeres,2021,"17.012,05","1,47"
12 Galicia,Mujeres,2020,"16.765,20","2,15"
12 Galicia,Mujeres,2019,"16.412,28","1,65"
12 Galicia,Mujeres,2018,"16.146,14","1,1"
12 Galicia,Mujeres,2017,"15.970,06","2,75"
12 Galicia,Mujeres,2016,"15.542,62","0,73"
12 Galicia,Mujeres,2015,"15.430,38","1,98"
12 Galicia,Mujeres,2014,"15.130,99","0,84"
12 Galicia,Mujeres,2013,"15.005,56","2,57"
12 Galicia,Mujeres,2012,"14.629,68","-1,33"
12 Galicia,Mujeres,2011,"14.826,52","-1,11"
12 Galicia,Mujeres,2010,"14.992,42","2,65"
12 Galicia,Mujeres,2009,"14.605,25","5,38"
12 Galicia,Mujeres,2008,"13.859,44",
12 Galicia,Hombres,2022,"22.994,16","7,62"
12 Galicia,Hombres,2021,"21.367,00","1,53"
12 Galicia,Hombres,2020,"21.045,87","0,95"
12 Galicia,Hombres,2019,"20.847,81","2,41"
12 Galicia,Hombres,2018,"20.357,74","-1,73"
12 Galicia,Hombres,2017,"20.715,71","2,53"
12 Galicia,Hombres,2016,"20.204,71","2,84"
12 Galicia,Hombres,2015,"19.646,20","3,08"
12 Galicia,Hombres,2014,"19.060,07","-0,11"
12 Galicia,Hombres,2013,"19.081,44","4,51"
12 Galicia,Hombres,2012,"18.257,96","0,03"
12 Galicia,Hombres,2011,"18.251,71","-1,74"
12 Galicia,Hombres,2010,"18.574,49","4,8"
12 Galicia,Hombres,2009,"17.724,17","2,73"
12 Galicia,Hombres,2008,"17.253,93",
13 Comunidad de Madrid,Ambos sexos,2022,"25.203,47","4,62"
13 Comunidad de Madrid,Ambos sexos,2021,"24.090,61","3,7"
13 Comunidad de Madrid,Ambos sexos,2020,"23.231,04","4,35"
13 Comunidad de Madrid,Ambos sexos,2019,"22.262,74","3,65"
13 Comunidad de Madrid,Ambos sexos,2018,"21.477,88","-0,6"
13 Comunidad de Madrid,Ambos sexos,2017,"21.608,08","2,09"
13 Comunidad de Madrid,Ambos sexos,2016,"21.165,00","-0,67"
13 Comunidad de Madrid,Ambos sexos,2015,"21.307,78","-1,26"
13 Comunidad de Madrid,Ambos sexos,2014,"21.579,38","1,44"
13 Comunidad de Madrid,Ambos sexos,2013,"21.273,89","-0,68"
13 Comunidad de Madrid,Ambos sexos,2012,"21.418,48","1,77"
13 Comunidad de Madrid,Ambos sexos,2011,"21.045,69","-1,28"
13 Comunidad de Madrid,Ambos sexos,2010,"21.319,25","2,93"
13 Comunidad de Madrid,Ambos sexos,2009,"20.712,42","2,18"
13 Comunidad de Madrid,Ambos sexos,2008,"20.269,59",
13 Comunidad de Madrid,Mujeres,2022,"22.898,14","4,95"
13 Comunidad de Madrid,Mujeres,2021,"21.818,13","3,54"
13 Comunidad de Madrid,Mujeres,2020,"21.072,14","4,41"
13 Comunidad de Madrid,Mujeres,2019,"20.182,37","5,97"
13 Comunidad de Madrid,Mujeres,2018,"19.044,86","-1,67"
13 Comunidad de Madrid,Mujeres,2017,"19.368,41","2,9"
13 Comunidad de Madrid,Mujeres,2016,"18.823,19","-1,68"
13 Comunidad de Madrid,Mujeres,2015,"19.145,00","0,06"
13 Comunidad de Madrid,Mujeres,2014,"19.133,47","2,94"
13 Comunidad de Madrid,Mujeres,2013,"18.587,64","-0,04"
13 Comunidad de Madrid,Mujeres,2012,"18.595,78","0,8"
13 Comunidad de Madrid,Mujeres,2011,"18.448,38","-1,81"
13 Comunidad de Madrid,Mujeres,2010,"18.788,20","5,28"
13 Comunidad de Madrid,Mujeres,2009,"17.845,57","1,79"
13 Comunidad de Madrid,Mujeres,2008,"17.532,26",
13 Comunidad de Madrid,Hombres,2022,"27.110,00","2,31"
13 Comunidad de Madrid,Hombres,2021,"26.497,78","4,4"
13 Comunidad de Madrid,Hombres,2020,"25.381,84","3,99"
13 Comunidad de Madrid,Hombres,2019,"24.408,73","3,07"
13 Comunidad de Madrid,Hombres,2018,"23.682,67","-0,09"
13 Comunidad de Madrid,Hombres,2017,"23.704,00","1,44"
13 Comunidad de Madrid,Hombres,2016,"23.368,24","-0,47"
13 Comunidad de Madrid,Hombres,2015,"23.478,83","-3,13"
13 Comunidad de Madrid,Hombres,2014,"24.238,32","0,99"
13 Comunidad de Madrid,Hombres,2013,"24.000,06","-0,74"
13 Comunidad de Madrid,Hombres,2012,"24.178,37","1,78"
13 Comunidad de Madrid,Hombres,2011,"23.755,20","0,39"
13 Comunidad de Madrid,Hombres,2010,"23.662,92","0,58"
13 Comunidad de Madrid,Hombres,2009,"23.526,93","3,95"
13 Comunidad de Madrid,Hombres,2008,"22.633,84",
14 Región de Murcia,Ambos sexos,2022,"19.903,52","1,81"
14 Región de Murcia,Ambos sexos,2021,"19.550,44","0,89"
14 Región de Murcia,Ambos sexos,2020,"19.377,52","4,63"
14 Región de Murcia,Ambos sexos,2019,"18.519,90","-0,65"
14 Región de Murcia,Ambos sexos,2018,"18.641,49","3,54"
14 Región de Murcia,Ambos sexos,2017,"18.004,27","2,58"
14 Región de Murcia,Ambos sexos,2016,"17.551,80","-0,67"
14 Región de Murcia,Ambos sexos,2015,"17.669,43","1,2"
14 Región de Murcia,Ambos sexos,2014,"17.459,44","0,33"
14 Región de Murcia,Ambos sexos,2013,"17.401,72","-1,41"
14 Región de Murcia,Ambos sexos,2012,"17.650,50","-0,75"
14 Región de Murcia,Ambos sexos,2011,"17.783,88","1,99"
14 Región de Murcia,Ambos sexos,2010,"17.436,29","1,12"
14 Región de Murcia,Ambos sexos,2009,"17.243,78","5,65"
14 Región de Murcia,Ambos sexos,2008,"16.321,96",
14 Región de Murcia,Mujeres,2022,"16.981,34","4,45"
14 Región de Murcia,Mujeres,2021,"16.257,09","1,01"
14 Región de Murcia,Mujeres,2020,"16.093,74","3,18"
14 Región de Murcia,Mujeres,2019,"15.598,40","0,65"
14 Región de Murcia,Mujeres,2018,"15.498,24","4,69"
14 Región de Murcia,Mujeres,2017,"14.803,44","2,54"
14 Región de Murcia,Mujeres,2016,"14.437,37",1
14 Región de Murcia,Mujeres,2015,"14.294,84","0,18"
14 Región de Murcia,Mujeres,2014,"14.269,14","1,52"
14 Región de Murcia,Mujeres,2013,"14.055,89","-4,91"
14 Región de Murcia,Mujeres,2012,"14.781,92","-3,36"
14 Región de Murcia,Mujeres,2011,"15.296,02","5,04"
14 Región de Murcia,Mujeres,2010,"14.562,50","2,99"
14 Región de Murcia,Mujeres,2009,"14.140,00","3,77"
14 Región de Murcia,Mujeres,2008,"13.626,31",
14 Región de Murcia,Hombres,2022,"21.555,29","1,46"
14 Región de Murcia,Hombres,2021,"21.244,88","0,48"
14 Región de Murcia,Hombres,2020,"21.142,41","4,75"
14 Región de Murcia,Hombres,2019,"20.183,28","0,68"
14 Región de Murcia,Hombres,2018,"20.046,05","0,15"
14 Región de Murcia,Hombres,2017,"20.015,75","2,29"
14 Región de Murcia,Hombres,2016,"19.568,38","0,43"
14 Región de Murcia,Hombres,2015,"19.485,36","0,4"
14 Región de Murcia,Hombres,2014,"19.407,09","-0,12"
14 Región de Murcia,Hombres,2013,"19.430,90","0,9"
14 Región de Murcia,Hombres,2012,"19.258,53","0,54"
14 Región de Murcia,Hombres,2011,"19.155,10","-0,97"
14 Región de Murcia,Hombres,2010,"19.343,50","4,12"
14 Región de Murcia,Hombres,2009,"18.578,36","5,54"
14 Región de Murcia,Hombres,2008,"17.602,94",
15 Comunidad Foral de Navarra,Ambos sexos,2022,"26.334,35","2,84"
15 Comunidad Foral de Navarra,Ambos sexos,2021,"25.606,09","1,56"
15 Comunidad Foral de Navarra,Ambos sexos,2020,"25.211,89","0,94"
15 Comunidad Foral de Navarra,Ambos sexos,2019,"24.978,02","5,83"
15 Comunidad Foral de Navarra,Ambos sexos,2018,"23.602,88","0,65"
15 Comunidad Foral de Navarra,Ambos sexos,2017,"23.450,74","3,86"
15 Comunidad Foral de Navarra,Ambos sexos,2016,"22.578,20","0,69"
15 Comunidad Foral de Navarra,Ambos sexos,2015,"22.423,62","0,74"
15 Comunidad Foral de Navarra,Ambos sexos,2014,"22.258,27","4,2"
15 Comunidad Foral de Navarra,Ambos sexos,2013,"21.360,90","-0,54"
15 Comunidad Foral de Navarra,Ambos sexos,2012,"21.476,76","-4,6"
15 Comunidad Foral de Navarra,Ambos sexos,2011,"22.511,40","4,06"
15 Comunidad Foral de Navarra,Ambos sexos,2010,"21.633,28","0,7"
15 Comunidad Foral de Navarra,Ambos sexos,2009,"21.482,41","0,53"
15 Comunidad Foral de Navarra,Ambos sexos,2008,"21.369,54",
15 Comunidad Foral de Navarra,Mujeres,2022,"23.484,97","4,7"
15 Comunidad Foral de Navarra,Mujeres,2021,"22.431,68","2,61"
15 Comunidad Foral de Navarra,Mujeres,2020,"21.861,92","-0,48"
15 Comunidad Foral de Navarra,Mujeres,2019,"21.967,08","6,99"
15 Comunidad Foral de Navarra,Mujeres,2018,"20.530,96",4
15 Comunidad Foral de Navarra,Mujeres,2017,"19.740,36","3,85"
15 Comunidad Foral de Navarra,Mujeres,2016,"19.009,17","2,21"
15 Comunidad Foral de Navarra,Mujeres,2015,"18.597,38","3,05"
15 Comunidad Foral de Navarra,Mujeres,2014,"18.047,26","2,15"
15 Comunidad Foral de Navarra,Mujeres,2013,"17.667,60","-0,78"
15 Comunidad Foral de Navarra,Mujeres,2012,"17.807,06","-3,64"
15 Comunidad Foral de Navarra,Mujeres,2011,"18.480,46","1,61"
15 Comunidad Foral de Navarra,Mujeres,2010,"18.188,13","1,42"
15 Comunidad Foral de Navarra,Mujeres,2009,"17.933,01","5,03"
15 Comunidad Foral de Navarra,Mujeres,2008,"17.073,42",
15 Comunidad Foral de Navarra,Hombres,2022,"28.806,88","2,33"
15 Comunidad Foral de Navarra,Hombres,2021,"28.151,09","1,4"
15 Comunidad Foral de Navarra,Hombres,2020,"27.762,48","1,74"
15 Comunidad Foral de Navarra,Hombres,2019,"27.288,27","1,65"
15 Comunidad Foral de Navarra,Hombres,2018,"26.845,99","0,19"
15 Comunidad Foral de Navarra,Hombres,2017,"26.794,06","1,79"
15 Comunidad Foral de Navarra,Hombres,2016,"26.322,04","0,7"
15 Comunidad Foral de Navarra,Hombres,2015,"26.137,94","0,92"
15 Comunidad Foral de Navarra,Hombres,2014,"25.900,32","0,65"
15 Comunidad Foral de Navarra,Hombres,2013,"25.734,01","1,31"
15 Comunidad Foral de Navarra,Hombres,2012,"25.401,59","-1,81"
15 Comunidad Foral de Navarra,Hombres,2011,"25.869,34","4,74"
15 Comunidad Foral de Navarra,Hombres,2010,"24.699,19","0,81"
15 Comunidad Foral de Navarra,Hombres,2009,"24.499,72","-1,94"
15 Comunidad Foral de Navarra,Hombres,2008,"24.983,72",
16 País Vasco,Ambos sexos,2022,"28.857,03","3,49"
16 País Vasco,Ambos sexos,2021,"27.884,00","4,09"
16 País Vasco,Ambos sexos,2020,"26.788,95","2,62"
16 País Vasco,Ambos sexos,2019,"26.104,00","2,66"
16 País Vasco,Ambos sexos,2018,"25.427,64","-0,61"
16 País Vasco,Ambos sexos,2017,"25.584,00","2,59"
16 País Vasco,Ambos sexos,2016,"24.939,00","-0,92"
16 País Vasco,Ambos sexos,2015,"25.171,70","-1,68"
16 País Vasco,Ambos sexos,2014,"25.600,93","7,89"
16 País Vasco,Ambos sexos,2013,"23.728,74","-1,02"
16 País Vasco,Ambos sexos,2012,"23.974,14","-0,92"
16 País Vasco,Ambos sexos,2011,"24.197,46","1,67"
16 País Vasco,Ambos sexos,2010,"23.799,14","-0,24"
16 País Vasco,Ambos sexos,2009,"23.855,99","3,08"
16 País Vasco,Ambos sexos,2008,"23.143,68",
16 País Vasco,Mujeres,2022,"24.911,92","2,45"
16 País Vasco,Mujeres,2021,"24.316,65","3,19"
16 País Vasco,Mujeres,2020,"23.566,00","4,75"
16 País Vasco,Mujeres,2019,"22.498,00","7,47"
16 País Vasco,Mujeres,2018,"20.933,65","-1,45"
16 País Vasco,Mujeres,2017,"21.242,12","3,8"
16 País Vasco,Mujeres,2016,"20.464,68","-0,19"
16 País Vasco,Mujeres,2015,"20.504,00",-4
16 País Vasco,Mujeres,2014,"21.358,92","9,1"
16 País Vasco,Mujeres,2013,"19.576,90","-0,32"
16 País Vasco,Mujeres,2012,"19.640,00","-0,34"
16 País Vasco,Mujeres,2011,"19.707,94","1,34"
16 País Vasco,Mujeres,2010,"19.447,42","0,13"
16 País Vasco,Mujeres,2009,"19.422,02","3,45"
16 País Vasco,Mujeres,2008,"18.774,61",
16 País Vasco,Hombres,2022,"31.877,52","3,84"
16 País Vasco,Hombres,2021,"30.698,57","2,82"
16 País Vasco,Hombres,2020,"29.858,00","1,77"
16 País Vasco,Hombres,2019,"29.339,67","1,44"
16 País Vasco,Hombres,2018,"28.922,30","-0,36"
16 País Vasco,Hombres,2017,"29.027,07","2,14"
16 País Vasco,Hombres,2016,"28.419,15","-0,39"
16 País Vasco,Hombres,2015,"28.529,00","-0,94"
16 País Vasco,Hombres,2014,"28.799,94","5,06"
16 País Vasco,Hombres,2013,"27.412,35","-1,74"
16 País Vasco,Hombres,2012,"27.896,60","1,48"
16 País Vasco,Hombres,2011,"27.488,70","1,34"
16 País Vasco,Hombres,2010,"27.126,19","3,26"
16 País Vasco,Hombres,2009,"26.269,99","1,57"
16 País Vasco,Hombres,2008,"25.863,81",
17 La Rioja,Ambos sexos,2022,"22.041,59","5,31"
17 La Rioja,Ambos sexos,2021,"20.930,21","2,44"
17 La Rioja,Ambos sexos,2020,"20.432,36","2,45"
17 La Rioja,Ambos sexos,2019,"19.944,00","-0,26"
17 La Rioja,Ambos sexos,2018,"19.995,84","2,34"
17 La Rioja,Ambos sexos,2017,"19.539,48","0,16"
17 La Rioja,Ambos sexos,2016,"19.507,74","1,94"
17 La Rioja,Ambos sexos,2015,"19.136,19","0,46"
17 La Rioja,Ambos sexos,2014,"19.049,29","7,23"
17 La Rioja,Ambos sexos,2013,"17.764,74","-0,74"
17 La Rioja,Ambos sexos,2012,"17.897,06","-3,86"
17 La Rioja,Ambos sexos,2011,"18.615,48","-0,09"
17 La Rioja,Ambos sexos,2010,"18.632,33","0,37"
17 La Rioja,Ambos sexos,2009,"18.562,90","4,13"
17 La Rioja,Ambos sexos,2008,"17.826,90",
17 La Rioja,Mujeres,2022,"18.613,25","3,66"
17 La Rioja,Mujeres,2021,"17.955,65","5,24"
17 La Rioja,Mujeres,2020,"17.061,71","1,02"
17 La Rioja,Mujeres,2019,"16.888,67","0,57"
17 La Rioja,Mujeres,2018,"16.793,40","2,43"
17 La Rioja,Mujeres,2017,"16.395,19","-1,52"
17 La Rioja,Mujeres,2016,"16.648,52","1,87"
17 La Rioja,Mujeres,2015,"16.342,70","1,29"
17 La Rioja,Mujeres,2014,"16.134,60","5,32"
17 La Rioja,Mujeres,2013,"15.319,33","1,66"
17 La Rioja,Mujeres,2012,"15.069,41","-1,43"
17 La Rioja,Mujeres,2011,"15.288,72","-2,33"
17 La Rioja,Mujeres,2010,"15.653,58","-2,23"
17 La Rioja,Mujeres,2009,"16.011,14","3,63"
17 La Rioja,Mujeres,2008,"15.450,58",
17 La Rioja,Hombres,2022,"24.562,11","6,31"
17 La Rioja,Hombres,2021,"23.104,98","4,04"
17 La Rioja,Hombres,2020,"22.207,08","0,94"
17 La Rioja,Hombres,2019,"22.000,00","-1,49"
17 La Rioja,Hombres,2018,"22.332,89","3,71"
17 La Rioja,Hombres,2017,"21.534,49","0,93"
17 La Rioja,Hombres,2016,"21.335,07","-0,04"
17 La Rioja,Hombres,2015,"21.344,00","0,54"
17 La Rioja,Hombres,2014,"21.230,26","6,75"
17 La Rioja,Hombres,2013,"19.887,99","-1,69"
17 La Rioja,Hombres,2012,"20.229,41","-1,78"
17 La Rioja,Hombres,2011,"20.595,07","0,89"
17 La Rioja,Hombres,2010,"20.413,18","1,97"
17 La Rioja,Hombres,2009,"20.019,66","3,24"
17 La Rioja,Hombres,2008,"19.392,13",
00 Media Estatal,Ambos sexos,2023,"21631,77","-3,36"
00 Media Estatal,Ambos sexos,2024,"21862,38","1,07"
00 Media Estatal,Ambos sexos,2025,"22092,99","1,05"
00 Media Estatal,Mujeres,2023,"19145,46","-4,49"
00 Media Estatal,Mujeres,2024,"19376,43","1,21"
00 Media Estatal,Mujeres,2025,"19607,41","1,19"
00 Media Estatal,Hombres,2023,"23624,62","-2,53"
00 Media Estatal,Hombres,2024,"23842,22","0,92"
00 Media Estatal,Hombres,2025,"24059,81","0,91"
01 Andalucía,Ambos sexos,2023,"19360,18","-2,63"
01 Andalucía,Ambos sexos,2024,"19494,94","0,7"
01 Andalucía,Ambos sexos,2025,"19629,7","0,69"
01 Andalucía,Mujeres,2023,"16413,95","-7,23"
01 Andalucía,Mujeres,2024,"16513,47","0,61"
01 Andalucía,Mujeres,2025,"16612,98","0,6"
01 Andalucía,Hombres,2023,"21281,92","-0,45"
01 Andalucía,Hombres,2024,"21438,15","0,73"
01 Andalucía,Hombres,2025,"21594,39","0,73"
02 Aragón,Ambos sexos,2023,"21918,45","-3,59"
02 Aragón,Ambos sexos,2024,"22139,43","1,01"
02 Aragón,Ambos sexos,2025,"22360,41",1
02 Aragón,Mujeres,2023,"19024,91","-3,2"
02 Aragón,Mujeres,2024,"19279,75","1,34"
02 Aragón,Mujeres,2025,"19534,6","1,32"
02 Aragón,Hombres,2023,"24300,26","-4,34"
02 Aragón,Hombres,2024,"24487,84","0,77"
02 Aragón,Hombres,2025,"24675,42","0,77"
03 Principado de Asturias,Ambos sexos,2023,"22341,99","-2,87"
03 Principado de Asturias,Ambos sexos,2024,"22615,9","1,23"
03 Principado de Asturias,Ambos sexos,2025,"22889,81","1,21"
03 Principado de Asturias,Mujeres,2023,"18008,03","-5,58"
03 Principado de Asturias,Mujeres,2024,"18220,45","1,18"
03 Principado de Asturias,Mujeres,2025,"18432,86","1,17"
03 Principado de Asturias,Hombres,2023,"25784,86","-0,53"
03 Principado de Asturias,Hombres,2024,"26107,66","1,25"
03 Principado de Asturias,Hombres,2025,"26430,46","1,24"
04 Islas Baleares,Ambos sexos,2023,"21742,46","-6,02"
04 Islas Baleares,Ambos sexos,2024,"22068,5","1,5"
04 Islas Baleares,Ambos sexos,2025,"22394,53","1,48"
04 Islas Baleares,Mujeres,2023,"20623,86","-7,93"
04 Islas Baleares,Mujeres,2024,"20962,51","1,64"
04 Islas Baleares,Mujeres,2025,"21301,16","1,62"
04 Islas Baleares,Hombres,2023,"22601,59","-3,46"
04 Islas Baleares,Hombres,2024,"22879,2","1,23"
04 Islas Baleares,Hombres,2025,"23156,82","1,21"
05 Canarias,Ambos sexos,2023,"18506,17","-3,68"
05 Canarias,Ambos sexos,2024,"18696,03","1,03"
05 Canarias,Ambos sexos,2025,"18885,89","1,02"
05 Canarias,Mujeres,2023,"17687,32","-4,78"
05 Canarias,Mujeres,2024,"17925,86","1,35"
05 Canarias,Mujeres,2025,"18164,41","1,33"
05 Canarias,Hombres,2023,"19086,5","-3,13"
05 Canarias,Hombres,2024,"19243,25","0,82"
05 Canarias,Hombres,2025,"19399,99","0,81"
06 Cantabria,Ambos sexos,2023,"20936,14","-3,28"
06 Cantabria,Ambos sexos,2024,"21192,12","1,22"
06 Cantabria,Ambos sexos,2025,"21448,09","1,21"
06 Cantabria,Mujeres,2023,"18018,24","-2,91"
06 Cantabria,Mujeres,2024,"18291,79","1,52"
06 Cantabria,Mujeres,2025,"18565,35","1,5"
06 Cantabria,Hombres,2023,"22967,99","-3,29"
06 Cantabria,Hombres,2024,"23205,32","1,03"
06 Cantabria,Hombres,2025,"23442,64","1,02"
07 Castilla y León,Ambos sexos,2023,"20331,41","-1,67"
07 Castilla y León,Ambos sexos,2024,"20558,08","1,11"
07 Castilla y León,Ambos sexos,2025,"20784,76","1,1"
07 Castilla y León,Mujeres,2023,"17570,67","-3,28"
07 Castilla y León,Mujeres,2024,"17766,47","1,11"
07 Castilla y León,Mujeres,2025,"17962,27","1,1"
07 Castilla y León,Hombres,2023,"22483,5","-1,01"
07 Castilla y León,Hombres,2024,"22733,68","1,11"
07 Castilla y León,Hombres,2025,"22983,86","1,1"
08 Castilla-La Mancha,Ambos sexos,2023,"19744,26","-3,58"
08 Castilla-La Mancha,Ambos sexos,2024,"19952,4","1,05"
08 Castilla-La Mancha,Ambos sexos,2025,"20160,55","1,04"
08 Castilla-La Mancha,Mujeres,2023,"17312,61","-3,21"
08 Castilla-La Mancha,Mujeres,2024,"17490,86","1,03"
08 Castilla-La Mancha,Mujeres,2025,"17669,1","1,02"
08 Castilla-La Mancha,Hombres,2023,"21219,88","-3,55"
08 Castilla-La Mancha,Hombres,2024,"21445,93","1,07"
08 Castilla-La Mancha,Hombres,2025,"21671,98","1,05"
09 Cataluña,Ambos sexos,2023,"23854,86","-3,7"
09 Cataluña,Ambos sexos,2024,"24126,17","1,14"
09 Cataluña,Ambos sexos,2025,"24397,48","1,12"
09 Cataluña,Mujeres,2023,"20967,53","-2,94"
09 Cataluña,Mujeres,2024,"21239,61","1,3"
09 Cataluña,Mujeres,2025,"21511,69","1,28"
09 Cataluña,Hombres,2023,"26439,77","-3,54"
09 Cataluña,Hombres,2024,"26693,35","0,96"
09 Cataluña,Hombres,2025,"26946,92","0,95"
10 Comunidad Valenciana,Ambos sexos,2023,"19937,31",-4
10 Comunidad Valenciana,Ambos sexos,2024,"20135,42","0,99"
10 Comunidad Valenciana,Ambos sexos,2025,"20333,52","0,98"
10 Comunidad Valenciana,Mujeres,2023,"17181,53","-5,93"
10 Comunidad Valenciana,Mujeres,2024,"17349,22","0,98"
10 Comunidad Valenciana,Mujeres,2025,"17516,9","0,97"
10 Comunidad Valenciana,Hombres,2023,"21782,75","-3,19"
10 Comunidad Valenciana,Hombres,2024,"21979,39","0,9"
10 Comunidad Valenciana,Hombres,2025,"22176,02","0,89"
11 Extremadura,Ambos sexos,2023,"18236,61","-3,3"
11 Extremadura,Ambos sexos,2024,"18399,9","0,9"
11 Extremadura,Ambos sexos,2025,"18563,19","0,89"
11 Extremadura,Mujeres,2023,"16006,92","-7,84"
11 Extremadura,Mujeres,2024,"16126,63","0,75"
11 Extremadura,Mujeres,2025,"16246,35","0,74"
11 Extremadura,Hombres,2023,"19372,18","-0,39"
11 Extremadura,Hombres,2024,"19561,49","0,98"
11 Extremadura,Hombres,2025,"19750,8","0,97"
12 Galicia,Ambos sexos,2023,"20200,8","-1,45"
12 Galicia,Ambos sexos,2024,"20480,35","1,38"
12 Galicia,Ambos sexos,2025,"20759,91","1,36"
12 Galicia,Mujeres,2023,"17538,09","-3,45"
12 Galicia,Mujeres,2024,"17776,23","1,36"
12 Galicia,Mujeres,2025,"18014,38","1,34"
12 Galicia,Hombres,2023,"22420,55","-2,49"
12 Galicia,Hombres,2024,"22761,6","1,52"
12 Galicia,Hombres,2025,"23102,64","1,5"
13 Comunidad de Madrid,Ambos sexos,2023,"23854,8","-5,35"
13 Comunidad de Madrid,Ambos sexos,2024,"24103,61","1,04"
13 Comunidad de Madrid,Ambos sexos,2025,"24352,41","1,03"
13 Comunidad de Madrid,Mujeres,2023,"21771,78","-4,92"
13 Comunidad de Madrid,Mujeres,2024,"22065,89","1,35"
13 Comunidad de Madrid,Mujeres,2025,22360,"1,33"
13 Comunidad de Madrid,Hombres,2023,"25882,35","-4,53"
13 Comunidad de Madrid,Hombres,2024,"26087,42","0,79"
13 Comunidad de Madrid,Hombres,2025,"26292,48","0,79"
14 Región de Murcia,Ambos sexos,2023,"19629,58","-1,38"
14 Región de Murcia,Ambos sexos,2024,"19828,98","1,02"
14 Región de Murcia,Ambos sexos,2025,"20028,38","1,01"
14 Región de Murcia,Mujeres,2023,"16375,91","-3,57"
14 Región de Murcia,Mujeres,2024,"16550,43","1,07"
14 Región de Murcia,Mujeres,2025,"16724,96","1,05"
14 Región de Murcia,Hombres,2023,"21462,13","-0,43"
14 Región de Murcia,Hombres,2024,"21678,08","1,01"
14 Región de Murcia,Hombres,2025,"21894,04",1
15 Comunidad Foral de Navarra,Ambos sexos,2023,"25889,03","-1,69"
15 Comunidad Foral de Navarra,Ambos sexos,2024,"26239,51","1,35"
15 Comunidad Foral de Navarra,Ambos sexos,2025,"26589,98","1,34"
15 Comunidad Foral de Navarra,Mujeres,2023,"22877,58","-2,59"
15 Comunidad Foral de Navarra,Mujeres,2024,"23297,1","1,83"
15 Comunidad Foral de Navarra,Mujeres,2025,"23716,63","1,8"
15 Comunidad Foral de Navarra,Hombres,2023,"28533,23","-0,95"
15 Comunidad Foral de Navarra,Hombres,2024,"28806,58","0,96"
15 Comunidad Foral de Navarra,Hombres,2025,"29079,93","0,95"
16 País Vasco,Ambos sexos,2023,"27960,31","-3,11"
16 País Vasco,Ambos sexos,2024,"28296,54","1,2"
16 País Vasco,Ambos sexos,2025,"28632,78","1,19"
16 País Vasco,Mujeres,2023,"24245,25","-2,68"
16 País Vasco,Mujeres,2024,"24639,54","1,63"
16 País Vasco,Mujeres,2025,"25033,82","1,6"
16 País Vasco,Hombres,2023,"31234,96","-2,02"
16 País Vasco,Hombres,2024,"31576,59","1,09"
16 País Vasco,Hombres,2025,"31918,21","1,08"
17 La Rioja,Ambos sexos,2023,"21277,22","-3,47"
17 La Rioja,Ambos sexos,2024,"21521,24","1,15"
17 La Rioja,Ambos sexos,2025,"21765,26","1,13"
17 La Rioja,Mujeres,2023,"17948,92","-3,57"
17 La Rioja,Mujeres,2024,"18145,65","1,1"
17 La Rioja,Mujeres,2025,"18342,38","1,08"
17 La Rioja,Hombres,2023,"23603,01","-3,9"
17 La Rioja,Hombres,2024,"23885,15","1,2"
17 La Rioja,Hombres,2025,"24167,29","1,18"
