ccaa;fecha;grado;cuantia_ap
Andalucía;2023-01-31;Grado II;199,775000000000
Andalucía;2023-01-31;Grado III;691,107500000000
Andalucía;2023-02-28;Grado II;124,326666666667
Andalucía;2023-02-28;Grado III;691,107500000000
Andalucía;2023-03-31;Grado II;124,326666666667
Andalucía;2023-03-31;Grado III;691,107500000000
Andalucía;2023-04-30;Grado II;124,326666666667
Andalucía;2023-04-30;Grado III;691,107500000000
Andalucía;2023-05-31;Grado II;124,326666666667
Andalucía;2023-05-31;Grado III;691,107500000000
Andalucía;2023-06-30;Grado II;124,326666666667
Andalucía;2023-06-30;Grado III;691,107500000000
Andalucía;2023-07-31;Grado II;124,326666666667
Andalucía;2023-07-31;Grado III;691,107500000000
Andalucía;2023-08-31;Grado II;124,326666666667
Andalucía;2023-08-31;Grado III;691,107500000000
Andalucía;2023-09-30;Grado II;124,326666666667
Andalucía;2023-09-30;Grado III;691,107500000000
Andalucía;2023-10-31;Grado II;124,326666666667
Andalucía;2023-10-31;Grado III;691,107500000000
Andalucía;2023-11-30;Grado II;124,326666666667
Andalucía;2023-11-30;Grado III;691,107500000000
Andalucía;2023-12-31;Grado II;124,326666666667
Andalucía;2023-12-31;Grado III;691,107500000000
Andalucía;2024-01-31;Grado II;124,326666666667
Andalucía;2024-01-31;Grado III;691,107500000000
Andalucía;2024-02-29;Grado II;124,326666666667
Andalucía;2024-02-29;Grado III;691,107500000000
Andalucía;2024-09-30;Grado II;186,652500000000
Andalucía;2024-09-30;Grado III;691,107500000000
Andalucía;2024-10-31;Grado II;186,652500000000
Andalucía;2024-10-31;Grado III;691,107500000000
Andalucía;2024-11-30;Grado II;186,652500000000
Andalucía;2024-11-30;Grado III;691,107500000000
Andalucía;2024-12-31;Grado II;186,652500000000
Andalucía;2024-12-31;Grado III;691,107500000000
Andalucía;2025-01-31;Grado II;186,652500000000
Andalucía;2025-01-31;Grado III;691,107500000000
Andalucía;2025-02-28;Grado II;186,652500000000
Andalucía;2025-02-28;Grado III;691,107500000000
Andalucía;2025-03-31;Grado II;186,652500000000
Andalucía;2025-03-31;Grado III;691,107500000000
Andalucía;2025-04-30;Grado II;186,652500000000
Andalucía;2025-04-30;Grado III;691,107500000000
Andalucía;2025-05-31;Grado II;186,652500000000
Andalucía;2025-05-31;Grado III;691,107500000000
Andalucía;2025-06-30;Grado II;186,652500000000
Andalucía;2025-06-30;Grado III;691,107500000000
Andalucía;2025-07-31;Grado II;186,652500000000
Andalucía;2025-07-31;Grado III;691,107500000000
Andalucía;2025-08-31;Grado II;186,652500000000
Andalucía;2025-08-31;Grado III;691,107500000000
Andalucía;2025-09-30;Grado II;216,203333333333
Andalucía;2025-09-30;Grado III;666,210000000000
Andalucía;2025-10-31;Grado II;216,203333333333
Andalucía;2025-10-31;Grado III;666,210000000000
Andalucía;2025-11-30;Grado II;216,203333333333
Andalucía;2025-11-30;Grado III;666,210000000000
Andalucía;2025-12-31;Grado II;216,203333333333
Andalucía;2025-12-31;Grado III;666,210000000000
Andalucía;2026-01-31;Grado II;216,203333333333
Andalucía;2026-01-31;Grado III;666,210000000000
Principado de Asturias;2023-01-31;Grado I;252,000000000000
Principado de Asturias;2023-01-31;Grado II;323,197500000000
Principado de Asturias;2023-01-31;Grado III;635,547500000000
Principado de Asturias;2023-02-28;Grado I;252,000000000000
Principado de Asturias;2023-02-28;Grado II;369,306666666667
Principado de Asturias;2023-02-28;Grado III;635,547500000000
Principado de Asturias;2023-03-31;Grado I;252,000000000000
Principado de Asturias;2023-03-31;Grado II;369,306666666667
Principado de Asturias;2023-03-31;Grado III;622,850000000000
Principado de Asturias;2023-04-30;Grado I;282,857142857143
Principado de Asturias;2023-04-30;Grado II;369,306666666667
Principado de Asturias;2023-04-30;Grado III;622,850000000000
Principado de Asturias;2023-05-31;Grado I;282,857142857143
Principado de Asturias;2023-05-31;Grado II;404,815000000000
Principado de Asturias;2023-05-31;Grado III;623,187142857143
Principado de Asturias;2023-06-30;Grado I;282,857142857143
Principado de Asturias;2023-06-30;Grado II;369,306666666667
Principado de Asturias;2023-06-30;Grado III;652,548750000000
Principado de Asturias;2023-07-31;Grado I;282,857142857143
Principado de Asturias;2023-07-31;Grado II;369,306666666667
Principado de Asturias;2023-07-31;Grado III;652,548750000000
Principado de Asturias;2023-08-31;Grado I;282,857142857143
Principado de Asturias;2023-08-31;Grado II;369,306666666667
Principado de Asturias;2023-08-31;Grado III;652,548750000000
Principado de Asturias;2023-09-30;Grado I;284,107142857143
Principado de Asturias;2023-09-30;Grado II;369,306666666667
Principado de Asturias;2023-09-30;Grado III;652,666250000000
Principado de Asturias;2023-10-31;Grado I;284,107142857143
Principado de Asturias;2023-10-31;Grado II;369,306666666667
Principado de Asturias;2023-10-31;Grado III;688,418750000000
Principado de Asturias;2023-11-30;Grado I;284,107142857143
Principado de Asturias;2023-11-30;Grado II;369,306666666667
Principado de Asturias;2023-11-30;Grado III;688,418750000000
Principado de Asturias;2023-12-31;Grado I;302,968750000000
Principado de Asturias;2023-12-31;Grado II;369,306666666667
Principado de Asturias;2023-12-31;Grado III;692,514444444444
Principado de Asturias;2024-01-31;Grado I;302,968750000000
Principado de Asturias;2024-01-31;Grado II;422,035000000000
Principado de Asturias;2024-01-31;Grado III;692,514444444444
Principado de Asturias;2024-02-29;Grado I;317,968750000000
Principado de Asturias;2024-02-29;Grado II;466,970000000000
Principado de Asturias;2024-02-29;Grado III;692,514444444444
Principado de Asturias;2024-09-30;Grado I;322,416666666667
Principado de Asturias;2024-09-30;Grado II;485,113333333333
Principado de Asturias;2024-09-30;Grado III;815,843636363637
Principado de Asturias;2024-10-31;Grado I;322,416666666667
Principado de Asturias;2024-10-31;Grado II;520,598000000000
Principado de Asturias;2024-10-31;Grado III;815,843636363637
Principado de Asturias;2024-11-30;Grado I;308,343750000000
Principado de Asturias;2024-11-30;Grado II;520,598000000000
Principado de Asturias;2024-11-30;Grado III;815,843636363637
Principado de Asturias;2024-12-31;Grado I;308,343750000000
Principado de Asturias;2024-12-31;Grado II;520,598000000000
Principado de Asturias;2024-12-31;Grado III;815,843636363637
Principado de Asturias;2025-01-31;Grado I;318,675000000000
Principado de Asturias;2025-01-31;Grado II;520,598000000000
Principado de Asturias;2025-01-31;Grado III;815,050000000000
Principado de Asturias;2025-02-28;Grado I;325,886363636364
Principado de Asturias;2025-02-28;Grado II;520,598000000000
Principado de Asturias;2025-02-28;Grado III;815,050000000000
Principado de Asturias;2025-03-31;Grado I;345,666666666667
Principado de Asturias;2025-03-31;Grado II;520,598000000000
Principado de Asturias;2025-03-31;Grado III;860,347500000000
Principado de Asturias;2025-04-30;Grado I;345,666666666667
Principado de Asturias;2025-04-30;Grado II;484,386666666667
Principado de Asturias;2025-04-30;Grado III;837,551538461538
Principado de Asturias;2025-05-31;Grado I;345,666666666667
Principado de Asturias;2025-05-31;Grado II;484,386666666667
Principado de Asturias;2025-05-31;Grado III;837,551538461538
Principado de Asturias;2025-06-30;Grado I;345,666666666667
Principado de Asturias;2025-06-30;Grado II;484,386666666667
Principado de Asturias;2025-06-30;Grado III;850,346153846154
Principado de Asturias;2025-07-31;Grado I;345,666666666667
Principado de Asturias;2025-07-31;Grado II;484,386666666667
Principado de Asturias;2025-07-31;Grado III;850,346153846154
Principado de Asturias;2025-08-31;Grado I;345,666666666667
Principado de Asturias;2025-08-31;Grado II;484,386666666667
Principado de Asturias;2025-08-31;Grado III;830,233636363637
Principado de Asturias;2025-09-30;Grado I;345,666666666667
Principado de Asturias;2025-09-30;Grado II;484,386666666667
Principado de Asturias;2025-09-30;Grado III;830,233636363637
Principado de Asturias;2025-10-31;Grado I;355,272727272727
Principado de Asturias;2025-10-31;Grado II;484,386666666667
Principado de Asturias;2025-10-31;Grado III;830,233636363637
Principado de Asturias;2025-11-30;Grado I;355,272727272727
Principado de Asturias;2025-11-30;Grado II;484,386666666667
Principado de Asturias;2025-11-30;Grado III;791,380833333333
Principado de Asturias;2025-12-31;Grado I;355,272727272727
Principado de Asturias;2025-12-31;Grado II;484,386666666667
Principado de Asturias;2025-12-31;Grado III;791,380833333333
Principado de Asturias;2026-01-31;Grado I;355,272727272727
Principado de Asturias;2026-01-31;Grado II;484,386666666667
Principado de Asturias;2026-01-31;Grado III;791,380833333333
Canarias;2025-08-31;Grado I;231,075000000000
Canarias;2025-08-31;Grado II;513,665000000000
Canarias;2025-08-31;Grado III;537,215714285714
Canarias;2025-09-30;Grado I;233,100000000000
Canarias;2025-09-30;Grado II;528,926666666667
Canarias;2025-09-30;Grado III;536,435769230769
Canarias;2025-10-31;Grado I;210,185714285714
Canarias;2025-10-31;Grado II;549,442631578947
Canarias;2025-10-31;Grado III;558,885609756098
Canarias;2025-11-30;Grado I;203,506250000000
Canarias;2025-11-30;Grado II;563,540000000000
Canarias;2025-11-30;Grado III;547,471551724138
Canarias;2025-12-31;Grado I;207,425000000000
Canarias;2025-12-31;Grado II;549,981000000000
Canarias;2025-12-31;Grado III;565,677682926829
Canarias;2026-01-31;Grado I;207,425000000000
Canarias;2026-01-31;Grado II;548,572549019608
Canarias;2026-01-31;Grado III;560,474574468085
Castilla-La Mancha;2023-01-31;Grado I;412,620000000000
Castilla-La Mancha;2023-01-31;Grado II;776,008000000000
Castilla-La Mancha;2023-01-31;Grado III;916,237272727273
Castilla-La Mancha;2023-02-28;Grado I;427,183333333333
Castilla-La Mancha;2023-02-28;Grado II;800,000000000000
Castilla-La Mancha;2023-02-28;Grado III;944,890000000000
Castilla-La Mancha;2023-03-31;Grado I;427,183333333333
Castilla-La Mancha;2023-03-31;Grado II;800,000000000000
Castilla-La Mancha;2023-03-31;Grado III;904,786923076923
Castilla-La Mancha;2023-04-30;Grado I;427,183333333333
Castilla-La Mancha;2023-04-30;Grado II;800,000000000000
Castilla-La Mancha;2023-04-30;Grado III;934,445000000000
Castilla-La Mancha;2023-05-31;Grado I;412,620000000000
Castilla-La Mancha;2023-05-31;Grado II;800,000000000000
Castilla-La Mancha;2023-05-31;Grado III;934,445000000000
Castilla-La Mancha;2023-06-30;Grado I;412,620000000000
Castilla-La Mancha;2023-06-30;Grado II;800,000000000000
Castilla-La Mancha;2023-06-30;Grado III;934,445000000000
Castilla-La Mancha;2023-07-31;Grado I;390,775000000000
Castilla-La Mancha;2023-07-31;Grado II;800,000000000000
Castilla-La Mancha;2023-07-31;Grado III;921,386923076923
Castilla-La Mancha;2023-08-31;Grado I;344,146000000000
Castilla-La Mancha;2023-08-31;Grado II;800,000000000000
Castilla-La Mancha;2023-08-31;Grado III;921,386923076923
Castilla-La Mancha;2023-09-30;Grado I;305,182500000000
Castilla-La Mancha;2023-09-30;Grado II;800,000000000000
Castilla-La Mancha;2023-09-30;Grado III;921,386923076923
Castilla-La Mancha;2023-10-31;Grado I;305,182500000000
Castilla-La Mancha;2023-10-31;Grado II;800,000000000000
Castilla-La Mancha;2023-10-31;Grado III;921,386923076923
Castilla-La Mancha;2023-11-30;Grado I;305,182500000000
Castilla-La Mancha;2023-11-30;Grado II;800,000000000000
Castilla-La Mancha;2023-11-30;Grado III;921,386923076923
Castilla-La Mancha;2023-12-31;Grado I;263,016000000000
Castilla-La Mancha;2023-12-31;Grado II;800,000000000000
Castilla-La Mancha;2023-12-31;Grado III;921,386923076923
Castilla-La Mancha;2024-01-31;Grado I;263,016000000000
Castilla-La Mancha;2024-01-31;Grado II;800,000000000000
Castilla-La Mancha;2024-01-31;Grado III;921,386923076923
Castilla-La Mancha;2024-02-29;Grado I;264,146000000000
Castilla-La Mancha;2024-02-29;Grado II;800,000000000000
Castilla-La Mancha;2024-02-29;Grado III;921,386923076923
Castilla-La Mancha;2024-09-30;Grado I;128,815000000000
Castilla-La Mancha;2024-09-30;Grado II;800,000000000000
Castilla-La Mancha;2024-09-30;Grado III;995,103125000000
Castilla-La Mancha;2024-10-31;Grado I;128,815000000000
Castilla-La Mancha;2024-10-31;Grado II;800,000000000000
Castilla-La Mancha;2024-10-31;Grado III;995,103125000000
Castilla-La Mancha;2024-11-30;Grado I;128,815000000000
Castilla-La Mancha;2024-11-30;Grado II;800,000000000000
Castilla-La Mancha;2024-11-30;Grado III;971,379411764706
Castilla-La Mancha;2024-12-31;Grado I;128,815000000000
Castilla-La Mancha;2024-12-31;Grado II;800,000000000000
Castilla-La Mancha;2024-12-31;Grado III;949,298750000000
Castilla-La Mancha;2025-01-31;Grado I;128,815000000000
Castilla-La Mancha;2025-01-31;Grado II;800,000000000000
Castilla-La Mancha;2025-01-31;Grado III;935,914000000000
Castilla-La Mancha;2025-02-28;Grado I;128,815000000000
Castilla-La Mancha;2025-02-28;Grado II;800,000000000000
Castilla-La Mancha;2025-02-28;Grado III;935,914000000000
Castilla-La Mancha;2025-03-31;Grado I;128,815000000000
Castilla-La Mancha;2025-03-31;Grado II;741,423333333333
Castilla-La Mancha;2025-03-31;Grado III;935,914000000000
Castilla-La Mancha;2025-04-30;Grado I;157,630000000000
Castilla-La Mancha;2025-04-30;Grado II;741,423333333333
Castilla-La Mancha;2025-04-30;Grado III;902,765000000000
Castilla-La Mancha;2025-05-31;Grado I;157,630000000000
Castilla-La Mancha;2025-05-31;Grado II;741,423333333333
Castilla-La Mancha;2025-05-31;Grado III;902,765000000000
Castilla-La Mancha;2025-06-30;Grado I;157,630000000000
Castilla-La Mancha;2025-06-30;Grado II;741,423333333333
Castilla-La Mancha;2025-06-30;Grado III;879,870000000000
Castilla-La Mancha;2025-07-31;Grado I;157,630000000000
Castilla-La Mancha;2025-07-31;Grado II;741,423333333333
Castilla-La Mancha;2025-07-31;Grado III;879,870000000000
Castilla-La Mancha;2025-08-31;Grado I;157,630000000000
Castilla-La Mancha;2025-08-31;Grado II;741,423333333333
Castilla-La Mancha;2025-08-31;Grado III;879,870000000000
Castilla-La Mancha;2025-09-30;Grado I;157,630000000000
Castilla-La Mancha;2025-09-30;Grado II;741,423333333333
Castilla-La Mancha;2025-09-30;Grado III;869,560714285714
Castilla-La Mancha;2025-10-31;Grado I;157,630000000000
Castilla-La Mancha;2025-10-31;Grado II;741,423333333333
Castilla-La Mancha;2025-10-31;Grado III;869,560714285714
Castilla-La Mancha;2025-11-30;Grado I;157,630000000000
Castilla-La Mancha;2025-11-30;Grado II;741,423333333333
Castilla-La Mancha;2025-11-30;Grado III;869,560714285714
Castilla-La Mancha;2025-12-31;Grado I;157,630000000000
Castilla-La Mancha;2025-12-31;Grado II;756,067500000000
Castilla-La Mancha;2025-12-31;Grado III;869,560714285714
Castilla-La Mancha;2026-01-31;Grado I;157,630000000000
Castilla-La Mancha;2026-01-31;Grado II;756,067500000000
Castilla-La Mancha;2026-01-31;Grado III;869,560714285714
Castilla y León;2023-01-31;Grado I;280,269291044777
Castilla y León;2023-01-31;Grado II;477,860164670658
Castilla y León;2023-01-31;Grado III;645,928900343643
Castilla y León;2023-02-28;Grado I;282,303434835567
Castilla y León;2023-02-28;Grado II;478,999283582089
Castilla y León;2023-02-28;Grado III;644,068304794520
Castilla y León;2023-03-31;Grado I;298,007283511269
Castilla y León;2023-03-31;Grado II;506,639296187683
Castilla y León;2023-03-31;Grado III;686,248881239242
Castilla y León;2023-04-30;Grado I;297,105538641686
Castilla y León;2023-04-30;Grado II;516,834164222873
Castilla y León;2023-04-30;Grado III;683,976596491227
Castilla y León;2023-05-31;Grado I;305,030000000000
Castilla y León;2023-05-31;Grado II;529,400731364276
Castilla y León;2023-05-31;Grado III;700,478382608695
Castilla y León;2023-06-30;Grado I;305,179772209567
Castilla y León;2023-06-30;Grado II;527,730240452617
Castilla y León;2023-06-30;Grado III;695,942374999999
Castilla y León;2023-07-31;Grado I;306,811642294713
Castilla y León;2023-07-31;Grado II;528,691288515406
Castilla y León;2023-07-31;Grado III;692,879257950529
Castilla y León;2023-08-31;Grado I;303,667820658343
Castilla y León;2023-08-31;Grado II;522,942614107884
Castilla y León;2023-08-31;Grado III;699,868496503496
Castilla y León;2023-09-30;Grado I;302,902695749441
Castilla y León;2023-09-30;Grado II;525,450446927374
Castilla y León;2023-09-30;Grado III;697,415996503496
Castilla y León;2023-10-31;Grado I;302,407973568282
Castilla y León;2023-10-31;Grado II;527,622568681318
Castilla y León;2023-10-31;Grado III;696,760318021201
Castilla y León;2023-11-30;Grado I;301,056081808396
Castilla y León;2023-11-30;Grado II;526,136113360323
Castilla y León;2023-11-30;Grado III;694,417775831873
Castilla y León;2023-12-31;Grado I;302,617537473233
Castilla y León;2023-12-31;Grado II;528,568675496688
Castilla y León;2023-12-31;Grado III;691,532933104630
Castilla y León;2024-01-31;Grado I;303,911189979123
Castilla y León;2024-01-31;Grado II;532,570693333333
Castilla y León;2024-01-31;Grado III;690,562065972221
Castilla y León;2024-02-29;Grado I;305,004071428571
Castilla y León;2024-02-29;Grado II;532,335617685305
Castilla y León;2024-02-29;Grado III;690,220719298245
Castilla y León;2024-09-30;Grado I;309,455749318802
Castilla y León;2024-09-30;Grado II;550,359727272727
Castilla y León;2024-09-30;Grado III;707,409046052631
Castilla y León;2024-10-31;Grado I;310,967707786527
Castilla y León;2024-10-31;Grado II;553,330011074197
Castilla y León;2024-10-31;Grado III;705,403823999999
Castilla y León;2024-11-30;Grado I;310,166405570062
Castilla y León;2024-11-30;Grado II;552,796013215859
Castilla y León;2024-11-30;Grado III;705,539918300653
Castilla y León;2024-12-31;Grado I;308,330056680162
Castilla y León;2024-12-31;Grado II;553,309541899441
Castilla y León;2024-12-31;Grado III;703,622324786324
Castilla y León;2025-01-31;Grado I;308,430885668277
Castilla y León;2025-01-31;Grado II;555,695559246954
Castilla y León;2025-01-31;Grado III;701,854822934232
Castilla y León;2025-02-28;Grado I;308,120112540193
Castilla y León;2025-02-28;Grado II;553,923658269441
Castilla y León;2025-02-28;Grado III;704,524420168066
Castilla y León;2025-03-31;Grado I;308,550740144811
Castilla y León;2025-03-31;Grado II;555,692869660460
Castilla y León;2025-03-31;Grado III;705,420373514430
Castilla y León;2025-04-30;Grado I;308,398719172633
Castilla y León;2025-04-30;Grado II;558,087032258064
Castilla y León;2025-04-30;Grado III;707,784784053155
Castilla y León;2025-05-31;Grado I;308,101362549801
Castilla y León;2025-05-31;Grado II;557,931617486338
Castilla y León;2025-05-31;Grado III;708,429617940198
Castilla y León;2025-06-30;Grado I;308,329826771653
Castilla y León;2025-06-30;Grado II;560,145768811341
Castilla y León;2025-06-30;Grado III;712,253371150728
Castilla y León;2025-07-31;Grado I;308,077460197119
Castilla y León;2025-07-31;Grado II;559,418371089536
Castilla y León;2025-07-31;Grado III;707,133759873617
Castilla y León;2025-08-31;Grado I;308,814336890244
Castilla y León;2025-08-31;Grado II;559,170960512273
Castilla y León;2025-08-31;Grado III;705,892218649517
Castilla y León;2025-09-30;Grado I;309,109840667678
Castilla y León;2025-09-30;Grado II;559,772427807486
Castilla y León;2025-09-30;Grado III;711,242922077921
Castilla y León;2025-10-31;Grado I;311,126930022573
Castilla y León;2025-10-31;Grado II;565,679509594882
Castilla y León;2025-10-31;Grado III;719,595905383359
Castilla y León;2025-11-30;Grado I;310,199590469099
Castilla y León;2025-11-30;Grado II;563,934689440994
Castilla y León;2025-11-30;Grado III;721,282213375795
Castilla y León;2025-12-31;Grado I;311,425675675675
Castilla y León;2025-12-31;Grado II;562,817014314928
Castilla y León;2025-12-31;Grado III;719,360618066560
Castilla y León;2026-01-31;Grado I;310,309836995039
Castilla y León;2026-01-31;Grado II;562,781355421687
Castilla y León;2026-01-31;Grado III;720,873637795275
Cataluña;2023-01-31;Grado I;269,500000000000
Cataluña;2023-01-31;Grado II;508,669523809524
Cataluña;2023-01-31;Grado III;750,546833333333
Cataluña;2023-02-28;Grado I;269,500000000000
Cataluña;2023-02-28;Grado II;508,669523809524
Cataluña;2023-02-28;Grado III;762,650000000000
Cataluña;2023-03-31;Grado I;275,600000000000
Cataluña;2023-03-31;Grado II;499,538095238095
Cataluña;2023-03-31;Grado III;763,434426229508
Cataluña;2023-04-30;Grado I;277,166666666667
Cataluña;2023-04-30;Grado II;499,538095238095
Cataluña;2023-04-30;Grado III;784,627031250000
Cataluña;2023-05-31;Grado I;280,428571428571
Cataluña;2023-05-31;Grado II;493,153913043478
Cataluña;2023-05-31;Grado III;784,627031250000
Cataluña;2023-06-30;Grado I;281,444444444444
Cataluña;2023-06-30;Grado II;496,200909090909
Cataluña;2023-06-30;Grado III;797,521492537313
Cataluña;2023-07-31;Grado I;281,444444444444
Cataluña;2023-07-31;Grado II;496,200909090909
Cataluña;2023-07-31;Grado III;805,334057971014
Cataluña;2023-08-31;Grado I;281,444444444444
Cataluña;2023-08-31;Grado II;500,552857142857
Cataluña;2023-08-31;Grado III;805,334057971014
Cataluña;2023-09-30;Grado I;281,444444444444
Cataluña;2023-09-30;Grado II;500,552857142857
Cataluña;2023-09-30;Grado III;807,618529411764
Cataluña;2023-10-31;Grado I;279,125000000000
Cataluña;2023-10-31;Grado II;500,552857142857
Cataluña;2023-10-31;Grado III;810,417536231884
Cataluña;2023-11-30;Grado I;279,125000000000
Cataluña;2023-11-30;Grado II;500,552857142857
Cataluña;2023-11-30;Grado III;810,417536231884
Cataluña;2023-12-31;Grado I;285,540000000000
Cataluña;2023-12-31;Grado II;575,627142857143
Cataluña;2023-12-31;Grado III;810,837391304348
Cataluña;2024-01-31;Grado I;266,935555555555
Cataluña;2024-01-31;Grado II;606,940000000000
Cataluña;2024-01-31;Grado III;850,116956521739
Cataluña;2024-02-29;Grado I;263,073750000000
Cataluña;2024-02-29;Grado II;660,972380952381
Cataluña;2024-02-29;Grado III;844,562608695652
Cataluña;2024-09-30;Grado I;224,012857142857
Cataluña;2024-09-30;Grado II;661,644705882353
Cataluña;2024-09-30;Grado III;815,251500000000
Cataluña;2024-10-31;Grado I;208,298571428571
Cataluña;2024-10-31;Grado II;653,002500000000
Cataluña;2024-10-31;Grado III;825,343442622950
Cataluña;2024-11-30;Grado I;208,298571428571
Cataluña;2024-11-30;Grado II;597,113333333333
Cataluña;2024-11-30;Grado III;830,381333333333
Cataluña;2024-12-31;Grado I;208,298571428571
Cataluña;2024-12-31;Grado II;588,281764705883
Cataluña;2024-12-31;Grado III;836,368524590163
Cataluña;2025-01-31;Grado I;208,298571428571
Cataluña;2025-01-31;Grado II;588,281764705883
Cataluña;2025-01-31;Grado III;827,927580645161
Cataluña;2025-02-28;Grado I;208,298571428571
Cataluña;2025-02-28;Grado II;588,281764705883
Cataluña;2025-02-28;Grado III;822,082096774193
Cataluña;2025-03-31;Grado I;208,298571428571
Cataluña;2025-03-31;Grado II;596,131764705882
Cataluña;2025-03-31;Grado III;805,969687499999
Cataluña;2025-04-30;Grado I;221,448750000000
Cataluña;2025-04-30;Grado II;596,131764705882
Cataluña;2025-04-30;Grado III;805,969687499999
Cataluña;2025-05-31;Grado I;221,448750000000
Cataluña;2025-05-31;Grado II;589,013333333333
Cataluña;2025-05-31;Grado III;806,384000000000
Cataluña;2025-06-30;Grado I;221,448750000000
Cataluña;2025-06-30;Grado II;579,705294117647
Cataluña;2025-06-30;Grado III;807,481093750000
Cataluña;2025-07-31;Grado I;221,448750000000
Cataluña;2025-07-31;Grado II;563,492222222222
Cataluña;2025-07-31;Grado III;799,367968749999
Cataluña;2025-08-31;Grado I;221,448750000000
Cataluña;2025-08-31;Grado II;563,492222222222
Cataluña;2025-08-31;Grado III;799,367968749999
Cataluña;2025-09-30;Grado I;221,448750000000
Cataluña;2025-09-30;Grado II;563,492222222222
Cataluña;2025-09-30;Grado III;799,367968749999
Cataluña;2025-10-31;Grado I;232,698750000000
Cataluña;2025-10-31;Grado II;552,682941176471
Cataluña;2025-10-31;Grado III;806,895873015873
Cataluña;2025-11-30;Grado I;232,698750000000
Cataluña;2025-11-30;Grado II;552,682941176471
Cataluña;2025-11-30;Grado III;797,413124999999
Cataluña;2025-12-31;Grado I;232,698750000000
Cataluña;2025-12-31;Grado II;560,784736842106
Cataluña;2025-12-31;Grado III;788,222153846153
Cataluña;2026-01-31;Grado I;232,698750000000
Cataluña;2026-01-31;Grado II;560,784736842106
Cataluña;2026-01-31;Grado III;800,890000000000
Comunidad Valenciana;2023-01-31;Grado I;298,795897435897
Comunidad Valenciana;2023-01-31;Grado II;1145,104782608696
Comunidad Valenciana;2023-01-31;Grado III;1483,550833333333
Comunidad Valenciana;2023-02-28;Grado I;298,826000000000
Comunidad Valenciana;2023-02-28;Grado II;1144,730434782609
Comunidad Valenciana;2023-02-28;Grado III;1483,550833333333
Comunidad Valenciana;2023-03-31;Grado I;299,113962264151
Comunidad Valenciana;2023-03-31;Grado II;1175,150740740741
Comunidad Valenciana;2023-03-31;Grado III;1519,079666666667
Comunidad Valenciana;2023-04-30;Grado I;299,161428571429
Comunidad Valenciana;2023-04-30;Grado II;1175,150740740741
Comunidad Valenciana;2023-04-30;Grado III;1516,206129032258
Comunidad Valenciana;2023-05-31;Grado I;299,230163934426
Comunidad Valenciana;2023-05-31;Grado II;1230,404687500000
Comunidad Valenciana;2023-05-31;Grado III;1526,993636363637
Comunidad Valenciana;2023-06-30;Grado I;299,288484848485
Comunidad Valenciana;2023-06-30;Grado II;1247,512857142857
Comunidad Valenciana;2023-06-30;Grado III;1509,009117647059
Comunidad Valenciana;2023-07-31;Grado I;299,500526315790
Comunidad Valenciana;2023-07-31;Grado II;1277,927380952381
Comunidad Valenciana;2023-07-31;Grado III;1484,445681818182
Comunidad Valenciana;2023-08-31;Grado I;299,519493670886
Comunidad Valenciana;2023-08-31;Grado II;1277,927380952381
Comunidad Valenciana;2023-08-31;Grado III;1484,445681818182
Comunidad Valenciana;2023-09-30;Grado I;299,718850574713
Comunidad Valenciana;2023-09-30;Grado II;1294,487209302325
Comunidad Valenciana;2023-09-30;Grado III;1484,177916666667
Comunidad Valenciana;2023-10-31;Grado I;299,736989247312
Comunidad Valenciana;2023-10-31;Grado II;1303,325000000000
Comunidad Valenciana;2023-10-31;Grado III;1499,072291666667
Comunidad Valenciana;2023-11-30;Grado I;299,750408163265
Comunidad Valenciana;2023-11-30;Grado II;1308,603125000000
Comunidad Valenciana;2023-11-30;Grado III;1513,557551020408
Comunidad Valenciana;2023-12-31;Grado I;299,762524271845
Comunidad Valenciana;2023-12-31;Grado II;1306,020212765957
Comunidad Valenciana;2023-12-31;Grado III;1488,288200000000
Comunidad Valenciana;2024-01-31;Grado I;299,762524271845
Comunidad Valenciana;2024-01-31;Grado II;1306,020212765957
Comunidad Valenciana;2024-01-31;Grado III;1488,288200000000
Comunidad Valenciana;2024-02-29;Grado I;299,781607142857
Comunidad Valenciana;2024-02-29;Grado II;1304,192692307692
Comunidad Valenciana;2024-02-29;Grado III;1490,989272727273
Comunidad Valenciana;2024-09-30;Grado I;301,489104477612
Comunidad Valenciana;2024-09-30;Grado II;1312,340400000000
Comunidad Valenciana;2024-09-30;Grado III;1472,169324324324
Comunidad Valenciana;2024-10-31;Grado I;301,445942028986
Comunidad Valenciana;2024-10-31;Grado II;1312,340400000000
Comunidad Valenciana;2024-10-31;Grado III;1470,006794871795
Comunidad Valenciana;2024-11-30;Grado I;301,425285714286
Comunidad Valenciana;2024-11-30;Grado II;1315,396493506493
Comunidad Valenciana;2024-11-30;Grado III;1459,332530120482
Comunidad Valenciana;2024-12-31;Grado I;301,405211267606
Comunidad Valenciana;2024-12-31;Grado II;1319,242435897436
Comunidad Valenciana;2024-12-31;Grado III;1463,139397590361
Comunidad Valenciana;2025-01-31;Grado I;301,339194630872
Comunidad Valenciana;2025-01-31;Grado II;1319,242435897436
Comunidad Valenciana;2025-01-31;Grado III;1458,282000000000
Comunidad Valenciana;2025-02-28;Grado I;301,262911392405
Comunidad Valenciana;2025-02-28;Grado II;1325,914578313253
Comunidad Valenciana;2025-02-28;Grado III;1459,227934782609
Comunidad Valenciana;2025-03-31;Grado I;301,247125000000
Comunidad Valenciana;2025-03-31;Grado II;1334,010111111111
Comunidad Valenciana;2025-03-31;Grado III;1459,227934782609
Comunidad Valenciana;2025-04-30;Grado I;301,180710059172
Comunidad Valenciana;2025-04-30;Grado II;1345,701170212766
Comunidad Valenciana;2025-04-30;Grado III;1458,913655913978
Comunidad Valenciana;2025-05-31;Grado I;301,140228571429
Comunidad Valenciana;2025-05-31;Grado II;1344,794731182796
Comunidad Valenciana;2025-05-31;Grado III;1457,725108695652
Comunidad Valenciana;2025-06-30;Grado I;301,127344632768
Comunidad Valenciana;2025-06-30;Grado II;1343,965212765958
Comunidad Valenciana;2025-06-30;Grado III;1448,437021276595
Comunidad Valenciana;2025-07-31;Grado I;301,039270833333
Comunidad Valenciana;2025-07-31;Grado II;1346,041855670104
Comunidad Valenciana;2025-07-31;Grado III;1453,154848484848
Comunidad Valenciana;2025-08-31;Grado I;301,039270833333
Comunidad Valenciana;2025-08-31;Grado II;1340,516464646465
Comunidad Valenciana;2025-08-31;Grado III;1443,042500000000
Comunidad Valenciana;2025-09-30;Grado I;301,002713567839
Comunidad Valenciana;2025-09-30;Grado II;1337,773689320388
Comunidad Valenciana;2025-09-30;Grado III;1446,011263157895
Comunidad Valenciana;2025-10-31;Grado I;300,968640776699
Comunidad Valenciana;2025-10-31;Grado II;1356,975172413794
Comunidad Valenciana;2025-10-31;Grado III;1446,518144329897
Comunidad Valenciana;2025-11-30;Grado I;301,002713567839
Comunidad Valenciana;2025-11-30;Grado II;1376,811217391305
Comunidad Valenciana;2025-11-30;Grado III;1458,838105263158
Comunidad Valenciana;2025-12-31;Grado I;300,992736318408
Comunidad Valenciana;2025-12-31;Grado II;1377,269741379311
Comunidad Valenciana;2025-12-31;Grado III;1459,458279569893
Comunidad Valenciana;2026-01-31;Grado I;300,973365853659
Comunidad Valenciana;2026-01-31;Grado II;1379,448677685951
Comunidad Valenciana;2026-01-31;Grado III;1453,588585858586
Galicia;2023-01-31;Grado I;200,200000000000
Galicia;2023-01-31;Grado II;399,589862000000
Galicia;2023-01-31;Grado III;602,491760563380
Galicia;2023-02-28;Grado I;300,000000000000
Galicia;2023-02-28;Grado II;404,564147714286
Galicia;2023-02-28;Grado III;584,992357142857
Galicia;2023-03-31;Grado I;300,000000000000
Galicia;2023-03-31;Grado II;404,564147714286
Galicia;2023-03-31;Grado III;584,992357142857
Galicia;2023-04-30;Grado I;300,000000000000
Galicia;2023-04-30;Grado II;404,564147714286
Galicia;2023-04-30;Grado III;584,992357142857
Galicia;2023-05-31;Grado I;300,000000000000
Galicia;2023-05-31;Grado II;404,564147714286
Galicia;2023-05-31;Grado III;584,992357142857
Galicia;2023-06-30;Grado I;225,000000000000
Galicia;2023-06-30;Grado II;622,476559333333
Galicia;2023-06-30;Grado III;724,791593750000
Galicia;2023-07-31;Grado I;225,000000000000
Galicia;2023-07-31;Grado II;626,919208409091
Galicia;2023-07-31;Grado III;742,459843750000
Galicia;2023-08-31;Grado I;225,000000000000
Galicia;2023-08-31;Grado II;626,919208409091
Galicia;2023-08-31;Grado III;742,459843750000
Galicia;2023-09-30;Grado I;225,000000000000
Galicia;2023-09-30;Grado II;626,919208409091
Galicia;2023-09-30;Grado III;742,459843750000
Galicia;2023-10-31;Grado I;225,000000000000
Galicia;2023-10-31;Grado II;741,079821555556
Galicia;2023-10-31;Grado III;802,851234567901
Galicia;2023-11-30;Grado I;225,000000000000
Galicia;2023-11-30;Grado II;741,079821555556
Galicia;2023-11-30;Grado III;802,851234567901
Galicia;2023-12-31;Grado I;188,500000000000
Galicia;2023-12-31;Grado II;772,045821555555
Galicia;2023-12-31;Grado III;849,403176470588
Galicia;2024-01-31;Grado I;225,000000000000
Galicia;2024-01-31;Grado II;824,314390652174
Galicia;2024-01-31;Grado III;860,990588235294
Galicia;2024-02-29;Grado I;225,000000000000
Galicia;2024-02-29;Grado II;1007,778303695653
Galicia;2024-02-29;Grado III;966,291309523810
Galicia;2024-09-30;Grado I;1125,000000000000
Galicia;2024-09-30;Grado II;1824,724255319149
Galicia;2024-09-30;Grado III;1864,687142857143
Galicia;2024-10-31;Grado I;1125,000000000000
Galicia;2024-10-31;Grado II;1824,724255319149
Galicia;2024-10-31;Grado III;1864,687142857143
Galicia;2024-11-30;Grado I;1125,000000000000
Galicia;2024-11-30;Grado II;1813,804375000000
Galicia;2024-11-30;Grado III;1854,123734939759
Galicia;2024-12-31;Grado I;1125,000000000000
Galicia;2024-12-31;Grado II;1813,804375000000
Galicia;2024-12-31;Grado III;1854,123734939759
Galicia;2025-01-31;Grado I;1125,000000000000
Galicia;2025-01-31;Grado II;1814,849183673469
Galicia;2025-01-31;Grado III;1854,123734939759
Galicia;2025-02-28;Grado I;1125,000000000000
Galicia;2025-02-28;Grado II;1814,849183673469
Galicia;2025-02-28;Grado III;1854,123734939759
Galicia;2025-03-31;Grado I;1125,000000000000
Galicia;2025-03-31;Grado II;1814,849183673469
Galicia;2025-03-31;Grado III;1854,123734939759
Galicia;2025-04-30;Grado I;1950,000000000000
Galicia;2025-04-30;Grado II;1798,047454545454
Galicia;2025-04-30;Grado III;1838,009195402299
Galicia;2025-05-31;Grado I;1950,000000000000
Galicia;2025-05-31;Grado II;1798,047454545454
Galicia;2025-05-31;Grado III;1838,009195402299
Galicia;2025-06-30;Grado I;1950,000000000000
Galicia;2025-06-30;Grado II;1798,047454545454
Galicia;2025-06-30;Grado III;1837,695348837209
Galicia;2025-07-31;Grado I;1950,000000000000
Galicia;2025-07-31;Grado II;1798,047454545454
Galicia;2025-07-31;Grado III;1836,137209302325
Galicia;2025-08-31;Grado I;1950,000000000000
Galicia;2025-08-31;Grado II;1798,047454545454
Galicia;2025-08-31;Grado III;1836,137209302325
Galicia;2025-09-30;Grado I;1950,000000000000
Galicia;2025-09-30;Grado II;1798,047454545454
Galicia;2025-09-30;Grado III;1847,927058823529
Galicia;2025-10-31;Grado I;1950,000000000000
Galicia;2025-10-31;Grado II;1798,047454545454
Galicia;2025-10-31;Grado III;1839,707386363636
Galicia;2025-11-30;Grado I;1950,000000000000
Galicia;2025-11-30;Grado II;1796,807592592592
Galicia;2025-11-30;Grado III;1837,876436781609
Galicia;2025-12-31;Grado I;1950,000000000000
Galicia;2025-12-31;Grado II;1796,807592592592
Galicia;2025-12-31;Grado III;1836,002906976744
Galicia;2026-01-31;Grado I;1950,000000000000
Galicia;2026-01-31;Grado II;1796,807592592592
Galicia;2026-01-31;Grado III;1836,002906976744
Comunidad de Madrid;2023-01-31;Grado II;368,324375000000
Comunidad de Madrid;2023-01-31;Grado III;521,653823529412
Comunidad de Madrid;2023-02-28;Grado II;368,324375000000
Comunidad de Madrid;2023-02-28;Grado III;520,311594202898
Comunidad de Madrid;2023-03-31;Grado II;368,324375000000
Comunidad de Madrid;2023-03-31;Grado III;520,311594202898
Comunidad de Madrid;2023-04-30;Grado II;364,471333333333
Comunidad de Madrid;2023-04-30;Grado III;520,311594202898
Comunidad de Madrid;2023-05-31;Grado II;364,471333333333
Comunidad de Madrid;2023-05-31;Grado III;520,311594202898
Comunidad de Madrid;2023-06-30;Grado II;364,471333333333
Comunidad de Madrid;2023-06-30;Grado III;520,311594202898
Comunidad de Madrid;2023-07-31;Grado II;364,471333333333
Comunidad de Madrid;2023-07-31;Grado III;520,311594202898
Comunidad de Madrid;2023-08-31;Grado II;364,471333333333
Comunidad de Madrid;2023-08-31;Grado III;520,311594202898
Comunidad de Madrid;2023-09-30;Grado II;528,468666666667
Comunidad de Madrid;2023-09-30;Grado III;549,353768115942
Comunidad de Madrid;2023-10-31;Grado II;528,468666666667
Comunidad de Madrid;2023-10-31;Grado III;549,353768115942
Comunidad de Madrid;2023-11-30;Grado II;528,468666666667
Comunidad de Madrid;2023-11-30;Grado III;549,353768115942
Comunidad de Madrid;2023-12-31;Grado II;528,468666666667
Comunidad de Madrid;2023-12-31;Grado III;549,693382352941
Comunidad de Madrid;2024-01-31;Grado II;528,468666666667
Comunidad de Madrid;2024-01-31;Grado III;549,693382352941
Comunidad de Madrid;2024-02-29;Grado II;528,468666666667
Comunidad de Madrid;2024-02-29;Grado III;546,744776119403
Comunidad de Madrid;2024-09-30;Grado II;528,468666666667
Comunidad de Madrid;2024-09-30;Grado III;546,744776119403
Comunidad de Madrid;2024-10-31;Grado II;528,468666666667
Comunidad de Madrid;2024-10-31;Grado III;546,744776119403
Comunidad de Madrid;2024-11-30;Grado I;313,500000000000
Comunidad de Madrid;2024-11-30;Grado II;528,468666666667
Comunidad de Madrid;2024-11-30;Grado III;546,744776119403
Comunidad de Madrid;2024-12-31;Grado I;313,500000000000
Comunidad de Madrid;2024-12-31;Grado II;528,468666666667
Comunidad de Madrid;2024-12-31;Grado III;544,592424242424
Comunidad de Madrid;2025-01-31;Grado I;313,500000000000
Comunidad de Madrid;2025-01-31;Grado II;528,468666666667
Comunidad de Madrid;2025-01-31;Grado III;544,592424242424
Comunidad de Madrid;2025-02-28;Grado I;313,500000000000
Comunidad de Madrid;2025-02-28;Grado II;528,468666666667
Comunidad de Madrid;2025-02-28;Grado III;544,592424242424
Comunidad de Madrid;2025-03-31;Grado I;313,500000000000
Comunidad de Madrid;2025-03-31;Grado II;526,064375000000
Comunidad de Madrid;2025-03-31;Grado III;546,073076923077
Comunidad de Madrid;2025-04-30;Grado I;313,500000000000
Comunidad de Madrid;2025-04-30;Grado II;526,064375000000
Comunidad de Madrid;2025-04-30;Grado III;546,073076923077
Comunidad de Madrid;2025-05-31;Grado I;313,500000000000
Comunidad de Madrid;2025-05-31;Grado II;526,064375000000
Comunidad de Madrid;2025-05-31;Grado III;546,073076923077
Comunidad de Madrid;2025-06-30;Grado I;313,500000000000
Comunidad de Madrid;2025-06-30;Grado II;526,064375000000
Comunidad de Madrid;2025-06-30;Grado III;546,073076923077
Comunidad de Madrid;2025-07-31;Grado I;313,500000000000
Comunidad de Madrid;2025-07-31;Grado II;539,075294117647
Comunidad de Madrid;2025-07-31;Grado III;544,592424242424
Comunidad de Madrid;2025-08-31;Grado I;314,833333333333
Comunidad de Madrid;2025-08-31;Grado II;539,075294117647
Comunidad de Madrid;2025-08-31;Grado III;549,121212121212
Comunidad de Madrid;2025-09-30;Grado I;314,833333333333
Comunidad de Madrid;2025-09-30;Grado II;526,543333333334
Comunidad de Madrid;2025-09-30;Grado III;549,121212121212
Comunidad de Madrid;2025-10-31;Grado I;314,833333333333
Comunidad de Madrid;2025-10-31;Grado II;541,281500000000
Comunidad de Madrid;2025-10-31;Grado III;550,671538461538
Comunidad de Madrid;2025-11-30;Grado I;314,833333333333
Comunidad de Madrid;2025-11-30;Grado II;551,089523809524
Comunidad de Madrid;2025-11-30;Grado III;550,671538461538
Comunidad de Madrid;2025-12-31;Grado I;314,833333333333
Comunidad de Madrid;2025-12-31;Grado II;540,290000000000
Comunidad de Madrid;2025-12-31;Grado III;549,322238805970
Comunidad de Madrid;2026-01-31;Grado I;314,833333333333
Comunidad de Madrid;2026-01-31;Grado II;540,290000000000
Comunidad de Madrid;2026-01-31;Grado III;553,703230769231
Región de Murcia;2023-01-31;Grado I;233,930000000000
Región de Murcia;2023-01-31;Grado III;234,640000000000
Región de Murcia;2023-02-28;Grado I;233,930000000000
Región de Murcia;2023-02-28;Grado III;234,640000000000
Región de Murcia;2023-03-31;Grado I;233,930000000000
Región de Murcia;2023-03-31;Grado III;234,640000000000
Región de Murcia;2023-04-30;Grado I;233,930000000000
Región de Murcia;2023-04-30;Grado III;411,830000000000
Región de Murcia;2023-05-31;Grado I;233,930000000000
Región de Murcia;2023-05-31;Grado III;411,830000000000
Región de Murcia;2023-06-30;Grado I;233,930000000000
Región de Murcia;2023-06-30;Grado III;31,650000000000
Región de Murcia;2023-07-31;Grado I;233,930000000000
Región de Murcia;2023-07-31;Grado III;31,650000000000
Región de Murcia;2023-08-31;Grado I;233,930000000000
Región de Murcia;2023-08-31;Grado III;31,650000000000
Región de Murcia;2023-09-30;Grado I;233,930000000000
Región de Murcia;2023-09-30;Grado III;31,650000000000
Región de Murcia;2023-10-31;Grado I;233,930000000000
Región de Murcia;2023-10-31;Grado III;31,650000000000
Región de Murcia;2023-11-30;Grado I;233,930000000000
Región de Murcia;2023-11-30;Grado III;31,650000000000
Región de Murcia;2023-12-31;Grado I;233,930000000000
Región de Murcia;2023-12-31;Grado III;338,445000000000
Región de Murcia;2024-01-31;Grado I;233,930000000000
Región de Murcia;2024-01-31;Grado III;338,445000000000
Región de Murcia;2024-02-29;Grado I;233,930000000000
Región de Murcia;2024-02-29;Grado III;338,445000000000
Región de Murcia;2024-09-30;Grado I;233,930000000000
Región de Murcia;2024-09-30;Grado III;338,445000000000
Región de Murcia;2024-10-31;Grado I;233,930000000000
Región de Murcia;2024-10-31;Grado III;338,445000000000
Región de Murcia;2024-11-30;Grado I;233,930000000000
Región de Murcia;2024-11-30;Grado III;338,445000000000
Región de Murcia;2024-12-31;Grado I;233,930000000000
Región de Murcia;2024-12-31;Grado III;338,445000000000
Región de Murcia;2025-01-31;Grado I;233,930000000000
Región de Murcia;2025-01-31;Grado III;338,445000000000
Región de Murcia;2025-02-28;Grado I;233,930000000000
Región de Murcia;2025-02-28;Grado II;570,840000000000
Región de Murcia;2025-02-28;Grado III;338,445000000000
Región de Murcia;2025-03-31;Grado I;233,930000000000
Región de Murcia;2025-03-31;Grado II;570,840000000000
Región de Murcia;2025-03-31;Grado III;338,445000000000
Región de Murcia;2025-04-30;Grado I;233,930000000000
Región de Murcia;2025-04-30;Grado II;570,840000000000
Región de Murcia;2025-04-30;Grado III;338,445000000000
Región de Murcia;2025-05-31;Grado I;233,930000000000
Región de Murcia;2025-05-31;Grado II;570,840000000000
Región de Murcia;2025-05-31;Grado III;338,445000000000
Región de Murcia;2025-06-30;Grado I;233,930000000000
Región de Murcia;2025-06-30;Grado II;570,840000000000
Región de Murcia;2025-06-30;Grado III;338,445000000000
Región de Murcia;2025-07-31;Grado I;233,930000000000
Región de Murcia;2025-07-31;Grado II;570,840000000000
Región de Murcia;2025-07-31;Grado III;338,445000000000
Región de Murcia;2025-08-31;Grado I;233,930000000000
Región de Murcia;2025-08-31;Grado II;570,840000000000
Región de Murcia;2025-08-31;Grado III;338,445000000000
Región de Murcia;2025-09-30;Grado I;233,930000000000
Región de Murcia;2025-09-30;Grado II;570,840000000000
Región de Murcia;2025-09-30;Grado III;338,445000000000
Región de Murcia;2025-10-31;Grado I;233,930000000000
Región de Murcia;2025-10-31;Grado II;570,840000000000
Región de Murcia;2025-10-31;Grado III;338,445000000000
Región de Murcia;2025-11-30;Grado I;116,420000000000
Región de Murcia;2025-11-30;Grado II;570,840000000000
Región de Murcia;2025-11-30;Grado III;338,445000000000
Región de Murcia;2025-12-31;Grado I;125,400000000000
Región de Murcia;2025-12-31;Grado II;570,840000000000
Región de Murcia;2025-12-31;Grado III;338,445000000000
Región de Murcia;2026-01-31;Grado I;125,400000000000
Región de Murcia;2026-01-31;Grado II;570,840000000000
Región de Murcia;2026-01-31;Grado III;338,445000000000
Comunidad Foral de Navarra;2023-01-31;Grado I;565,205714285714
Comunidad Foral de Navarra;2023-01-31;Grado II;852,402307692308
Comunidad Foral de Navarra;2023-01-31;Grado III;1049,315454545455
Comunidad Foral de Navarra;2023-02-28;Grado I;565,205714285714
Comunidad Foral de Navarra;2023-02-28;Grado II;852,402307692308
Comunidad Foral de Navarra;2023-02-28;Grado III;1049,315454545455
Comunidad Foral de Navarra;2023-03-31;Grado I;537,604444444444
Comunidad Foral de Navarra;2023-03-31;Grado II;852,402307692308
Comunidad Foral de Navarra;2023-03-31;Grado III;1049,315454545455
Comunidad Foral de Navarra;2023-04-30;Grado I;537,604444444444
Comunidad Foral de Navarra;2023-04-30;Grado II;882,281666666667
Comunidad Foral de Navarra;2023-04-30;Grado III;1049,315454545455
Comunidad Foral de Navarra;2023-05-31;Grado I;547,361000000000
Comunidad Foral de Navarra;2023-05-31;Grado II;956,241428571428
Comunidad Foral de Navarra;2023-05-31;Grado III;1049,315454545455
Comunidad Foral de Navarra;2023-06-30;Grado I;547,361000000000
Comunidad Foral de Navarra;2023-06-30;Grado II;956,241428571428
Comunidad Foral de Navarra;2023-06-30;Grado III;1049,315454545455
Comunidad Foral de Navarra;2023-07-31;Grado I;547,361000000000
Comunidad Foral de Navarra;2023-07-31;Grado II;956,241428571428
Comunidad Foral de Navarra;2023-07-31;Grado III;1049,315454545455
Comunidad Foral de Navarra;2023-08-31;Grado I;547,361000000000
Comunidad Foral de Navarra;2023-08-31;Grado II;956,241428571428
Comunidad Foral de Navarra;2023-08-31;Grado III;1049,315454545455
Comunidad Foral de Navarra;2023-09-30;Grado I;566,178888888889
Comunidad Foral de Navarra;2023-09-30;Grado II;956,241428571428
Comunidad Foral de Navarra;2023-09-30;Grado III;1049,315454545455
Comunidad Foral de Navarra;2023-10-31;Grado I;566,178888888889
Comunidad Foral de Navarra;2023-10-31;Grado II;956,241428571428
Comunidad Foral de Navarra;2023-10-31;Grado III;1026,247000000000
Comunidad Foral de Navarra;2023-11-30;Grado I;566,178888888889
Comunidad Foral de Navarra;2023-11-30;Grado II;956,241428571428
Comunidad Foral de Navarra;2023-11-30;Grado III;1026,247000000000
Comunidad Foral de Navarra;2023-12-31;Grado I;572,561000000000
Comunidad Foral de Navarra;2023-12-31;Grado II;968,648750000000
Comunidad Foral de Navarra;2023-12-31;Grado III;1058,252000000000
Comunidad Foral de Navarra;2024-01-31;Grado I;572,561000000000
Comunidad Foral de Navarra;2024-01-31;Grado II;968,648750000000
Comunidad Foral de Navarra;2024-01-31;Grado III;1058,252000000000
Comunidad Foral de Navarra;2024-02-29;Grado I;572,561000000000
Comunidad Foral de Navarra;2024-02-29;Grado II;968,648750000000
Comunidad Foral de Navarra;2024-02-29;Grado III;1058,252000000000
Comunidad Foral de Navarra;2024-09-30;Grado I;574,823571428572
Comunidad Foral de Navarra;2024-09-30;Grado II;981,669411764706
Comunidad Foral de Navarra;2024-09-30;Grado III;1046,710000000000
Comunidad Foral de Navarra;2024-10-31;Grado I;574,823571428572
Comunidad Foral de Navarra;2024-10-31;Grado II;981,669411764706
Comunidad Foral de Navarra;2024-10-31;Grado III;1046,710000000000
Comunidad Foral de Navarra;2024-11-30;Grado I;574,823571428572
Comunidad Foral de Navarra;2024-11-30;Grado II;981,669411764706
Comunidad Foral de Navarra;2024-11-30;Grado III;1046,710000000000
Comunidad Foral de Navarra;2024-12-31;Grado I;570,579230769231
Comunidad Foral de Navarra;2024-12-31;Grado II;981,669411764706
Comunidad Foral de Navarra;2024-12-31;Grado III;1046,710000000000
Comunidad Foral de Navarra;2025-01-31;Grado I;576,127500000000
Comunidad Foral de Navarra;2025-01-31;Grado II;981,669411764706
Comunidad Foral de Navarra;2025-01-31;Grado III;1078,229090909091
Comunidad Foral de Navarra;2025-02-28;Grado I;576,127500000000
Comunidad Foral de Navarra;2025-02-28;Grado II;981,669411764706
Comunidad Foral de Navarra;2025-02-28;Grado III;1078,229090909091
Comunidad Foral de Navarra;2025-03-31;Grado I;576,127500000000
Comunidad Foral de Navarra;2025-03-31;Grado II;981,669411764706
Comunidad Foral de Navarra;2025-03-31;Grado III;1078,229090909091
Comunidad Foral de Navarra;2025-04-30;Grado I;576,127500000000
Comunidad Foral de Navarra;2025-04-30;Grado II;981,669411764706
Comunidad Foral de Navarra;2025-04-30;Grado III;1078,229090909091
Comunidad Foral de Navarra;2025-05-31;Grado I;579,163846153846
Comunidad Foral de Navarra;2025-05-31;Grado II;981,669411764706
Comunidad Foral de Navarra;2025-05-31;Grado III;1078,229090909091
Comunidad Foral de Navarra;2025-06-30;Grado I;579,163846153846
Comunidad Foral de Navarra;2025-06-30;Grado II;987,898750000000
Comunidad Foral de Navarra;2025-06-30;Grado III;1078,229090909091
Comunidad Foral de Navarra;2025-07-31;Grado I;579,163846153846
Comunidad Foral de Navarra;2025-07-31;Grado II;985,758666666667
Comunidad Foral de Navarra;2025-07-31;Grado III;1078,229090909091
Comunidad Foral de Navarra;2025-08-31;Grado I;579,163846153846
Comunidad Foral de Navarra;2025-08-31;Grado II;985,758666666667
Comunidad Foral de Navarra;2025-08-31;Grado III;1078,229090909091
Comunidad Foral de Navarra;2025-09-30;Grado I;579,163846153846
Comunidad Foral de Navarra;2025-09-30;Grado II;985,758666666667
Comunidad Foral de Navarra;2025-09-30;Grado III;1078,229090909091
Comunidad Foral de Navarra;2025-10-31;Grado I;591,414615384615
Comunidad Foral de Navarra;2025-10-31;Grado II;985,758666666667
Comunidad Foral de Navarra;2025-10-31;Grado III;1078,229090909091
Comunidad Foral de Navarra;2025-11-30;Grado I;605,953076923077
Comunidad Foral de Navarra;2025-11-30;Grado II;951,711250000000
Comunidad Foral de Navarra;2025-11-30;Grado III;1031,827272727273
Comunidad Foral de Navarra;2025-12-31;Grado I;605,953076923077
Comunidad Foral de Navarra;2025-12-31;Grado II;985,859285714285
Comunidad Foral de Navarra;2025-12-31;Grado III;1070,092500000000
Comunidad Foral de Navarra;2026-01-31;Grado I;605,953076923077
Comunidad Foral de Navarra;2026-01-31;Grado II;985,859285714285
Comunidad Foral de Navarra;2026-01-31;Grado III;1070,092500000000
País Vasco;2023-01-31;Grado I;257,954735472679
País Vasco;2023-01-31;Grado II;378,444095193212
País Vasco;2023-01-31;Grado III;653,561566018423
País Vasco;2023-02-28;Grado I;270,876577152600
País Vasco;2023-02-28;Grado II;400,374309701492
País Vasco;2023-02-28;Grado III;692,748523014668
País Vasco;2023-03-31;Grado I;272,507898431048
País Vasco;2023-03-31;Grado II;401,462834175469
País Vasco;2023-03-31;Grado III;695,221078382426
País Vasco;2023-04-30;Grado I;282,119393193932
País Vasco;2023-04-30;Grado II;439,758061178587
País Vasco;2023-04-30;Grado III;717,301647921761
País Vasco;2023-05-31;Grado I;282,825094031072
País Vasco;2023-05-31;Grado II;439,956293179804
País Vasco;2023-05-31;Grado III;718,491803844259
País Vasco;2023-06-30;Grado I;285,972363561756
País Vasco;2023-06-30;Grado II;446,577347921226
País Vasco;2023-06-30;Grado III;727,310822906642
País Vasco;2023-07-31;Grado I;285,649262500000
País Vasco;2023-07-31;Grado II;463,929527145360
País Vasco;2023-07-31;Grado III;750,622601351350
País Vasco;2023-08-31;Grado I;285,600203657523
País Vasco;2023-08-31;Grado II;466,869684528954
País Vasco;2023-08-31;Grado III;754,886029622550
País Vasco;2023-09-30;Grado I;285,935756056808
País Vasco;2023-09-30;Grado II;467,104978448276
País Vasco;2023-09-30;Grado III;753,291401334604
País Vasco;2023-10-31;Grado I;286,174968736973
País Vasco;2023-10-31;Grado II;468,638607488431
País Vasco;2023-10-31;Grado III;757,329355755565
País Vasco;2023-11-30;Grado I;287,410192953020
País Vasco;2023-11-30;Grado II;471,999549663299
País Vasco;2023-11-30;Grado III;764,919210526315
País Vasco;2023-12-31;Grado I;287,952476071577
País Vasco;2023-12-31;Grado II;476,132838948233
País Vasco;2023-12-31;Grado III;771,019294841457
País Vasco;2024-01-31;Grado I;288,248476269775
País Vasco;2024-01-31;Grado II;479,701475878986
País Vasco;2024-01-31;Grado III;773,116057279236
País Vasco;2024-02-29;Grado I;289,298107544811
País Vasco;2024-02-29;Grado II;493,376559139786
País Vasco;2024-02-29;Grado III;793,183423466924
País Vasco;2024-09-30;Grado I;290,724011119937
País Vasco;2024-09-30;Grado II;499,478037602819
País Vasco;2024-09-30;Grado III;803,140698492462
País Vasco;2024-10-31;Grado I;291,089057999222
País Vasco;2024-10-31;Grado II;503,051918020108
País Vasco;2024-10-31;Grado III;805,471759678231
País Vasco;2024-11-30;Grado I;291,240545876887
País Vasco;2024-11-30;Grado II;503,175969171483
País Vasco;2024-11-30;Grado III;799,066317109885
País Vasco;2024-12-31;Grado I;291,348647604328
País Vasco;2024-12-31;Grado II;503,436174652241
País Vasco;2024-12-31;Grado III;801,443304785896
País Vasco;2025-01-31;Grado I;291,424456396466
País Vasco;2025-01-31;Grado II;502,967430981595
País Vasco;2025-01-31;Grado III;798,449884364003
País Vasco;2025-02-28;Grado I;290,218651903652
País Vasco;2025-02-28;Grado II;502,083088292494
País Vasco;2025-02-28;Grado III;794,421595907930
País Vasco;2025-03-31;Grado I;290,642312871287
País Vasco;2025-03-31;Grado II;503,153124504362
País Vasco;2025-03-31;Grado III;795,212687891442
País Vasco;2025-04-30;Grado I;291,313941908714
País Vasco;2025-04-30;Grado II;505,713254552499
País Vasco;2025-04-30;Grado III;800,569070707073
País Vasco;2025-05-31;Grado I;291,850168161435
País Vasco;2025-05-31;Grado II;505,003838190184
País Vasco;2025-05-31;Grado III;800,958045634923
País Vasco;2025-06-30;Grado I;292,042932110092
País Vasco;2025-06-30;Grado II;504,789552463332
País Vasco;2025-06-30;Grado III;805,253590243905
País Vasco;2025-07-31;Grado I;292,179593582888
País Vasco;2025-07-31;Grado II;505,898591497227
País Vasco;2025-07-31;Grado III;807,528071942449
País Vasco;2025-08-31;Grado I;291,495393338058
País Vasco;2025-08-31;Grado II;507,765552689756
País Vasco;2025-08-31;Grado III;809,699268527433
País Vasco;2025-09-30;Grado I;291,439868887314
País Vasco;2025-09-30;Grado II;508,131855783308
País Vasco;2025-09-30;Grado III;810,978500241899
País Vasco;2025-10-31;Grado I;291,960943994364
País Vasco;2025-10-31;Grado II;510,699040496168
País Vasco;2025-10-31;Grado III;814,591955034215
País Vasco;2025-11-30;Grado I;291,724477506199
País Vasco;2025-11-30;Grado II;509,783645718485
País Vasco;2025-11-30;Grado III;811,898785405668
País Vasco;2025-12-31;Grado I;292,087314107019
País Vasco;2025-12-31;Grado II;513,412203757224
País Vasco;2025-12-31;Grado III;814,660198113210
País Vasco;2026-01-31;Grado I;292,481043994414
País Vasco;2026-01-31;Grado II;515,629385996407
País Vasco;2026-01-31;Grado III;811,323328550936
