ccaa;fecha;grado;cuantia_pevs
Aragón;2023-01-31;Grado I;118,946666666667
Aragón;2023-01-31;Grado II;114,666666666667
Aragón;2023-01-31;Grado III;250,000000000000
Aragón;2023-02-28;Grado I;124,946666666667
Aragón;2023-02-28;Grado II;130,000000000000
Aragón;2023-02-28;Grado III;290,000000000000
Aragón;2023-03-31;Grado I;124,946666666667
Aragón;2023-03-31;Grado II;130,000000000000
Aragón;2023-03-31;Grado III;290,000000000000
Aragón;2023-04-30;Grado I;149,420000000000
Aragón;2023-04-30;Grado II;130,000000000000
Aragón;2023-04-30;Grado III;290,000000000000
Aragón;2023-05-31;Grado I;149,420000000000
Aragón;2023-05-31;Grado II;130,000000000000
Aragón;2023-05-31;Grado III;290,000000000000
Aragón;2023-06-30;Grado I;149,420000000000
Aragón;2023-06-30;Grado II;130,000000000000
Aragón;2023-06-30;Grado III;290,000000000000
Aragón;2023-07-31;Grado I;149,420000000000
Aragón;2023-07-31;Grado II;130,000000000000
Aragón;2023-07-31;Grado III;290,000000000000
Aragón;2023-08-31;Grado I;149,420000000000
Aragón;2023-08-31;Grado II;130,000000000000
Aragón;2023-08-31;Grado III;290,000000000000
Aragón;2023-09-30;Grado I;149,420000000000
Aragón;2023-09-30;Grado II;130,000000000000
Aragón;2023-09-30;Grado III;290,000000000000
Aragón;2023-10-31;Grado I;149,420000000000
Aragón;2023-10-31;Grado II;130,000000000000
Aragón;2023-10-31;Grado III;290,000000000000
Aragón;2023-11-30;Grado I;149,420000000000
Aragón;2023-11-30;Grado II;130,000000000000
Aragón;2023-11-30;Grado III;290,000000000000
Aragón;2023-12-31;Grado I;161,420000000000
Aragón;2023-12-31;Grado II;150,000000000000
Aragón;2023-12-31;Grado III;290,000000000000
Aragón;2024-01-31;Grado I;161,420000000000
Aragón;2024-01-31;Grado II;150,000000000000
Aragón;2024-01-31;Grado III;290,000000000000
Aragón;2024-02-29;Grado I;161,420000000000
Aragón;2024-02-29;Grado II;150,000000000000
Aragón;2024-02-29;Grado III;290,000000000000
Aragón;2024-09-30;Grado II;150,000000000000
Aragón;2024-09-30;Grado III;290,000000000000
Aragón;2024-10-31;Grado II;150,000000000000
Aragón;2024-10-31;Grado III;290,000000000000
Aragón;2024-11-30;Grado II;150,000000000000
Aragón;2024-11-30;Grado III;290,000000000000
Aragón;2024-12-31;Grado II;150,000000000000
Aragón;2024-12-31;Grado III;290,000000000000
Aragón;2025-01-31;Grado II;150,000000000000
Aragón;2025-01-31;Grado III;290,000000000000
Aragón;2025-02-28;Grado III;290,000000000000
Aragón;2025-03-31;Grado III;290,000000000000
Aragón;2025-04-30;Grado III;290,000000000000
Aragón;2025-05-31;Grado III;290,000000000000
Aragón;2025-06-30;Grado III;290,000000000000
Aragón;2025-07-31;Grado III;290,000000000000
Aragón;2025-08-31;NA;269,142035741671
Principado de Asturias;2023-01-31;Grado I;133,813116883117
Principado de Asturias;2023-01-31;Grado II;231,847058823529
Principado de Asturias;2023-01-31;Grado III;324,557368421053
Principado de Asturias;2023-02-28;Grado I;138,031948051948
Principado de Asturias;2023-02-28;Grado II;224,758200000000
Principado de Asturias;2023-02-28;Grado III;340,567857142857
Principado de Asturias;2023-03-31;Grado I;138,577945205479
Principado de Asturias;2023-03-31;Grado II;225,277058823529
Principado de Asturias;2023-03-31;Grado III;341,551311475410
Principado de Asturias;2023-04-30;Grado I;143,965180722892
Principado de Asturias;2023-04-30;Grado II;235,491228070175
Principado de Asturias;2023-04-30;Grado III;347,118769230770
Principado de Asturias;2023-05-31;Grado I;149,130215053763
Principado de Asturias;2023-05-31;Grado II;245,559836065574
Principado de Asturias;2023-05-31;Grado III;370,034411764706
Principado de Asturias;2023-06-30;Grado I;152,513333333333
Principado de Asturias;2023-06-30;Grado II;248,916885245902
Principado de Asturias;2023-06-30;Grado III;372,527605633803
Principado de Asturias;2023-07-31;Grado I;153,444042553192
Principado de Asturias;2023-07-31;Grado II;249,219843750000
Principado de Asturias;2023-07-31;Grado III;373,312500000000
Principado de Asturias;2023-08-31;Grado I;154,355157894737
Principado de Asturias;2023-08-31;Grado II;249,470895522388
Principado de Asturias;2023-08-31;Grado III;373,941617647059
Principado de Asturias;2023-09-30;Grado I;155,897446808511
Principado de Asturias;2023-09-30;Grado II;254,985223880597
Principado de Asturias;2023-09-30;Grado III;380,869705882353
Principado de Asturias;2023-10-31;Grado I;154,942087912088
Principado de Asturias;2023-10-31;Grado II;256,095652173913
Principado de Asturias;2023-10-31;Grado III;385,365600000000
Principado de Asturias;2023-11-30;Grado I;155,997157894737
Principado de Asturias;2023-11-30;Grado II;254,794430379747
Principado de Asturias;2023-11-30;Grado III;390,962051282052
Principado de Asturias;2023-12-31;Grado I;157,399381443299
Principado de Asturias;2023-12-31;Grado II;251,084303797468
Principado de Asturias;2023-12-31;Grado III;394,834675324676
Principado de Asturias;2024-01-31;Grado I;158,017938144330
Principado de Asturias;2024-01-31;Grado II;251,070384615384
Principado de Asturias;2024-01-31;Grado III;394,384605263158
Principado de Asturias;2024-02-29;Grado I;158,242244897959
Principado de Asturias;2024-02-29;Grado II;249,873373493976
Principado de Asturias;2024-02-29;Grado III;398,259480519481
Principado de Asturias;2024-09-30;Grado I;162,861391304348
Principado de Asturias;2024-09-30;Grado II;259,987126436781
Principado de Asturias;2024-09-30;Grado III;419,202500000000
Principado de Asturias;2024-10-31;Grado I;165,790666666667
Principado de Asturias;2024-10-31;Grado II;260,623440860215
Principado de Asturias;2024-10-31;Grado III;419,365789473685
Principado de Asturias;2024-11-30;Grado I;167,104715447154
Principado de Asturias;2024-11-30;Grado II;262,959684210526
Principado de Asturias;2024-11-30;Grado III;419,428918918919
Principado de Asturias;2024-12-31;Grado I;167,156484375000
Principado de Asturias;2024-12-31;Grado II;262,883749999999
Principado de Asturias;2024-12-31;Grado III;421,037042253522
Principado de Asturias;2025-01-31;Grado I;167,354076923077
Principado de Asturias;2025-01-31;Grado II;262,339052631578
Principado de Asturias;2025-01-31;Grado III;423,051267605634
Principado de Asturias;2025-02-28;Grado I;168,384885496183
Principado de Asturias;2025-02-28;Grado II;263,250824742267
Principado de Asturias;2025-02-28;Grado III;423,166521739131
Principado de Asturias;2025-03-31;Grado I;167,562461538462
Principado de Asturias;2025-03-31;Grado II;260,709387755101
Principado de Asturias;2025-03-31;Grado III;423,067733333334
Principado de Asturias;2025-04-30;Grado I;167,843007518797
Principado de Asturias;2025-04-30;Grado II;261,756039603960
Principado de Asturias;2025-04-30;Grado III;423,146315789474
Principado de Asturias;2025-05-31;Grado I;169,630729927007
Principado de Asturias;2025-05-31;Grado II;266,535196078431
Principado de Asturias;2025-05-31;Grado III;425,117857142858
Principado de Asturias;2025-06-30;Grado I;170,466617647059
Principado de Asturias;2025-06-30;Grado II;265,242935779816
Principado de Asturias;2025-06-30;Grado III;420,154133333334
Principado de Asturias;2025-07-31;Grado I;170,466617647059
Principado de Asturias;2025-07-31;Grado II;263,724905660377
Principado de Asturias;2025-07-31;Grado III;420,009722222223
Principado de Asturias;2025-08-31;Grado I;170,324328358209
Principado de Asturias;2025-08-31;Grado II;263,649626168224
Principado de Asturias;2025-08-31;Grado III;420,009722222223
Principado de Asturias;2025-09-30;Grado I;170,177727272727
Principado de Asturias;2025-09-30;Grado II;263,724905660377
Principado de Asturias;2025-09-30;Grado III;419,882535211268
Principado de Asturias;2025-10-31;Grado I;169,949302325581
Principado de Asturias;2025-10-31;Grado II;263,801619047618
Principado de Asturias;2025-10-31;Grado III;419,335820895523
Principado de Asturias;2025-11-30;Grado I;170,447067669173
Principado de Asturias;2025-11-30;Grado II;263,098598130841
Principado de Asturias;2025-11-30;Grado III;418,461587301588
Principado de Asturias;2025-12-31;Grado I;170,898195488722
Principado de Asturias;2025-12-31;Grado II;262,912818181817
Principado de Asturias;2025-12-31;Grado III;418,479062500000
Principado de Asturias;2026-01-31;Grado I;171,202028985507
Principado de Asturias;2026-01-31;Grado II;262,979266055045
Principado de Asturias;2026-01-31;Grado III;418,332923076924
Canarias;2023-01-31;Grado I;258,818956567797
Canarias;2023-01-31;Grado II;369,641318074196
Canarias;2023-01-31;Grado III;601,001690918228
Canarias;2023-02-28;Grado I;258,066323799528
Canarias;2023-02-28;Grado II;367,873147425902
Canarias;2023-02-28;Grado III;599,012840738906
Canarias;2023-03-31;Grado I;252,356076406815
Canarias;2023-03-31;Grado II;359,001084104943
Canarias;2023-03-31;Grado III;586,774290674617
Canarias;2023-04-30;Grado I;239,127545108005
Canarias;2023-04-30;Grado II;337,854177118971
Canarias;2023-04-30;Grado III;557,634358341571
Canarias;2023-05-31;Grado I;230,641241258741
Canarias;2023-05-31;Grado II;326,826093109874
Canarias;2023-05-31;Grado III;546,726089712346
Canarias;2023-06-30;Grado I;230,422903146510
Canarias;2023-06-30;Grado II;326,947119705345
Canarias;2023-06-30;Grado III;545,016581237922
Canarias;2023-07-31;Grado I;228,655981081737
Canarias;2023-07-31;Grado II;325,360394304495
Canarias;2023-07-31;Grado III;537,016868052209
Canarias;2023-08-31;Grado I;225,584124034750
Canarias;2023-08-31;Grado II;319,857088288293
Canarias;2023-08-31;Grado III;526,038612303299
Canarias;2023-09-30;Grado I;225,733857892228
Canarias;2023-09-30;Grado II;320,330314173514
Canarias;2023-09-30;Grado III;529,128362068974
Canarias;2023-10-31;Grado I;226,580890995262
Canarias;2023-10-31;Grado II;321,303758485178
Canarias;2023-10-31;Grado III;532,574155031303
Canarias;2023-11-30;Grado I;226,895722976137
Canarias;2023-11-30;Grado II;323,766088028174
Canarias;2023-11-30;Grado III;533,733642960820
Canarias;2023-12-31;Grado I;229,215711645104
Canarias;2023-12-31;Grado II;330,086288269699
Canarias;2023-12-31;Grado III;544,699418548782
Canarias;2024-01-31;Grado I;228,611555656937
Canarias;2024-01-31;Grado II;330,479844014926
Canarias;2024-01-31;Grado III;549,332514534890
Canarias;2024-02-29;Grado I;228,265032347507
Canarias;2024-02-29;Grado II;330,383867173994
Canarias;2024-02-29;Grado III;548,396062124255
Canarias;2024-09-30;Grado I;218,137233050851
Canarias;2024-09-30;Grado II;314,962612440197
Canarias;2024-09-30;Grado III;530,886769537088
Canarias;2024-10-31;Grado I;220,235791807436
Canarias;2024-10-31;Grado II;317,543494363935
Canarias;2024-10-31;Grado III;536,572557442562
Canarias;2024-11-30;Grado I;222,039911727620
Canarias;2024-11-30;Grado II;320,388750400519
Canarias;2024-11-30;Grado III;540,338945767871
Canarias;2024-12-31;Grado I;223,086490134998
Canarias;2024-12-31;Grado II;322,134908916593
Canarias;2024-12-31;Grado III;539,766167176355
Canarias;2025-01-31;Grado I;224,028982035931
Canarias;2025-01-31;Grado II;323,611731754167
Canarias;2025-01-31;Grado III;542,503357070198
Canarias;2025-02-28;Grado I;226,723241848950
Canarias;2025-02-28;Grado II;325,971308531116
Canarias;2025-02-28;Grado III;543,627335406951
Canarias;2025-03-31;Grado I;227,802332023984
Canarias;2025-03-31;Grado II;326,780719309469
Canarias;2025-03-31;Grado III;544,385469728605
Canarias;2025-04-30;Grado I;229,278136456631
Canarias;2025-04-30;Grado II;328,856974522299
Canarias;2025-04-30;Grado III;545,589921630098
Canarias;2025-05-31;Grado I;230,014017001231
Canarias;2025-05-31;Grado II;330,395513103890
Canarias;2025-05-31;Grado III;549,166592091575
Canarias;2025-06-30;Grado I;231,797466247721
Canarias;2025-06-30;Grado II;333,692954755317
Canarias;2025-06-30;Grado III;553,167628300950
Canarias;2025-07-31;Grado I;233,981214423820
Canarias;2025-07-31;Grado II;338,601347763356
Canarias;2025-07-31;Grado III;564,998580470167
Canarias;2025-08-31;Grado I;235,128605951305
Canarias;2025-08-31;Grado II;343,108114451486
Canarias;2025-08-31;Grado III;572,911286852593
Canarias;2025-09-30;Grado I;237,401249365156
Canarias;2025-09-30;Grado II;347,524049881247
Canarias;2025-09-30;Grado III;579,467195295798
Canarias;2025-10-31;Grado I;240,352218665765
Canarias;2025-10-31;Grado II;352,735572368433
Canarias;2025-10-31;Grado III;585,669419573946
Canarias;2025-11-30;Grado I;243,784295492484
Canarias;2025-11-30;Grado II;358,184765320775
Canarias;2025-11-30;Grado III;589,756021058469
Canarias;2025-12-31;Grado I;247,054651656056
Canarias;2025-12-31;Grado II;362,588383268496
Canarias;2025-12-31;Grado III;592,620342783508
Canarias;2026-01-31;Grado I;249,997702358184
Canarias;2026-01-31;Grado II;364,709017576332
Canarias;2026-01-31;Grado III;594,256753056236
Castilla-La Mancha;2023-01-31;Grado I;167,369652466368
Castilla-La Mancha;2023-01-31;Grado II;287,973602150538
Castilla-La Mancha;2023-01-31;Grado III;424,842108843537
Castilla-La Mancha;2023-02-28;Grado I;167,459236902050
Castilla-La Mancha;2023-02-28;Grado II;289,344375000000
Castilla-La Mancha;2023-02-28;Grado III;419,089929078014
Castilla-La Mancha;2023-03-31;Grado I;165,865617848970
Castilla-La Mancha;2023-03-31;Grado II;286,383641025642
Castilla-La Mancha;2023-03-31;Grado III;404,165357142857
Castilla-La Mancha;2023-04-30;Grado I;166,062292134831
Castilla-La Mancha;2023-04-30;Grado II;283,792561576355
Castilla-La Mancha;2023-04-30;Grado III;399,712500000000
Castilla-La Mancha;2023-05-31;Grado I;167,192668161435
Castilla-La Mancha;2023-05-31;Grado II;284,966000000000
Castilla-La Mancha;2023-05-31;Grado III;404,644609929078
Castilla-La Mancha;2023-06-30;Grado I;166,028571428571
Castilla-La Mancha;2023-06-30;Grado II;291,135825688074
Castilla-La Mancha;2023-06-30;Grado III;418,271409395973
Castilla-La Mancha;2023-07-31;Grado I;167,255429769392
Castilla-La Mancha;2023-07-31;Grado II;289,176696035243
Castilla-La Mancha;2023-07-31;Grado III;428,104600000000
Castilla-La Mancha;2023-08-31;Grado I;171,545269709543
Castilla-La Mancha;2023-08-31;Grado II;304,240255319149
Castilla-La Mancha;2023-08-31;Grado III;448,237027027027
Castilla-La Mancha;2023-09-30;Grado I;170,220848484848
Castilla-La Mancha;2023-09-30;Grado II;296,132100840336
Castilla-La Mancha;2023-09-30;Grado III;455,387935483871
Castilla-La Mancha;2023-10-31;Grado I;168,924531250000
Castilla-La Mancha;2023-10-31;Grado II;294,240000000000
Castilla-La Mancha;2023-10-31;Grado III;463,550943396226
Castilla-La Mancha;2023-11-30;Grado I;169,590478011472
Castilla-La Mancha;2023-11-30;Grado II;295,543114754098
Castilla-La Mancha;2023-11-30;Grado III;463,994625000000
Castilla-La Mancha;2023-12-31;Grado I;170,570873605948
Castilla-La Mancha;2023-12-31;Grado II;300,253095238095
Castilla-La Mancha;2023-12-31;Grado III;455,270060606061
Castilla-La Mancha;2024-01-31;Grado I;170,643924528302
Castilla-La Mancha;2024-01-31;Grado II;297,161867704280
Castilla-La Mancha;2024-01-31;Grado III;465,973503184713
Castilla-La Mancha;2024-02-29;Grado I;176,069981617647
Castilla-La Mancha;2024-02-29;Grado II;300,830653846154
Castilla-La Mancha;2024-02-29;Grado III;480,295937500000
Castilla-La Mancha;2024-09-30;Grado I;179,232424722662
Castilla-La Mancha;2024-09-30;Grado II;297,800863309352
Castilla-La Mancha;2024-09-30;Grado III;470,009277777778
Castilla-La Mancha;2024-10-31;Grado I;179,206259780908
Castilla-La Mancha;2024-10-31;Grado II;298,355304659498
Castilla-La Mancha;2024-10-31;Grado III;464,255111111111
Castilla-La Mancha;2024-11-30;Grado I;177,917670196672
Castilla-La Mancha;2024-11-30;Grado II;292,474742268041
Castilla-La Mancha;2024-11-30;Grado III;474,846348314607
Castilla-La Mancha;2024-12-31;Grado I;177,750147928994
Castilla-La Mancha;2024-12-31;Grado II;288,242508038585
Castilla-La Mancha;2024-12-31;Grado III;473,689944444444
Castilla-La Mancha;2025-01-31;Grado I;178,308135838150
Castilla-La Mancha;2025-01-31;Grado II;287,281790123456
Castilla-La Mancha;2025-01-31;Grado III;478,867752808989
Castilla-La Mancha;2025-02-28;Grado I;178,514095513748
Castilla-La Mancha;2025-02-28;Grado II;282,800660377358
Castilla-La Mancha;2025-02-28;Grado III;470,952556818182
Castilla-La Mancha;2025-03-31;Grado I;177,109117221418
Castilla-La Mancha;2025-03-31;Grado II;277,194441087613
Castilla-La Mancha;2025-03-31;Grado III;467,356358381503
Castilla-La Mancha;2025-04-30;Grado I;175,163450704225
Castilla-La Mancha;2025-04-30;Grado II;275,134834834834
Castilla-La Mancha;2025-04-30;Grado III;476,248505747127
Castilla-La Mancha;2025-05-31;Grado I;175,260882352941
Castilla-La Mancha;2025-05-31;Grado II;272,136443148687
Castilla-La Mancha;2025-05-31;Grado III;480,660273224044
Castilla-La Mancha;2025-06-30;Grado I;174,166165517241
Castilla-La Mancha;2025-06-30;Grado II;274,509943181818
Castilla-La Mancha;2025-06-30;Grado III;484,298087431694
Castilla-La Mancha;2025-07-31;Grado I;173,397262872629
Castilla-La Mancha;2025-07-31;Grado II;270,890441988950
Castilla-La Mancha;2025-07-31;Grado III;473,928421052632
Castilla-La Mancha;2025-08-31;Grado I;172,215415549598
Castilla-La Mancha;2025-08-31;Grado II;268,679473684210
Castilla-La Mancha;2025-08-31;Grado III;466,460317460317
Castilla-La Mancha;2025-09-30;Grado I;170,553642473118
Castilla-La Mancha;2025-09-30;Grado II;268,474168937329
Castilla-La Mancha;2025-09-30;Grado III;461,912637362637
Castilla-La Mancha;2025-10-31;Grado I;168,673457943925
Castilla-La Mancha;2025-10-31;Grado II;264,728586666666
Castilla-La Mancha;2025-10-31;Grado III;454,895133689840
Castilla-La Mancha;2025-11-30;Grado I;168,076946564886
Castilla-La Mancha;2025-11-30;Grado II;263,644342105263
Castilla-La Mancha;2025-11-30;Grado III;435,876699507389
Castilla-La Mancha;2025-12-31;Grado I;166,867218045113
Castilla-La Mancha;2025-12-31;Grado II;260,397487309644
Castilla-La Mancha;2025-12-31;Grado III;427,032731481481
Castilla-La Mancha;2026-01-31;Grado I;165,431220715166
Castilla-La Mancha;2026-01-31;Grado II;262,401959287531
Castilla-La Mancha;2026-01-31;Grado III;426,256438356164
Castilla y León;2023-01-31;Grado I;220,979329120079
Castilla y León;2023-01-31;Grado II;356,055330819334
Castilla y León;2023-01-31;Grado III;518,615833333333
Castilla y León;2023-02-28;Grado I;220,629255624340
Castilla y León;2023-02-28;Grado II;356,105569906361
Castilla y León;2023-02-28;Grado III;517,716224066390
Castilla y León;2023-03-31;Grado I;225,643699735838
Castilla y León;2023-03-31;Grado II;370,104172227518
Castilla y León;2023-03-31;Grado III;540,317337526207
Castilla y León;2023-04-30;Grado I;226,070236220473
Castilla y León;2023-04-30;Grado II;371,659378052751
Castilla y León;2023-04-30;Grado III;545,562053376908
Castilla y León;2023-05-31;Grado I;238,199157612740
Castilla y León;2023-05-31;Grado II;392,192493429697
Castilla y León;2023-05-31;Grado III;564,304733695654
Castilla y León;2023-06-30;Grado I;238,103841482404
Castilla y León;2023-06-30;Grado II;392,436654249914
Castilla y León;2023-06-30;Grado III;569,247826321469
Castilla y León;2023-07-31;Grado I;238,247975181598
Castilla y León;2023-07-31;Grado II;393,244281967212
Castilla y León;2023-07-31;Grado III;569,257782470963
Castilla y León;2023-08-31;Grado I;239,037028266982
Castilla y León;2023-08-31;Grado II;392,332655748232
Castilla y León;2023-08-31;Grado III;570,904814621412
Castilla y León;2023-09-30;Grado I;239,524060562364
Castilla y León;2023-09-30;Grado II;391,074733395695
Castilla y León;2023-09-30;Grado III;573,093710010322
Castilla y León;2023-10-31;Grado I;238,923913847028
Castilla y León;2023-10-31;Grado II;391,025222597481
Castilla y León;2023-10-31;Grado III;569,797202906074
Castilla y León;2023-11-30;Grado I;238,973295631273
Castilla y León;2023-11-30;Grado II;392,705082822084
Castilla y León;2023-11-30;Grado III;568,484055727557
Castilla y León;2023-12-31;Grado I;239,600790609821
Castilla y León;2023-12-31;Grado II;393,066691328794
Castilla y León;2023-12-31;Grado III;568,384806240566
Castilla y León;2024-01-31;Grado I;240,329039323683
Castilla y León;2024-01-31;Grado II;393,483732906603
Castilla y León;2024-01-31;Grado III;568,776007121060
Castilla y León;2024-02-29;Grado I;242,403389665653
Castilla y León;2024-02-29;Grado II;394,067597859757
Castilla y León;2024-02-29;Grado III;570,353112348181
Castilla y León;2024-09-30;Grado I;246,856634060106
Castilla y León;2024-09-30;Grado II;403,258119708029
Castilla y León;2024-09-30;Grado III;595,646426652338
Castilla y León;2024-10-31;Grado I;246,784905796231
Castilla y León;2024-10-31;Grado II;403,759436157517
Castilla y León;2024-10-31;Grado III;594,099726027398
Castilla y León;2024-11-30;Grado I;246,461422982885
Castilla y León;2024-11-30;Grado II;404,353407429963
Castilla y León;2024-11-30;Grado III;595,983915730338
Castilla y León;2024-12-31;Grado I;246,284520582329
Castilla y León;2024-12-31;Grado II;383,885149934810
Castilla y León;2024-12-31;Grado III;588,737739436620
Castilla y León;2025-01-31;Grado I;232,168336523737
Castilla y León;2025-01-31;Grado II;383,288497480530
Castilla y León;2025-01-31;Grado III;593,293814733771
Castilla y León;2025-02-28;Grado I;232,741543364884
Castilla y León;2025-02-28;Grado II;385,297724795639
Castilla y León;2025-02-28;Grado III;598,771187683285
Castilla y León;2025-03-31;Grado I;232,641393426491
Castilla y León;2025-03-31;Grado II;387,165020727775
Castilla y León;2025-03-31;Grado III;599,652145508538
Castilla y León;2025-04-30;Grado I;233,904727838259
Castilla y León;2025-04-30;Grado II;388,813014705882
Castilla y León;2025-04-30;Grado III;600,733842729971
Castilla y León;2025-05-31;Grado I;233,166627363286
Castilla y León;2025-05-31;Grado II;388,001704272683
Castilla y León;2025-05-31;Grado III;604,241209372639
Castilla y León;2025-06-30;Grado I;233,690984646879
Castilla y León;2025-06-30;Grado II;388,975416263310
Castilla y León;2025-06-30;Grado III;606,444013402830
Castilla y León;2025-07-31;Grado I;233,562194668320
Castilla y León;2025-07-31;Grado II;389,896791443850
Castilla y León;2025-07-31;Grado III;606,287622272386
Castilla y León;2025-08-31;Grado I;233,861452420702
Castilla y León;2025-08-31;Grado II;391,240335968379
Castilla y León;2025-08-31;Grado III;606,649735049205
Castilla y León;2025-09-30;Grado I;233,926195008461
Castilla y León;2025-09-30;Grado II;391,257215064420
Castilla y León;2025-09-30;Grado III;605,257924673328
Castilla y León;2025-10-31;Grado I;234,436544871795
Castilla y León;2025-10-31;Grado II;391,830612244898
Castilla y León;2025-10-31;Grado III;606,649596899225
Castilla y León;2025-11-30;Grado I;235,410361912969
Castilla y León;2025-11-30;Grado II;394,440167487684
Castilla y León;2025-11-30;Grado III;608,985718750000
Castilla y León;2025-12-31;Grado I;233,997716216217
Castilla y León;2025-12-31;Grado II;394,528126858275
Castilla y León;2025-12-31;Grado III;608,519585326954
Castilla y León;2026-01-31;Grado I;240,283247465059
Castilla y León;2026-01-31;Grado II;403,832257360959
Castilla y León;2026-01-31;Grado III;613,337284768212
Cataluña;2023-01-31;Grado I;221,164084233860
Cataluña;2023-01-31;Grado II;291,560228699556
Cataluña;2023-01-31;Grado III;503,332108843538
Cataluña;2023-02-28;Grado I;221,280146341464
Cataluña;2023-02-28;Grado II;291,832178669102
Cataluña;2023-02-28;Grado III;503,613947730399
Cataluña;2023-03-31;Grado I;221,453658068057
Cataluña;2023-03-31;Grado II;291,149764386049
Cataluña;2023-03-31;Grado III;503,587500000000
Cataluña;2023-04-30;Grado I;221,508415828121
Cataluña;2023-04-30;Grado II;291,671117620554
Cataluña;2023-04-30;Grado III;502,064154057772
Cataluña;2023-05-31;Grado I;221,437149369804
Cataluña;2023-05-31;Grado II;291,462653693061
Cataluña;2023-05-31;Grado III;501,331270491803
Cataluña;2023-06-30;Grado I;221,341491309540
Cataluña;2023-06-30;Grado II;290,619265091869
Cataluña;2023-06-30;Grado III;501,945722222222
Cataluña;2023-07-31;Grado I;221,332152365889
Cataluña;2023-07-31;Grado II;289,842997382204
Cataluña;2023-07-31;Grado III;501,707192737430
Cataluña;2023-08-31;Grado I;221,378515318146
Cataluña;2023-08-31;Grado II;289,568699045972
Cataluña;2023-08-31;Grado III;500,455730337079
Cataluña;2023-09-30;Grado I;221,298597545051
Cataluña;2023-09-30;Grado II;289,184893617026
Cataluña;2023-09-30;Grado III;500,505605633803
Cataluña;2023-10-31;Grado I;221,402086557377
Cataluña;2023-10-31;Grado II;288,920149190116
Cataluña;2023-10-31;Grado III;501,225676056338
Cataluña;2023-11-30;Grado I;221,449590759076
Cataluña;2023-11-30;Grado II;288,861106787726
Cataluña;2023-11-30;Grado III;501,476980056980
Cataluña;2023-12-31;Grado I;221,300851975888
Cataluña;2023-12-31;Grado II;288,966534040676
Cataluña;2023-12-31;Grado III;502,912540145986
Cataluña;2024-01-31;Grado I;221,239559842413
Cataluña;2024-01-31;Grado II;289,707890484743
Cataluña;2024-01-31;Grado III;501,811524663677
Cataluña;2024-02-29;Grado I;221,086885017423
Cataluña;2024-02-29;Grado II;289,421200000003
Cataluña;2024-02-29;Grado III;501,830046656298
Cataluña;2024-09-30;Grado I;220,462328256645
Cataluña;2024-09-30;Grado II;291,022238966630
Cataluña;2024-09-30;Grado III;506,002879310344
Cataluña;2024-10-31;Grado I;220,508422366452
Cataluña;2024-10-31;Grado II;290,738590308369
Cataluña;2024-10-31;Grado III;506,032673796790
Cataluña;2024-11-30;Grado I;220,612213296874
Cataluña;2024-11-30;Grado II;291,538420752564
Cataluña;2024-11-30;Grado III;507,190627240142
Cataluña;2024-12-31;Grado I;220,518800699302
Cataluña;2024-12-31;Grado II;291,917206053549
Cataluña;2024-12-31;Grado III;507,949672131146
Cataluña;2025-01-31;Grado I;220,418395616243
Cataluña;2025-01-31;Grado II;292,621223150356
Cataluña;2025-01-31;Grado III;508,399502762429
Cataluña;2025-02-28;Grado I;220,411974534048
Cataluña;2025-02-28;Grado II;292,031749235472
Cataluña;2025-02-28;Grado III;509,172270992364
Cataluña;2025-03-31;Grado I;220,572785673680
Cataluña;2025-03-31;Grado II;292,583146633100
Cataluña;2025-03-31;Grado III;511,208441814594
Cataluña;2025-04-30;Grado I;220,689133398249
Cataluña;2025-04-30;Grado II;292,887877022651
Cataluña;2025-04-30;Grado III;510,616727272726
Cataluña;2025-05-31;Grado I;220,436440440442
Cataluña;2025-05-31;Grado II;293,798594059403
Cataluña;2025-05-31;Grado III;512,183643892338
Cataluña;2025-06-30;Grado I;220,353927250310
Cataluña;2025-06-30;Grado II;293,956408876931
Cataluña;2025-06-30;Grado III;514,822150313151
Cataluña;2025-07-31;Grado I;220,322375422299
Cataluña;2025-07-31;Grado II;293,657772446878
Cataluña;2025-07-31;Grado III;518,037199999998
Cataluña;2025-08-31;Grado I;220,328486941508
Cataluña;2025-08-31;Grado II;293,525353675448
Cataluña;2025-08-31;Grado III;518,962999999998
Cataluña;2025-09-30;Grado I;220,366947808854
Cataluña;2025-09-30;Grado II;293,643041345477
Cataluña;2025-09-30;Grado III;519,830751072960
Cataluña;2025-10-31;Grado I;220,401398238086
Cataluña;2025-10-31;Grado II;293,658316690439
Cataluña;2025-10-31;Grado III;520,871444201312
Cataluña;2025-11-30;Grado I;220,430501975368
Cataluña;2025-11-30;Grado II;293,454639543180
Cataluña;2025-11-30;Grado III;520,656954643627
Cataluña;2025-12-31;Grado I;220,247312574852
Cataluña;2025-12-31;Grado II;294,232284263956
Cataluña;2025-12-31;Grado III;520,062688172041
Cataluña;2026-01-31;Grado I;220,030228894907
Cataluña;2026-01-31;Grado II;294,857999999996
Cataluña;2026-01-31;Grado III;518,254730021597
Ceuta y Melilla;2024-09-30;Grado I;246,075000000000
Ceuta y Melilla;2024-09-30;Grado II;291,055000000000
Ceuta y Melilla;2024-10-31;Grado I;246,075000000000
Ceuta y Melilla;2024-10-31;Grado II;291,055000000000
Ceuta y Melilla;2024-11-30;Grado I;282,150000000000
Ceuta y Melilla;2024-11-30;Grado II;291,055000000000
Ceuta y Melilla;2024-12-31;Grado I;282,150000000000
Ceuta y Melilla;2024-12-31;Grado II;342,470000000000
Ceuta y Melilla;2025-01-31;Grado I;282,150000000000
Ceuta y Melilla;2025-01-31;Grado II;342,470000000000
Ceuta y Melilla;2025-02-28;Grado I;282,150000000000
Ceuta y Melilla;2025-02-28;Grado II;342,470000000000
Ceuta y Melilla;2025-03-31;Grado I;282,150000000000
Ceuta y Melilla;2025-03-31;Grado II;342,470000000000
Ceuta y Melilla;2025-04-30;Grado I;282,150000000000
Ceuta y Melilla;2025-04-30;Grado II;342,470000000000
Ceuta y Melilla;2025-05-31;Grado I;282,150000000000
Ceuta y Melilla;2025-05-31;Grado II;342,470000000000
Ceuta y Melilla;2025-06-30;Grado I;282,150000000000
Ceuta y Melilla;2025-06-30;Grado II;342,470000000000
Ceuta y Melilla;2025-07-31;Grado I;282,150000000000
Ceuta y Melilla;2025-07-31;Grado II;342,470000000000
Ceuta y Melilla;2025-08-31;Grado I;282,150000000000
Ceuta y Melilla;2025-08-31;Grado II;342,470000000000
Ceuta y Melilla;2025-09-30;Grado I;282,150000000000
Ceuta y Melilla;2025-09-30;Grado II;342,470000000000
Ceuta y Melilla;2025-10-31;Grado I;282,150000000000
Ceuta y Melilla;2025-10-31;Grado II;291,055000000000
Ceuta y Melilla;2025-11-30;Grado I;282,150000000000
Ceuta y Melilla;2025-11-30;Grado II;291,055000000000
Ceuta y Melilla;2025-12-31;Grado I;282,150000000000
Ceuta y Melilla;2025-12-31;Grado II;291,055000000000
Ceuta y Melilla;2026-01-31;Grado I;282,150000000000
Ceuta y Melilla;2026-01-31;Grado II;291,055000000000
Comunidad Valenciana;2023-01-31;Grado I;251,006178694158
Comunidad Valenciana;2023-01-31;Grado II;386,588010005559
Comunidad Valenciana;2023-01-31;Grado III;687,937943722943
Comunidad Valenciana;2023-02-28;Grado I;253,567289688489
Comunidad Valenciana;2023-02-28;Grado II;389,517734246575
Comunidad Valenciana;2023-02-28;Grado III;694,356497597437
Comunidad Valenciana;2023-03-31;Grado I;257,073531006439
Comunidad Valenciana;2023-03-31;Grado II;392,557324244854
Comunidad Valenciana;2023-03-31;Grado III;695,113196842624
Comunidad Valenciana;2023-04-30;Grado I;259,365242070117
Comunidad Valenciana;2023-04-30;Grado II;396,152452087162
Comunidad Valenciana;2023-04-30;Grado III;700,928473915163
Comunidad Valenciana;2023-05-31;Grado I;263,096386323124
Comunidad Valenciana;2023-05-31;Grado II;403,231550268611
Comunidad Valenciana;2023-05-31;Grado III;709,847683397683
Comunidad Valenciana;2023-06-30;Grado I;266,666872260997
Comunidad Valenciana;2023-06-30;Grado II;409,173676699533
Comunidad Valenciana;2023-06-30;Grado III;720,581810679612
Comunidad Valenciana;2023-07-31;Grado I;268,484765471732
Comunidad Valenciana;2023-07-31;Grado II;408,628727578475
Comunidad Valenciana;2023-07-31;Grado III;722,288089238845
Comunidad Valenciana;2023-08-31;Grado I;268,437839583707
Comunidad Valenciana;2023-08-31;Grado II;408,555860702152
Comunidad Valenciana;2023-08-31;Grado III;721,990251875669
Comunidad Valenciana;2023-09-30;Grado I;270,254568580268
Comunidad Valenciana;2023-09-30;Grado II;413,505427859319
Comunidad Valenciana;2023-09-30;Grado III;728,558244596732
Comunidad Valenciana;2023-10-31;Grado I;271,542582244999
Comunidad Valenciana;2023-10-31;Grado II;417,598617424242
Comunidad Valenciana;2023-10-31;Grado III;734,637862755369
Comunidad Valenciana;2023-11-30;Grado I;278,547331834966
Comunidad Valenciana;2023-11-30;Grado II;429,388662028365
Comunidad Valenciana;2023-11-30;Grado III;756,247676306443
Comunidad Valenciana;2023-12-31;Grado I;281,874116976214
Comunidad Valenciana;2023-12-31;Grado II;434,034578636607
Comunidad Valenciana;2023-12-31;Grado III;766,758294416243
Comunidad Valenciana;2024-01-31;Grado I;281,859176879762
Comunidad Valenciana;2024-01-31;Grado II;433,563959362987
Comunidad Valenciana;2024-01-31;Grado III;766,358960629921
Comunidad Valenciana;2024-02-29;Grado I;282,919166266603
Comunidad Valenciana;2024-02-29;Grado II;438,128080380751
Comunidad Valenciana;2024-02-29;Grado III;774,027511357900
Comunidad Valenciana;2024-09-30;Grado I;288,554882217090
Comunidad Valenciana;2024-09-30;Grado II;457,854876482213
Comunidad Valenciana;2024-09-30;Grado III;800,443415964303
Comunidad Valenciana;2024-10-31;Grado I;288,879191612217
Comunidad Valenciana;2024-10-31;Grado II;459,167957625031
Comunidad Valenciana;2024-10-31;Grado III;802,307910447761
Comunidad Valenciana;2024-11-30;Grado I;289,772040345821
Comunidad Valenciana;2024-11-30;Grado II;463,509314096499
Comunidad Valenciana;2024-11-30;Grado III;807,562322390985
Comunidad Valenciana;2024-12-31;Grado I;291,894270549419
Comunidad Valenciana;2024-12-31;Grado II;471,904034602076
Comunidad Valenciana;2024-12-31;Grado III;821,263362914526
Comunidad Valenciana;2025-01-31;Grado I;291,994862170088
Comunidad Valenciana;2025-01-31;Grado II;473,777444242148
Comunidad Valenciana;2025-01-31;Grado III;823,792070545122
Comunidad Valenciana;2025-02-28;Grado I;292,139327558361
Comunidad Valenciana;2025-02-28;Grado II;475,265899003623
Comunidad Valenciana;2025-02-28;Grado III;826,469926436781
Comunidad Valenciana;2025-03-31;Grado I;292,872869565217
Comunidad Valenciana;2025-03-31;Grado II;477,785406899602
Comunidad Valenciana;2025-03-31;Grado III;830,282603928735
Comunidad Valenciana;2025-04-30;Grado I;293,032583309598
Comunidad Valenciana;2025-04-30;Grado II;479,657034832451
Comunidad Valenciana;2025-04-30;Grado III;831,854058904740
Comunidad Valenciana;2025-05-31;Grado I;293,202086484944
Comunidad Valenciana;2025-05-31;Grado II;480,547176079734
Comunidad Valenciana;2025-05-31;Grado III;834,366323871568
Comunidad Valenciana;2025-06-30;Grado I;293,618939878013
Comunidad Valenciana;2025-06-30;Grado II;481,156870778928
Comunidad Valenciana;2025-06-30;Grado III;836,109021077284
Comunidad Valenciana;2025-07-31;Grado I;294,261866060687
Comunidad Valenciana;2025-07-31;Grado II;486,988094831269
Comunidad Valenciana;2025-07-31;Grado III;839,355990825688
Comunidad Valenciana;2025-08-31;Grado I;294,355741614256
Comunidad Valenciana;2025-08-31;Grado II;488,209174973489
Comunidad Valenciana;2025-08-31;Grado III;841,643780771018
Comunidad Valenciana;2025-09-30;Grado I;294,721042840299
Comunidad Valenciana;2025-09-30;Grado II;489,110293055850
Comunidad Valenciana;2025-09-30;Grado III;842,526536817102
Comunidad Valenciana;2025-10-31;Grado I;294,829520257235
Comunidad Valenciana;2025-10-31;Grado II;490,869892834629
Comunidad Valenciana;2025-10-31;Grado III;845,308766603416
Comunidad Valenciana;2025-11-30;Grado I;295,019173723377
Comunidad Valenciana;2025-11-30;Grado II;491,778266214498
Comunidad Valenciana;2025-11-30;Grado III;848,651598062954
Comunidad Valenciana;2025-12-31;Grado I;295,081688426924
Comunidad Valenciana;2025-12-31;Grado II;494,258075637275
Comunidad Valenciana;2025-12-31;Grado III;849,317691211401
Comunidad Valenciana;2026-01-31;Grado I;295,258870156014
Comunidad Valenciana;2026-01-31;Grado II;495,531727367326
Comunidad Valenciana;2026-01-31;Grado III;850,800534096328
Extremadura;2023-01-31;Grado I;190,132429588361
Extremadura;2023-01-31;Grado II;346,726157907377
Extremadura;2023-01-31;Grado III;605,458865384625
Extremadura;2023-02-28;Grado I;190,006659937886
Extremadura;2023-02-28;Grado II;346,087939893369
Extremadura;2023-02-28;Grado III;605,443564161479
Extremadura;2023-03-31;Grado I;190,002224287482
Extremadura;2023-03-31;Grado II;346,320461277018
Extremadura;2023-03-31;Grado III;604,595852442680
Extremadura;2023-04-30;Grado I;189,971602355492
Extremadura;2023-04-30;Grado II;345,972333979650
Extremadura;2023-04-30;Grado III;605,671912515973
Extremadura;2023-05-31;Grado I;189,939179059179
Extremadura;2023-05-31;Grado II;345,384124940400
Extremadura;2023-05-31;Grado III;605,870405576688
Extremadura;2023-06-30;Grado I;189,530116790534
Extremadura;2023-06-30;Grado II;346,442622295400
Extremadura;2023-06-30;Grado III;606,306634056871
Extremadura;2023-07-31;Grado I;190,012679638424
Extremadura;2023-07-31;Grado II;346,845499528756
Extremadura;2023-07-31;Grado III;606,396815845184
Extremadura;2023-08-31;Grado I;190,224366065878
Extremadura;2023-08-31;Grado II;346,460302308983
Extremadura;2023-08-31;Grado III;607,061316758755
Extremadura;2023-09-30;Grado I;190,119065959768
Extremadura;2023-09-30;Grado II;346,345763157903
Extremadura;2023-09-30;Grado III;606,589040325108
Extremadura;2023-10-31;Grado I;191,140475322702
Extremadura;2023-10-31;Grado II;347,874899720159
Extremadura;2023-10-31;Grado III;606,967740235593
Extremadura;2023-11-30;Grado I;191,200365483772
Extremadura;2023-11-30;Grado II;347,487625205746
Extremadura;2023-11-30;Grado III;605,508134257806
Extremadura;2023-12-31;Grado I;191,357285047431
Extremadura;2023-12-31;Grado II;347,841781946082
Extremadura;2023-12-31;Grado III;607,306632140620
Extremadura;2024-01-31;Grado I;191,317606824701
Extremadura;2024-01-31;Grado II;347,737547974423
Extremadura;2024-01-31;Grado III;607,393141663995
Extremadura;2024-02-29;Grado I;191,277857470560
Extremadura;2024-02-29;Grado II;347,907955974851
Extremadura;2024-02-29;Grado III;606,406675470458
Extremadura;2024-09-30;Grado I;194,125494802790
Extremadura;2024-09-30;Grado II;347,753189577729
Extremadura;2024-09-30;Grado III;606,428763339615
Extremadura;2024-10-31;Grado I;194,946747746457
Extremadura;2024-10-31;Grado II;347,771711671513
Extremadura;2024-10-31;Grado III;606,849742874849
Extremadura;2024-11-30;Grado I;195,869769578737
Extremadura;2024-11-30;Grado II;346,820507569023
Extremadura;2024-11-30;Grado III;608,065296092800
Extremadura;2024-12-31;Grado I;195,956653895273
Extremadura;2024-12-31;Grado II;346,118482636596
Extremadura;2024-12-31;Grado III;608,488854135343
Extremadura;2025-01-31;Grado I;196,095741007192
Extremadura;2025-01-31;Grado II;345,605675493728
Extremadura;2025-01-31;Grado III;606,344190239358
Extremadura;2025-02-28;Grado I;196,231731021418
Extremadura;2025-02-28;Grado II;345,193666666677
Extremadura;2025-02-28;Grado III;605,390845341023
Extremadura;2025-03-31;Grado I;196,174295253301
Extremadura;2025-03-31;Grado II;345,013927837416
Extremadura;2025-03-31;Grado III;604,267569131838
Extremadura;2025-04-30;Grado I;196,340558132790
Extremadura;2025-04-30;Grado II;344,645001140261
Extremadura;2025-04-30;Grado III;604,321041533551
Extremadura;2025-05-31;Grado I;196,762044399302
Extremadura;2025-05-31;Grado II;344,568962392398
Extremadura;2025-05-31;Grado III;603,573692985221
Extremadura;2025-06-30;Grado I;196,634652807852
Extremadura;2025-06-30;Grado II;343,897020941240
Extremadura;2025-06-30;Grado III;604,147258064521
Extremadura;2025-07-31;Grado I;196,595386370115
Extremadura;2025-07-31;Grado II;343,002034050190
Extremadura;2025-07-31;Grado III;604,197251812171
Extremadura;2025-08-31;Grado I;196,910341831646
Extremadura;2025-08-31;Grado II;342,659266443712
Extremadura;2025-08-31;Grado III;603,992690131998
Extremadura;2025-09-30;Grado I;196,805112030824
Extremadura;2025-09-30;Grado II;342,175512041424
Extremadura;2025-09-30;Grado III;604,397807435658
Extremadura;2025-10-31;Grado I;196,729682264585
Extremadura;2025-10-31;Grado II;342,130310391373
Extremadura;2025-10-31;Grado III;603,697978281704
Extremadura;2025-11-30;Grado I;196,932528701794
Extremadura;2025-11-30;Grado II;341,849110609491
Extremadura;2025-11-30;Grado III;604,641040025218
Extremadura;2025-12-31;Grado I;197,273827306271
Extremadura;2025-12-31;Grado II;341,534471415618
Extremadura;2025-12-31;Grado III;605,183110198932
Extremadura;2026-01-31;Grado I;197,878715399907
Extremadura;2026-01-31;Grado II;340,697316007369
Extremadura;2026-01-31;Grado III;605,715852130331
Galicia;2023-01-31;Grado I;182,919478260869
Galicia;2023-01-31;Grado II;238,795817843866
Galicia;2023-01-31;Grado III;372,580489690721
Galicia;2023-02-28;Grado I;182,573672316384
Galicia;2023-02-28;Grado II;239,178828671328
Galicia;2023-02-28;Grado III;375,103107769423
Galicia;2023-03-31;Grado I;185,002597623090
Galicia;2023-03-31;Grado II;239,886696113074
Galicia;2023-03-31;Grado III;375,613611111112
Galicia;2023-04-30;Grado I;184,980000000000
Galicia;2023-04-30;Grado II;240,924027072758
Galicia;2023-04-30;Grado III;381,353342175066
Galicia;2023-05-31;Grado I;184,969864457831
Galicia;2023-05-31;Grado II;239,990729684909
Galicia;2023-05-31;Grado III;381,440890585242
Galicia;2023-06-30;Grado I;183,927021276596
Galicia;2023-06-30;Grado II;240,787353407290
Galicia;2023-06-30;Grado III;380,456779661016
Galicia;2023-07-31;Grado I;185,175980113636
Galicia;2023-07-31;Grado II;239,799720496894
Galicia;2023-07-31;Grado III;378,998956310679
Galicia;2023-08-31;Grado I;184,986441973593
Galicia;2023-08-31;Grado II;240,231900452489
Galicia;2023-08-31;Grado III;378,209926108374
Galicia;2023-09-30;Grado I;185,084435318275
Galicia;2023-09-30;Grado II;239,188416547789
Galicia;2023-09-30;Grado III;378,902676399026
Galicia;2023-10-31;Grado I;185,309328408328
Galicia;2023-10-31;Grado II;237,138130311615
Galicia;2023-10-31;Grado III;381,048289156626
Galicia;2023-11-30;Grado I;185,022990777339
Galicia;2023-11-30;Grado II;237,087944055944
Galicia;2023-11-30;Grado III;377,678687350835
Galicia;2023-12-31;Grado I;185,109140625000
Galicia;2023-12-31;Grado II;236,163207282913
Galicia;2023-12-31;Grado III;379,790883054892
Galicia;2024-01-31;Grado I;184,668589826143
Galicia;2024-01-31;Grado II;236,368279266573
Galicia;2024-01-31;Grado III;379,258215158924
Galicia;2024-02-29;Grado I;185,272030947776
Galicia;2024-02-29;Grado II;246,637179487180
Galicia;2024-02-29;Grado III;391,016227848101
Galicia;2024-09-30;Grado I;196,583768200350
Galicia;2024-09-30;Grado II;264,550430504305
Galicia;2024-09-30;Grado III;412,849341176470
Galicia;2024-10-31;Grado I;197,019890109891
Galicia;2024-10-31;Grado II;266,158083538084
Galicia;2024-10-31;Grado III;413,290606060605
Galicia;2024-11-30;Grado I;197,051221064816
Galicia;2024-11-30;Grado II;267,020494437577
Galicia;2024-11-30;Grado III;421,008842592591
Galicia;2024-12-31;Grado I;197,895975750578
Galicia;2024-12-31;Grado II;266,845828144459
Galicia;2024-12-31;Grado III;418,369490740740
Galicia;2025-01-31;Grado I;198,851741379311
Galicia;2025-01-31;Grado II;269,346039360394
Galicia;2025-01-31;Grado III;426,076850574712
Galicia;2025-02-28;Grado I;199,836951433588
Galicia;2025-02-28;Grado II;269,111104060914
Galicia;2025-02-28;Grado III;431,037684964199
Galicia;2025-03-31;Grado I;200,813014492754
Galicia;2025-03-31;Grado II;270,648163771712
Galicia;2025-03-31;Grado III;440,425624999999
Galicia;2025-04-30;Grado I;205,660652511653
Galicia;2025-04-30;Grado II;279,218739035088
Galicia;2025-04-30;Grado III;445,593803827750
Galicia;2025-05-31;Grado I;208,862463302754
Galicia;2025-05-31;Grado II;285,912671166828
Galicia;2025-05-31;Grado III;449,620324825985
Galicia;2025-06-30;Grado I;212,339133333336
Galicia;2025-06-30;Grado II;291,786997476872
Galicia;2025-06-30;Grado III;456,005847107436
Galicia;2025-07-31;Grado I;214,178850134152
Galicia;2025-07-31;Grado II;295,683528055343
Galicia;2025-07-31;Grado III;461,580327868850
Galicia;2025-08-31;Grado I;215,782027716995
Galicia;2025-08-31;Grado II;297,566928011405
Galicia;2025-08-31;Grado III;462,982590051455
Galicia;2025-09-30;Grado I;217,269926082365
Galicia;2025-09-30;Grado II;299,279462726663
Galicia;2025-09-30;Grado III;469,120789049917
Galicia;2025-10-31;Grado I;217,732774509803
Galicia;2025-10-31;Grado II;300,711458590853
Galicia;2025-10-31;Grado III;474,103305670814
Galicia;2025-11-30;Grado I;218,671679662117
Galicia;2025-11-30;Grado II;303,138535862478
Galicia;2025-11-30;Grado III;478,318479685450
Galicia;2025-12-31;Grado I;219,695055643878
Galicia;2025-12-31;Grado II;306,021835803877
Galicia;2025-12-31;Grado III;478,415705445542
Galicia;2026-01-31;Grado I;219,253580562659
Galicia;2026-01-31;Grado II;305,855718407386
Galicia;2026-01-31;Grado III;478,388123425690
Comunidad de Madrid;2023-01-31;Grado I;296,947224448898
Comunidad de Madrid;2023-01-31;Grado II;314,089247910863
Comunidad de Madrid;2023-01-31;Grado III;445,604487562186
Comunidad de Madrid;2023-02-28;Grado I;296,974810863240
Comunidad de Madrid;2023-02-28;Grado II;313,209074829932
Comunidad de Madrid;2023-02-28;Grado III;444,647956989244
Comunidad de Madrid;2023-03-31;Grado I;297,042475915222
Comunidad de Madrid;2023-03-31;Grado II;313,795413333333
Comunidad de Madrid;2023-03-31;Grado III;453,568302618812
Comunidad de Madrid;2023-04-30;Grado I;297,076640851888
Comunidad de Madrid;2023-04-30;Grado II;312,679108527131
Comunidad de Madrid;2023-04-30;Grado III;453,703320860613
Comunidad de Madrid;2023-05-31;Grado I;297,257633663366
Comunidad de Madrid;2023-05-31;Grado II;312,721664499350
Comunidad de Madrid;2023-05-31;Grado III;453,224563017474
Comunidad de Madrid;2023-06-30;Grado I;297,303703007519
Comunidad de Madrid;2023-06-30;Grado II;312,690595238095
Comunidad de Madrid;2023-06-30;Grado III;453,713330341108
Comunidad de Madrid;2023-07-31;Grado I;297,423497674419
Comunidad de Madrid;2023-07-31;Grado II;313,153721212121
Comunidad de Madrid;2023-07-31;Grado III;457,384443378114
Comunidad de Madrid;2023-08-31;Grado I;297,391958568738
Comunidad de Madrid;2023-08-31;Grado II;312,387022538552
Comunidad de Madrid;2023-08-31;Grado III;457,807282511206
Comunidad de Madrid;2023-09-30;Grado I;297,579478260870
Comunidad de Madrid;2023-09-30;Grado II;311,668038976857
Comunidad de Madrid;2023-09-30;Grado III;456,404480874312
Comunidad de Madrid;2023-10-31;Grado I;303,174524975514
Comunidad de Madrid;2023-10-31;Grado II;325,520406212664
Comunidad de Madrid;2023-10-31;Grado III;479,779790393007
Comunidad de Madrid;2023-11-30;Grado I;303,808289224953
Comunidad de Madrid;2023-11-30;Grado II;325,722875739644
Comunidad de Madrid;2023-11-30;Grado III;480,818154761899
Comunidad de Madrid;2023-12-31;Grado I;303,792938557435
Comunidad de Madrid;2023-12-31;Grado II;325,427669683257
Comunidad de Madrid;2023-12-31;Grado III;482,162186234812
Comunidad de Madrid;2024-01-31;Grado I;303,769553734062
Comunidad de Madrid;2024-01-31;Grado II;325,516199770378
Comunidad de Madrid;2024-01-31;Grado III;480,410778050772
Comunidad de Madrid;2024-02-29;Grado I;303,930072137060
Comunidad de Madrid;2024-02-29;Grado II;325,639383408071
Comunidad de Madrid;2024-02-29;Grado III;481,216628849264
Comunidad de Madrid;2024-09-30;Grado I;304,479225023343
Comunidad de Madrid;2024-09-30;Grado II;325,653286573146
Comunidad de Madrid;2024-09-30;Grado III;478,494983818764
Comunidad de Madrid;2024-10-31;Grado I;304,591898148148
Comunidad de Madrid;2024-10-31;Grado II;325,853758654797
Comunidad de Madrid;2024-10-31;Grado III;477,731952380946
Comunidad de Madrid;2024-11-30;Grado I;305,053970070423
Comunidad de Madrid;2024-11-30;Grado II;326,063180515759
Comunidad de Madrid;2024-11-30;Grado III;478,842679687494
Comunidad de Madrid;2024-12-31;Grado I;305,285211389129
Comunidad de Madrid;2024-12-31;Grado II;326,083527204502
Comunidad de Madrid;2024-12-31;Grado III;477,457442748085
Comunidad de Madrid;2025-01-31;Grado I;305,250924956370
Comunidad de Madrid;2025-01-31;Grado II;326,156539923954
Comunidad de Madrid;2025-01-31;Grado III;477,130147515521
Comunidad de Madrid;2025-02-28;Grado I;305,052932773109
Comunidad de Madrid;2025-02-28;Grado II;326,272621184919
Comunidad de Madrid;2025-02-28;Grado III;483,528705793822
Comunidad de Madrid;2025-03-31;Grado I;305,267134453781
Comunidad de Madrid;2025-03-31;Grado II;326,275166374780
Comunidad de Madrid;2025-03-31;Grado III;482,336322008855
Comunidad de Madrid;2025-04-30;Grado I;305,283612521151
Comunidad de Madrid;2025-04-30;Grado II;326,618432385874
Comunidad de Madrid;2025-04-30;Grado III;480,976431172607
Comunidad de Madrid;2025-05-31;Grado I;305,189540727903
Comunidad de Madrid;2025-05-31;Grado II;326,568066202090
Comunidad de Madrid;2025-05-31;Grado III;479,936847507324
Comunidad de Madrid;2025-06-30;Grado I;305,360543103448
Comunidad de Madrid;2025-06-30;Grado II;327,270849785407
Comunidad de Madrid;2025-06-30;Grado III;476,745163398685
Comunidad de Madrid;2025-07-31;Grado I;305,408142259414
Comunidad de Madrid;2025-07-31;Grado II;327,381128074639
Comunidad de Madrid;2025-07-31;Grado III;475,843235294110
Comunidad de Madrid;2025-08-31;Grado I;305,440108514190
Comunidad de Madrid;2025-08-31;Grado II;327,567915611814
Comunidad de Madrid;2025-08-31;Grado III;476,473550465275
Comunidad de Madrid;2025-09-30;Grado I;305,316717557252
Comunidad de Madrid;2025-09-30;Grado II;327,561918265220
Comunidad de Madrid;2025-09-30;Grado III;476,116123919300
Comunidad de Madrid;2025-10-31;Grado I;305,155430743243
Comunidad de Madrid;2025-10-31;Grado II;327,636462809917
Comunidad de Madrid;2025-10-31;Grado III;474,875426742524
Comunidad de Madrid;2025-11-30;Grado I;305,278883205456
Comunidad de Madrid;2025-11-30;Grado II;327,588632619439
Comunidad de Madrid;2025-11-30;Grado III;472,681487143842
Comunidad de Madrid;2025-12-31;Grado I;305,247119658120
Comunidad de Madrid;2025-12-31;Grado II;327,867011308561
Comunidad de Madrid;2025-12-31;Grado III;472,468519298238
Comunidad de Madrid;2026-01-31;Grado I;305,299501748252
Comunidad de Madrid;2026-01-31;Grado II;328,019785301403
Comunidad de Madrid;2026-01-31;Grado III;471,193145907466
Región de Murcia;2023-01-31;Grado I;134,797391304348
Región de Murcia;2023-01-31;Grado II;217,000000000000
Región de Murcia;2023-01-31;Grado III;531,685000000000
Región de Murcia;2023-02-28;Grado I;140,117894736842
Región de Murcia;2023-02-28;Grado II;154,000000000000
Región de Murcia;2023-02-28;Grado III;522,246666666667
Región de Murcia;2023-03-31;Grado I;149,482666666667
Región de Murcia;2023-03-31;Grado II;154,000000000000
Región de Murcia;2023-03-31;Grado III;522,246666666667
Región de Murcia;2023-04-30;Grado I;153,616000000000
Región de Murcia;2023-04-30;Grado II;182,000000000000
Región de Murcia;2023-04-30;Grado III;433,370000000000
Región de Murcia;2023-05-31;Grado I;152,588571428571
Región de Murcia;2023-05-31;Grado II;182,000000000000
Región de Murcia;2023-05-31;Grado III;433,370000000000
Región de Murcia;2023-06-30;Grado I;154,777777777778
Región de Murcia;2023-06-30;Grado II;182,000000000000
Región de Murcia;2023-06-30;Grado III;433,370000000000
Región de Murcia;2023-07-31;Grado I;122,603076923077
Región de Murcia;2023-07-31;Grado II;198,545454545455
Región de Murcia;2023-07-31;Grado III;444,185000000000
Región de Murcia;2023-08-31;Grado I;121,153333333333
Región de Murcia;2023-08-31;Grado II;203,000000000000
Región de Murcia;2023-08-31;Grado III;455,000000000000
Región de Murcia;2023-09-30;Grado I;119,064000000000
Región de Murcia;2023-09-30;Grado II;160,333333333333
Región de Murcia;2023-09-30;Grado III;455,000000000000
Región de Murcia;2023-10-31;Grado I;123,185789473684
Región de Murcia;2023-10-31;Grado II;125,242307692308
Región de Murcia;2023-10-31;Grado III;457,333333333333
Región de Murcia;2023-11-30;Grado I;124,562500000000
Región de Murcia;2023-11-30;Grado II;125,242307692308
Región de Murcia;2023-11-30;Grado III;457,333333333333
Región de Murcia;2023-12-31;Grado I;114,009200000000
Región de Murcia;2023-12-31;Grado II;136,515000000000
Región de Murcia;2023-12-31;Grado III;457,333333333333
Región de Murcia;2024-01-31;Grado I;113,478076923077
Región de Murcia;2024-01-31;Grado II;135,269444444445
Región de Murcia;2024-01-31;Grado III;457,333333333333
Región de Murcia;2024-02-29;Grado I;109,465454545455
Región de Murcia;2024-02-29;Grado II;127,837500000000
Región de Murcia;2024-02-29;Grado III;457,333333333333
Región de Murcia;2024-09-30;Grado I;132,363333333333
Región de Murcia;2024-09-30;Grado III;420,000000000000
Región de Murcia;2024-10-31;Grado I;132,363333333333
Región de Murcia;2024-11-30;Grado I;132,363333333333
Región de Murcia;2024-12-31;Grado I;132,363333333333
Región de Murcia;2025-01-31;Grado I;132,363333333333
Región de Murcia;2025-02-28;Grado I;132,363333333333
Región de Murcia;2025-03-31;Grado I;132,363333333333
Región de Murcia;2025-04-30;Grado I;147,000000000000
Región de Murcia;2025-05-31;Grado I;147,000000000000
Región de Murcia;2025-06-30;Grado I;147,000000000000
Región de Murcia;2025-07-31;Grado I;147,000000000000
Región de Murcia;2025-08-31;Grado I;147,000000000000
Región de Murcia;2025-09-30;Grado I;147,000000000000
Región de Murcia;2025-10-31;Grado I;147,000000000000
Región de Murcia;2025-11-30;Grado I;147,000000000000
Región de Murcia;2025-12-31;Grado I;147,000000000000
Región de Murcia;2026-01-31;Grado I;147,000000000000
Comunidad Foral de Navarra;2023-01-31;Grado I;220,637448453608
Comunidad Foral de Navarra;2023-01-31;Grado II;460,453655536028
Comunidad Foral de Navarra;2023-01-31;Grado III;541,960866336633
Comunidad Foral de Navarra;2023-02-28;Grado I;223,135074257426
Comunidad Foral de Navarra;2023-02-28;Grado II;462,143545611016
Comunidad Foral de Navarra;2023-02-28;Grado III;546,512219451371
Comunidad Foral de Navarra;2023-03-31;Grado I;223,835679611650
Comunidad Foral de Navarra;2023-03-31;Grado II;464,463383838384
Comunidad Foral de Navarra;2023-03-31;Grado III;547,620505050504
Comunidad Foral de Navarra;2023-04-30;Grado I;232,153076923077
Comunidad Foral de Navarra;2023-04-30;Grado II;466,502956081081
Comunidad Foral de Navarra;2023-04-30;Grado III;547,561769230769
Comunidad Foral de Navarra;2023-05-31;Grado I;238,703223684210
Comunidad Foral de Navarra;2023-05-31;Grado II;470,822079866888
Comunidad Foral de Navarra;2023-05-31;Grado III;551,331754385964
Comunidad Foral de Navarra;2023-06-30;Grado I;241,555849889625
Comunidad Foral de Navarra;2023-06-30;Grado II;473,308879598662
Comunidad Foral de Navarra;2023-06-30;Grado III;555,338188585607
Comunidad Foral de Navarra;2023-07-31;Grado I;244,548175965665
Comunidad Foral de Navarra;2023-07-31;Grado II;476,628944723617
Comunidad Foral de Navarra;2023-07-31;Grado III;556,693027295285
Comunidad Foral de Navarra;2023-08-31;Grado I;244,405192307692
Comunidad Foral de Navarra;2023-08-31;Grado II;476,677432432432
Comunidad Foral de Navarra;2023-08-31;Grado III;558,414588528678
Comunidad Foral de Navarra;2023-09-30;Grado I;246,921134020618
Comunidad Foral de Navarra;2023-09-30;Grado II;478,463059210526
Comunidad Foral de Navarra;2023-09-30;Grado III;563,046921182266
Comunidad Foral de Navarra;2023-10-31;Grado I;245,071298969072
Comunidad Foral de Navarra;2023-10-31;Grado II;479,539183006535
Comunidad Foral de Navarra;2023-10-31;Grado III;562,514160756502
Comunidad Foral de Navarra;2023-11-30;Grado I;233,681320346320
Comunidad Foral de Navarra;2023-11-30;Grado II;482,765273010919
Comunidad Foral de Navarra;2023-11-30;Grado III;564,262672605791
Comunidad Foral de Navarra;2023-12-31;Grado I;229,719655913978
Comunidad Foral de Navarra;2023-12-31;Grado II;482,176386806595
Comunidad Foral de Navarra;2023-12-31;Grado III;564,348811659194
Comunidad Foral de Navarra;2024-01-31;Grado I;230,879622641509
Comunidad Foral de Navarra;2024-01-31;Grado II;483,042107623317
Comunidad Foral de Navarra;2024-01-31;Grado III;569,491688596492
Comunidad Foral de Navarra;2024-02-29;Grado I;230,248731501057
Comunidad Foral de Navarra;2024-02-29;Grado II;486,351303680980
Comunidad Foral de Navarra;2024-02-29;Grado III;572,602647702408
Comunidad Foral de Navarra;2024-09-30;Grado I;235,518278008299
Comunidad Foral de Navarra;2024-09-30;Grado II;493,103633540372
Comunidad Foral de Navarra;2024-09-30;Grado III;579,095900900903
Comunidad Foral de Navarra;2024-10-31;Grado I;237,080958333334
Comunidad Foral de Navarra;2024-10-31;Grado II;494,029766355139
Comunidad Foral de Navarra;2024-10-31;Grado III;578,933318777294
Comunidad Foral de Navarra;2024-11-30;Grado I;233,139208333333
Comunidad Foral de Navarra;2024-11-30;Grado II;498,432389937106
Comunidad Foral de Navarra;2024-11-30;Grado III;580,847575107297
Comunidad Foral de Navarra;2024-12-31;Grado I;232,672656587473
Comunidad Foral de Navarra;2024-12-31;Grado II;499,959446022728
Comunidad Foral de Navarra;2024-12-31;Grado III;581,612690763053
Comunidad Foral de Navarra;2025-01-31;Grado I;231,935925110132
Comunidad Foral de Navarra;2025-01-31;Grado II;498,581138686133
Comunidad Foral de Navarra;2025-01-31;Grado III;583,247723577236
Comunidad Foral de Navarra;2025-02-28;Grado I;230,561101321586
Comunidad Foral de Navarra;2025-02-28;Grado II;499,456355555557
Comunidad Foral de Navarra;2025-02-28;Grado III;579,648598326360
Comunidad Foral de Navarra;2025-03-31;Grado I;230,735400000000
Comunidad Foral de Navarra;2025-03-31;Grado II;501,281114413077
Comunidad Foral de Navarra;2025-03-31;Grado III;575,294840085288
Comunidad Foral de Navarra;2025-04-30;Grado I;230,851509846827
Comunidad Foral de Navarra;2025-04-30;Grado II;500,988325652843
Comunidad Foral de Navarra;2025-04-30;Grado III;573,163368421053
Comunidad Foral de Navarra;2025-05-31;Grado I;232,780018181818
Comunidad Foral de Navarra;2025-05-31;Grado II;501,362986425340
Comunidad Foral de Navarra;2025-05-31;Grado III;577,066239669421
Comunidad Foral de Navarra;2025-06-30;Grado I;235,626852173912
Comunidad Foral de Navarra;2025-06-30;Grado II;501,718658892129
Comunidad Foral de Navarra;2025-06-30;Grado III;577,114806517312
Comunidad Foral de Navarra;2025-07-31;Grado I;233,104280701754
Comunidad Foral de Navarra;2025-07-31;Grado II;501,223200000000
Comunidad Foral de Navarra;2025-07-31;Grado III;574,487955010224
Comunidad Foral de Navarra;2025-08-31;Grado I;234,030844827585
Comunidad Foral de Navarra;2025-08-31;Grado II;497,853514328809
Comunidad Foral de Navarra;2025-08-31;Grado III;572,964166666666
Comunidad Foral de Navarra;2025-09-30;Grado I;234,769345637583
Comunidad Foral de Navarra;2025-09-30;Grado II;495,585370650530
Comunidad Foral de Navarra;2025-09-30;Grado III;570,649235668789
Comunidad Foral de Navarra;2025-10-31;Grado I;233,523140495867
Comunidad Foral de Navarra;2025-10-31;Grado II;499,253667664671
Comunidad Foral de Navarra;2025-10-31;Grado III;569,515729613733
Comunidad Foral de Navarra;2025-11-30;Grado I;232,481466666666
Comunidad Foral de Navarra;2025-11-30;Grado II;500,897574850299
Comunidad Foral de Navarra;2025-11-30;Grado III;567,843376344085
Comunidad Foral de Navarra;2025-12-31;Grado I;230,050240549828
Comunidad Foral de Navarra;2025-12-31;Grado II;502,358583815029
Comunidad Foral de Navarra;2025-12-31;Grado III;569,846731182794
Comunidad Foral de Navarra;2026-01-31;Grado I;229,931623488773
Comunidad Foral de Navarra;2026-01-31;Grado II;503,758345642541
Comunidad Foral de Navarra;2026-01-31;Grado III;568,181898454745
