anio;mes;fecha;categoria;n_exp;pct_sobre_total
2023;1;2023-01-31;Compañero/a;7515;0,0139417359733892
2023;1;2023-01-31;Cónyuge;107100;0,1986906084830315
2023;1;2023-01-31;Hermano/a;24691;0,0458064408408453
2023;1;2023-01-31;Hijo/a;185377;0,3439091403245466
2023;1;2023-01-31;Madre;130392;0,2419016416556438
2023;1;2023-01-31;Nieto/a;9272;0,0172013008576533
2023;1;2023-01-31;Otros;47184;0,0875351789977905
2023;1;2023-01-31;Padre;17585;0,0326234766589553
2023;1;2023-01-31;Yerno/Nuera;9913;0,0183904762081446
2023;2;2023-02-28;Compañero/a;7727;0,0140440350564706
2023;2;2023-02-28;Cónyuge;109051;0,1982031923053156
2023;2;2023-02-28;Hermano/a;25309;0,0459998037070291
2023;2;2023-02-28;Hijo/a;190221;0,3457319001523088
2023;2;2023-02-28;Madre;132199;0,2402753190669541
2023;2;2023-02-28;Nieto/a;9522;0,0173064969338311
2023;2;2023-02-28;Otros;48117;0,0874539711158528
2023;2;2023-02-28;Padre;17861;0,0324628588253683
2023;2;2023-02-28;Yerno/Nuera;10191;0,0185224228368696
2023;3;2023-03-31;Compañero/a;7697;0,0138562849242468
2023;3;2023-03-31;Cónyuge;110325;0,1986091508727462
2023;3;2023-03-31;Hermano/a;25613;0,0461090068552336
2023;3;2023-03-31;Hijo/a;191968;0,3455844230658448
2023;3;2023-03-31;Madre;133556;0,2404300362924132
2023;3;2023-03-31;Nieto/a;9671;0,0174099170459128
2023;3;2023-03-31;Otros;48338;0,0870189815081514
2023;3;2023-03-31;Padre;18130;0,0326379687770033
2023;3;2023-03-31;Yerno/Nuera;10190;0,0183442306584481
2023;4;2023-04-30;Compañero/a;7725;0,0137912935429967
2023;4;2023-04-30;Cónyuge;111252;0,1986160503877629
2023;4;2023-04-30;Hermano/a;25757;0,0459834754416784
2023;4;2023-04-30;Hijo/a;193497;0,3454464630018424
2023;4;2023-04-30;Madre;134912;0,2408557921647600
2023;4;2023-04-30;Nieto/a;9775;0,0174511190139538
2023;4;2023-04-30;Otros;48583;0,0867342931002471
2023;4;2023-04-30;Padre;18379;0,0328116743076681
2023;4;2023-04-30;Yerno/Nuera;10256;0,0183098390390905
2023;5;2023-05-31;Compañero/a;7778;0,0137661280331322
2023;5;2023-05-31;Cónyuge;112395;0,1989256827312791
2023;5;2023-05-31;Hermano/a;25882;0,0458080387957735
2023;5;2023-05-31;Hijo/a;195357;0,3457584821507584
2023;5;2023-05-31;Madre;136141;0,2409532574644697
2023;5;2023-05-31;Nieto/a;9909;0,0175377426948196
2023;5;2023-05-31;Otros;48745;0,0862728093308083
2023;5;2023-05-31;Padre;18550;0,0328312773225253
2023;5;2023-05-31;Yerno/Nuera;10253;0,0181465814764340
2023;6;2023-06-30;Compañero/a;7794;0,0136863861373099
2023;6;2023-06-30;Cónyuge;113606;0,1994939162837089
2023;6;2023-06-30;Hermano/a;25982;0,0456247991557077
2023;6;2023-06-30;Hijo/a;197013;0,3459579153284364
2023;6;2023-06-30;Madre;137117;0,2407796007171568
2023;6;2023-06-30;Nieto/a;10024;0,0176023010829349
2023;6;2023-06-30;Otros;48913;0,0858919945001589
2023;6;2023-06-30;Padre;18715;0,0328638332768482
2023;6;2023-06-30;Yerno/Nuera;10307;0,0180992535177384
2023;7;2023-07-31;Compañero/a;7994;0,0140348782701670
2023;7;2023-07-31;Cónyuge;113899;0,1999698023634918
2023;7;2023-07-31;Hermano/a;25978;0,0456089651866899
2023;7;2023-07-31;Hijo/a;196159;0,3443917546406920
2023;7;2023-07-31;Madre;137742;0,2418303981347693
2023;7;2023-07-31;Nieto/a;10008;0,0175708108240970
2023;7;2023-07-31;Otros;48833;0,0857349525352847
2023;7;2023-07-31;Padre;18748;0,0329154237939819
2023;7;2023-07-31;Yerno/Nuera;10220;0,0179430142508265
2023;8;2023-08-31;Compañero/a;7974;0,0139799575026123
2023;8;2023-08-31;Cónyuge;114153;0,2001321907192998
2023;8;2023-08-31;Hermano/a;25992;0,0455689811146097
2023;8;2023-08-31;Hijo/a;196280;0,3441166363948751
2023;8;2023-08-31;Madre;138105;0,2421246590040464
2023;8;2023-08-31;Nieto/a;10047;0,0176143256870762
2023;8;2023-08-31;Otros;48856;0,0856539758900959
2023;8;2023-08-31;Padre;18793;0,0329477478488327
2023;8;2023-08-31;Yerno/Nuera;10188;0,0178615258385520
2023;9;2023-09-30;Compañero/a;7982;0,0139301676611385
2023;9;2023-09-30;Cónyuge;114902;0,2005267006514823
2023;9;2023-09-30;Hermano/a;25674;0,0448062045266937
2023;9;2023-09-30;Hijo/a;196986;0,3437795047478102
2023;9;2023-09-30;Madre;139064;0,2426941663278074
2023;9;2023-09-30;Nieto/a;10043;0,0175270200226527
2023;9;2023-09-30;Otros;49239;0,0859317872045599
2023;9;2023-09-30;Padre;18919;0,0330173943850011
2023;9;2023-09-30;Yerno/Nuera;10192;0,0177870544728543
2023;10;2023-10-31;Compañero/a;8050;0,0138317814819079
2023;10;2023-10-31;Cónyuge;117006;0,2010436551642374
2023;10;2023-10-31;Hermano/a;25972;0,0446259662916908
2023;10;2023-10-31;Hijo/a;200569;0,3446244198813388
2023;10;2023-10-31;Madre;140884;0,2420716400369076
2023;10;2023-10-31;Nieto/a;10237;0,0175895586373032
2023;10;2023-10-31;Otros;49729;0,0854460448837013
2023;10;2023-10-31;Padre;19191;0,0329746234061234
2023;10;2023-10-31;Yerno/Nuera;10355;0,0177923102167896
2023;11;2023-11-30;Compañero/a;8197;0,0140564418356201
2023;11;2023-11-30;Cónyuge;117109;0,2008217453858276
2023;11;2023-11-30;Hermano/a;25928;0,0444620500078025
2023;11;2023-11-30;Hijo/a;200935;0,3445688837672705
2023;11;2023-11-30;Madre;141426;0,2425212081303406
2023;11;2023-11-30;Nieto/a;10274;0,0176181387604197
2023;11;2023-11-30;Otros;49837;0,0854618630915941
2023;11;2023-11-30;Padre;19194;0,0329144009507004
2023;11;2023-11-30;Yerno/Nuera;10249;0,0175752680704245
2023;12;2023-12-31;Compañero/a;8224;0,0140500258825258
2023;12;2023-12-31;Cónyuge;117585;0,2008842769208166
2023;12;2023-12-31;Hermano/a;25994;0,0444086056408530
2023;12;2023-12-31;Hijo/a;201406;0,3440855438832672
2023;12;2023-12-31;Madre;142342;0,2431795700596409
2023;12;2023-12-31;Nieto/a;10279;0,0175608239356132
2023;12;2023-12-31;Otros;49957;0,0853474152496767
2023;12;2023-12-31;Padre;19346;0,0330510458077996
2023;12;2023-12-31;Yerno/Nuera;10204;0,0174326926198071
2024;1;2024-01-31;Compañero/a;8195;0,0140008166431184
2024;1;2024-01-31;Cónyuge;117537;0,2008070757513373
2024;1;2024-01-31;Hermano/a;26002;0,0444233354916858
2024;1;2024-01-31;Hijo/a;201094;0,3435607348421299
2024;1;2024-01-31;Madre;142742;0,2438687698928625
2024;1;2024-01-31;Nieto/a;10247;0,0175065732937199
2024;1;2024-01-31;Otros;50003;0,0854280457115131
2024;1;2024-01-31;Padre;19394;0,0331338423400413
2024;1;2024-01-31;Yerno/Nuera;10109;0,0172708060335917
2024;2;2024-02-29;Compañero/a;8288;0,0140612805809100
2024;2;2024-02-29;Cónyuge;118302;0,2007091717281395
2024;2;2024-02-29;Hermano/a;26133;0,0443368056733738
2024;2;2024-02-29;Hijo/a;202670;0,3438464931627702
2024;2;2024-02-29;Madre;143853;0,2440585660479793
2024;2;2024-02-29;Nieto/a;10275;0,0174323911641953
2024;2;2024-02-29;Otros;50227;0,0852142784432154
2024;2;2024-02-29;Padre;19562;0,0331885582436972
2024;2;2024-02-29;Yerno/Nuera;10110;0,0171524549557192
2024;3;2024-03-31;Compañero/a;8455;0,0141867414791461
2024;3;2024-03-31;Cónyuge;119606;0,2006882792850084
2024;3;2024-03-31;Hermano/a;26385;0,0442716941368739
2024;3;2024-03-31;Hijo/a;205525;0,3448527548789471
2024;3;2024-03-31;Madre;145183;0,2436042209540940
2024;3;2024-03-31;Nieto/a;10379;0,0174150431474935
2024;3;2024-03-31;Otros;50526;0,0847781549349893
2024;3;2024-03-31;Padre;19756;0,0331488190020118
2024;3;2024-03-31;Yerno/Nuera;10164;0,0170542921814359
2024;4;2024-04-30;Compañero/a;8509;0,0141354907302811
2024;4;2024-04-30;Cónyuge;120701;0,2005133231443950
2024;4;2024-04-30;Hermano/a;26597;0,0441839989368064
2024;4;2024-04-30;Hijo/a;208014;0,3455611668549405
2024;4;2024-04-30;Madre;146384;0,2431789487673600
2024;4;2024-04-30;Nieto/a;10468;0,0173898597913483
2024;4;2024-04-30;Otros;51050;0,0848062994218885
2024;4;2024-04-30;Padre;19994;0,0332148315502691
2024;4;2024-04-30;Yerno/Nuera;10243;0,0170160808027111
2024;5;2024-05-31;Compañero/a;8479;0,0139143934135146
2024;5;2024-05-31;Cónyuge;122350;0,2007814641046722
2024;5;2024-05-31;Hermano/a;26848;0,0440586902188986
2024;5;2024-05-31;Hijo/a;211222;0,3466241308632372
2024;5;2024-05-31;Madre;147714;0,2424048482938909
2024;5;2024-05-31;Nieto/a;10592;0,0173819147347502
2024;5;2024-05-31;Otros;51566;0,0846219614059790
2024;5;2024-05-31;Padre;20237;0,0332097628858705
2024;5;2024-05-31;Yerno/Nuera;10361;0,0170028340791868
2024;6;2024-06-30;Compañero/a;8553;0,0138338290738467
2024;6;2024-06-30;Cónyuge;123983;0,2005331030121291
2024;6;2024-06-30;Hermano/a;27151;0,0439146841089691
2024;6;2024-06-30;Hijo/a;215208;0,3480826244971832
2024;6;2024-06-30;Madre;148992;0,2409832645119342
2024;6;2024-06-30;Nieto/a;10794;0,0174584766775519
2024;6;2024-06-30;Otros;52513;0,0849357963468857
2024;6;2024-06-30;Padre;20566;0,0332639458356988
2024;6;2024-06-30;Yerno/Nuera;10507;0,0169942759358012
2024;7;2024-07-31;Compañero/a;8503;0,0135894276394542
2024;7;2024-07-31;Cónyuge;125598;0,2007297345243061
2024;7;2024-07-31;Hermano/a;27427;0,0438336154142434
2024;7;2024-07-31;Hijo/a;218574;0,3493232455446399
2024;7;2024-07-31;Madre;150086;0,2398662632829743
2024;7;2024-07-31;Nieto/a;10906;0,0174298833159929
2024;7;2024-07-31;Otros;53242;0,0850909451228770
2024;7;2024-07-31;Padre;20750;0,0331624865951635
2024;7;2024-07-31;Yerno/Nuera;10621;0,0169743985603485
2024;8;2024-08-31;Compañero/a;8516;0,0134905862131785
2024;8;2024-08-31;Cónyuge;126840;0,2009330619163412
2024;8;2024-08-31;Hermano/a;27662;0,0438206430048079
2024;8;2024-08-31;Hijo/a;220876;0,3498998027738394
2024;8;2024-08-31;Madre;150908;0,2390602846710125
2024;8;2024-08-31;Nieto/a;10974;0,0173844167570950
2024;8;2024-08-31;Otros;53880;0,0853537793760049
2024;8;2024-08-31;Padre;20903;0,0331134010819716
2024;8;2024-08-31;Yerno/Nuera;10696;0,0169440242057489
2024;9;2024-09-30;Compañero/a;8560;0,0134216822887104
2024;9;2024-09-30;Cónyuge;128121;0,2008877752934425
2024;9;2024-09-30;Hermano/a;27902;0,0437490396284577
2024;9;2024-09-30;Hijo/a;223384;0,3502557332221132
2024;9;2024-09-30;Madre;152015;0,2383524571399900
2024;9;2024-09-30;Nieto/a;11091;0,0173901726944027
2024;9;2024-09-30;Otros;54858;0,0860147952095884
2024;9;2024-09-30;Padre;21083;0,0330571644501030
2024;9;2024-09-30;Yerno/Nuera;10760;0,0168711800731921
2024;10;2024-10-31;Compañero/a;8657;0,0134008665594432
2024;10;2024-10-31;Cónyuge;129948;0,2011569605713906
2024;10;2024-10-31;Hermano/a;28217;0,0436793637181252
2024;10;2024-10-31;Hijo/a;227105;0,3515540949500234
2024;10;2024-10-31;Madre;153169;0,2371026140745476
2024;10;2024-10-31;Nieto/a;11252;0,0174178757683788
2024;10;2024-10-31;Otros;55446;0,0858293227740428
2024;10;2024-10-31;Padre;21309;0,0329859149260917
2024;10;2024-10-31;Yerno/Nuera;10900;0,0168729866579567
2024;11;2024-11-30;Compañero/a;8732;0,0133249912255269
2024;11;2024-11-30;Cónyuge;131710;0,2009888449741344
2024;11;2024-11-30;Hermano/a;28507;0,0435015488852604
2024;11;2024-11-30;Hijo/a;231573;0,3533793166592910
2024;11;2024-11-30;Madre;154463;0,2357098167279608
2024;11;2024-11-30;Nieto/a;11464;0,0174940104683280
2024;11;2024-11-30;Otros;56284;0,0858891211792892
2024;11;2024-11-30;Padre;21508;0,0328211075674108
2024;11;2024-11-30;Yerno/Nuera;11069;0,0168912423127985
2024;12;2024-12-31;Compañero/a;8713;0,0131177207414456
2024;12;2024-12-31;Cónyuge;133659;0,2012282149180387
2024;12;2024-12-31;Hermano/a;28808;0,0433714333891385
2024;12;2024-12-31;Hijo/a;235617;0,3547294855890253
2024;12;2024-12-31;Madre;155799;0,2345607452997218
2024;12;2024-12-31;Nieto/a;11662;0,0175575415226372
2024;12;2024-12-31;Otros;56985;0,0857928746070555
2024;12;2024-12-31;Padre;21725;0,0327077336288195
2024;12;2024-12-31;Yerno/Nuera;11248;0,0169342503041179
2025;1;2025-01-31;Compañero/a;8781;0,0131506233853757
2025;1;2025-01-31;Cónyuge;134142;0,2008940806469729
2025;1;2025-01-31;Hermano/a;28899;0,0432797933280917
2025;1;2025-01-31;Hijo/a;237225;0,3552735033134898
2025;1;2025-01-31;Madre;156523;0,2344123703620502
2025;1;2025-01-31;Nieto/a;11720;0,0175521359841252
2025;1;2025-01-31;Otros;57304;0,0858197611292074
2025;1;2025-01-31;Padre;21815;0,0326706353663559
2025;1;2025-01-31;Yerno/Nuera;11316;0,0169470964843311
2025;2;2025-02-28;Compañero/a;8769;0,0129778448696888
2025;2;2025-02-28;Cónyuge;135781;0,2009516198256597
2025;2;2025-02-28;Hermano/a;29195;0,0432076839970993
2025;2;2025-02-28;Hijo/a;240479;0,3559013748908523
2025;2;2025-02-28;Madre;158135;0,2340348384614246
2025;2;2025-02-28;Nieto/a;11858;0,0175494679512794
2025;2;2025-02-28;Otros;57984;0,0858145007325845
2025;2;2025-02-28;Padre;22105;0,0327147064482233
2025;2;2025-02-28;Yerno/Nuera;11384;0,0168479628231881
2025;3;2025-03-31;Compañero/a;8827;0,0129324806423020
2025;3;2025-03-31;Cónyuge;137132;0,2009127603308207
2025;3;2025-03-31;Hermano/a;29355;0,0430081533085731
2025;3;2025-03-31;Hijo/a;243386;0,3565860126438550
2025;3;2025-03-31;Madre;159528;0,2337252488846889
2025;3;2025-03-31;Nieto/a;11989;0,0175651422250548
2025;3;2025-03-31;Otros;58476;0,0856734720787640
2025;3;2025-03-31;Padre;22305;0,0326791640111641
2025;3;2025-03-31;Yerno/Nuera;11547;0,0169175658747775
2025;4;2025-04-30;Compañero/a;8832;0,0127653116531165
2025;4;2025-04-30;Cónyuge;138795;0,2006070460704607
2025;4;2025-04-30;Hermano/a;29648;0,0428516711833785
2025;4;2025-04-30;Hijo/a;247587;0,3578493224932249
2025;4;2025-04-30;Madre;161378;0,2332473351400181
2025;4;2025-04-30;Nieto/a;12147;0,0175566395663957
2025;4;2025-04-30;Otros;59124;0,0854547425474255
2025;4;2025-04-30;Padre;22630;0,0327082204155375
2025;4;2025-04-30;Yerno/Nuera;11734;0,0169597109304426
2025;5;2025-05-31;Compañero/a;8831;0,0126121468498910
2025;5;2025-05-31;Cónyuge;140057;0,2000248501138250
2025;5;2025-05-31;Hermano/a;29922;0,0427336267741410
2025;5;2025-05-31;Hijo/a;250483;0,3577316701847192
2025;5;2025-05-31;Madre;163002;0,2327941525111469
2025;5;2025-05-31;Nieto/a;12269;0,0175221865815098
2025;5;2025-05-31;Otros;60912;0,0869925363968477
2025;5;2025-05-31;Padre;22865;0,0326550490004256
2025;5;2025-05-31;Yerno/Nuera;11857;0,0169337815874938
2025;6;2025-06-30;Compañero/a;8901;0,0125331951551266
2025;6;2025-06-30;Cónyuge;142069;0,2000425235921452
2025;6;2025-06-30;Hermano/a;30256;0,0426024438392890
2025;6;2025-06-30;Hijo/a;255013;0,3590751259515006
2025;6;2025-06-30;Madre;164622;0,2317986353024666
2025;6;2025-06-30;Nieto/a;12428;0,0174994438139438
2025;6;2025-06-30;Otros;61756;0,0869565217391304
2025;6;2025-06-30;Padre;23128;0,0325657496402391
2025;6;2025-06-30;Yerno/Nuera;12021;0,0169263609661585
2025;7;2025-07-31;Compañero/a;8915;0,0123060740793911
2025;7;2025-07-31;Cónyuge;144962;0,2001024240826350
2025;7;2025-07-31;Hermano/a;30766;0,0424687240747668
2025;7;2025-07-31;Hijo/a;261631;0,3611498000521782
2025;7;2025-07-31;Madre;166633;0,2300166059530202
2025;7;2025-07-31;Nieto/a;12751;0,0176012058986333
2025;7;2025-07-31;Otros;62974;0,0869279539064021
2025;7;2025-07-31;Padre;23425;0,0323353657105705
2025;7;2025-07-31;Yerno/Nuera;12382;0,0170918462424027
2025;8;2025-08-31;Compañero/a;8931;0,0122284338814290
2025;8;2025-08-31;Cónyuge;146134;0,2000884511061181
2025;8;2025-08-31;Hermano/a;30967;0,0424003932377349
2025;8;2025-08-31;Hijo/a;263979;0,3614432591631102
2025;8;2025-08-31;Madre;167926;0,2299263226931856
2025;8;2025-08-31;Nieto/a;12862;0,0176108069178076
2025;8;2025-08-31;Otros;63430;0,0868491278803089
2025;8;2025-08-31;Padre;23659;0,0323941907066093
2025;8;2025-08-31;Yerno/Nuera;12459;0,0170590144136965
2025;9;2025-09-30;Compañero/a;9069;0,0122995341393784
2025;9;2025-09-30;Cónyuge;147403;0,1999104896622341
2025;9;2025-09-30;Hermano/a;31298;0,0424468871423825
2025;9;2025-09-30;Hijo/a;266996;0,3621045779112898
2025;9;2025-09-30;Madre;168997;0,2291966447185510
2025;9;2025-09-30;Nieto/a;12985;0,0176104808468220
2025;9;2025-09-30;Otros;64149;0,0869999796567414
2025;9;2025-09-30;Padre;23876;0,0323810427954350
2025;9;2025-09-30;Yerno/Nuera;12572;0,0170503631271657
2025;10;2025-10-31;Compañero/a;9178;0,0122955651297880
2025;10;2025-10-31;Cónyuge;149130;0,1997861873834480
2025;10;2025-10-31;Hermano/a;31634;0,0423793753885066
2025;10;2025-10-31;Hijo/a;271052;0,3631224144213662
2025;10;2025-10-31;Madre;170586;0,2285303195935953
2025;10;2025-10-31;Nieto/a;13116;0,0175712172850621
2025;10;2025-10-31;Otros;64935;0,0869919940839817
2025;10;2025-10-31;Padre;24107;0,0322956187169100
2025;10;2025-10-31;Yerno/Nuera;12710;0,0170273079973421
2025;11;2025-11-30;Compañero/a;9184;0,0121184131529118
2025;11;2025-11-30;Cónyuge;151361;0,1997229021382718
2025;11;2025-11-30;Hermano/a;32015;0,0422442287772727
2025;11;2025-11-30;Hijo/a;275937;0,3641026317699296
2025;11;2025-11-30;Madre;172725;0,2279129912714174
2025;11;2025-11-30;Nieto/a;13355;0,0176221044922841
2025;11;2025-11-30;Otros;65927;0,0869915749054898
2025;11;2025-11-30;Padre;24417;0,0322185642372222
2025;11;2025-11-30;Yerno/Nuera;12934;0,0170665892552005
2025;12;2025-12-31;Compañero/a;9207;0,0120057896933027
2025;12;2025-12-31;Cónyuge;153946;0,2007432714375130
2025;12;2025-12-31;Hermano/a;32351;0,0421852180262883
2025;12;2025-12-31;Hijo/a;279042;0,3638665762570415
2025;12;2025-12-31;Madre;174480;0,2275192989776758
2025;12;2025-12-31;Nieto/a;13528;0,0176403087836428
2025;12;2025-12-31;Otros;66599;0,0868440955560192
2025;12;2025-12-31;Padre;24656;0,0321510536198623
2025;12;2025-12-31;Yerno/Nuera;13071;0,0170443876486543
2026;1;2026-01-31;Compañero/a;9082;0,0118158742797222
2026;1;2026-01-31;Cónyuge;154486;0,2009895567030562
2026;1;2026-01-31;Hermano/a;32418;0,0421765043382551
2026;1;2026-01-31;Hijo/a;279025;0,3630174323826771
2026;1;2026-01-31;Madre;175392;0,2281887053148016
2026;1;2026-01-31;Nieto/a;13523;0,0175937093024315
2026;1;2026-01-31;Otros;66895;0,0870318112686648
2026;1;2026-01-31;Padre;24812;0,0322809373076928
2026;1;2026-01-31;Yerno/Nuera;12994;0,0169054691026987
