ccaa;ccaa_cod;periodo;genero;origen;tasa_paro;tasa_actividad;tasa_empleo;paro_juvenil;paro_larga_duracion;temporalidad;parcialidad;pct_alquiler_salario;pct_alquiler_salario_origen
Andalucía;01;2010;hombre;real;26.692;67.362;49.378;50.602;41.725;33.45;5.85;28.11;real
Andalucía;01;2010;mujer;real;29.172;50.152;35.528;49.085;44.35;35.625;25.825;36.8;real
Andalucía;01;2011;hombre;real;28.688;66.962;47.752;55.708;46.775;33.425;6.975;27.17;real
Andalucía;01;2011;mujer;real;31.968;50.605;34.425;52.218;50.625;34.825;25.225;35.19;real
Andalucía;01;2012;hombre;real;33.422;66.178;44.062;63.422;52.975;30.775;7.45;26.25;real
Andalucía;01;2012;mujer;real;35.488;52.15;33.638;60.265;54.325;34.075;27.325;34.73;real
Andalucía;01;2013;hombre;real;34.777;65.675;42.832;65.227;59.4;30.7;8.65;24.69;real
Andalucía;01;2013;mujer;real;37.978;52.195;32.377;66.808;59.725;32.225;28.5;32.89;real
Andalucía;01;2014;hombre;real;32.705;65.858;44.322;61.838;62.075;34.6;8.925;24.35;real
Andalucía;01;2014;mujer;real;37.302;52.078;32.65;61.018;61.6;33.925;29.55;32.61;real
Andalucía;01;2015;hombre;real;29.082;65.502;46.452;55.032;59.825;35.65;9.275;24.4;real
Andalucía;01;2015;mujer;real;34.495;52.288;34.25;58.855;62.15;34.625;29.8;32.19;real
Andalucía;01;2016;hombre;real;26.2;64.638;47.702;56.317;52.9;36.175;8.925;25.73;real
Andalucía;01;2016;mujer;real;32.138;51.275;34.795;59.925;57.525;34.825;27.25;34.01;real
Andalucía;01;2017;hombre;real;22.938;64.38;49.612;48.88;51.6;35.75;8.225;27.2;real
Andalucía;01;2017;mujer;real;28.642;50.6;36.11;49.485;54.925;35.875;27.425;35.96;real
Andalucía;01;2018;hombre;real;19.758;63.957;51.322;46.935;47.775;35.225;7.325;29.52;real
Andalucía;01;2018;mujer;real;26.935;50.1;36.6;46.543;51.075;36.6;27.425;39.07;real
Andalucía;01;2019;hombre;real;17.832;63.438;52.12;38.012;40.825;34.725;6.7;31.78;real
Andalucía;01;2019;mujer;real;25.222;50.435;37.715;46.15;47.775;35.975;26.925;40.2;real
Andalucía;01;2020;hombre;real;18.818;62.415;50.665;47.375;36.225;31.525;6.875;33.35;real
Andalucía;01;2020;mujer;real;26.502;48.63;35.728;52.365;42.85;32.95;25.2;42.35;real
Andalucía;01;2021;hombre;real;18.758;63.578;51.652;42.418;44.9;32.85;6.75;32.42;real
Andalucía;01;2021;mujer;real;25.578;50.702;37.742;47.16;53.5;34.925;24.825;40.42;real
Andalucía;01;2022;hombre;real;16.115;62.672;52.57;32.653;43.15;27.35;6.925;33.28;real
Andalucía;01;2022;mujer;real;22.658;50.855;39.332;38.412;49.0;29.725;23.85;40.12;real
Andalucía;01;2023;hombre;real;15.63;62.825;53.002;40.975;38.675;20.7;6.55;35.76;real
Andalucía;01;2023;mujer;real;21.248;51.96;40.918;38.02;44.025;23.625;23.2;42.64;real
Andalucía;01;2024;hombre;real;14.142;62.892;53.995;36.155;39.425;18.95;6.475;38.2;real
Andalucía;01;2024;mujer;real;19.188;51.01;41.22;37.822;45.75;22.125;22.375;45.65;real
Andalucía;01;2025;hombre;real;12.683;62.9;54.922;31.78;35.425;18.125;6.05;39.019;proyeccion
Andalucía;01;2025;mujer;real;18.182;51.665;42.272;34.01;41.4;21.2;21.95;46.282;proyeccion
Andalucía;01;2026;hombre;proyeccion;12.16;63.086;56.121;29.314;32.903;16.402;5.538;39.854;proyeccion
Andalucía;01;2026;mujer;proyeccion;16.608;51.377;43.672;31.984;40.11;21.356;21.438;46.914;proyeccion
Aragón;02;2010;hombre;real;14.192;66.54;57.1;29.678;38.075;21.45;4.725;26.3;real
Aragón;02;2010;mujer;real;15.938;51.145;42.992;34.722;43.65;25.65;23.9;35.26;real
Aragón;02;2011;hombre;real;16.88;66.458;55.242;43.418;42.375;22.275;5.5;26.41;real
Aragón;02;2011;mujer;real;17.325;51.875;42.885;35.168;50.85;25.625;23.875;35.43;real
Aragón;02;2012;hombre;real;17.738;66.888;55.022;46.242;50.45;20.525;5.15;24.85;real
Aragón;02;2012;mujer;real;19.798;53.492;42.9;38.177;50.65;22.75;23.975;35.49;real
Aragón;02;2013;hombre;real;20.318;65.28;52.012;51.06;55.4;19.975;6.1;23.49;real
Aragón;02;2013;mujer;real;22.662;52.982;40.972;49.425;52.75;23.325;26.9;31.57;real
Aragón;02;2014;hombre;real;18.252;65.122;53.238;51.823;56.45;23.275;6.375;22.4;real
Aragón;02;2014;mujer;real;22.488;52.878;40.992;51.272;57.075;24.55;26.125;29.98;real
Aragón;02;2015;hombre;real;13.29;65.1;56.45;35.817;54.3;21.125;6.15;22.46;real
Aragón;02;2015;mujer;real;19.898;52.632;42.16;47.392;51.75;24.725;25.65;30.29;real
Aragón;02;2016;hombre;real;12.11;65.167;57.28;34.835;53.45;21.575;5.775;23.73;real
Aragón;02;2016;mujer;real;17.835;53.692;44.112;38.38;53.8;25.575;26.725;32.02;real
Aragón;02;2017;hombre;real;9.022;64.575;58.748;30.18;46.85;23.7;5.9;24.41;real
Aragón;02;2017;mujer;real;14.742;52.778;44.99;30.748;49.2;27.0;26.9;32.1;real
Aragón;02;2018;hombre;real;9.332;64.54;58.52;26.322;42.625;23.3;6.075;25.4;real
Aragón;02;2018;mujer;real;12.155;53.01;46.562;29.728;44.575;28.025;26.825;33.71;real
Aragón;02;2019;hombre;real;8.798;65.455;59.698;24.857;38.075;20.65;6.025;27.05;real
Aragón;02;2019;mujer;real;11.492;53.175;47.068;31.572;45.525;24.275;23.275;35.08;real
Aragón;02;2020;hombre;real;10.09;63.39;56.998;24.572;33.075;19.675;5.3;28.07;real
Aragón;02;2020;mujer;real;13.562;53.022;45.83;33.18;36.975;23.575;22.75;34.82;real
Aragón;02;2021;hombre;real;8.785;63.638;58.042;21.652;38.65;21.7;5.05;27.65;real
Aragón;02;2021;mujer;real;12.132;53.31;46.855;30.825;39.2;27.975;25.725;33.99;real
Aragón;02;2022;hombre;real;7.778;63.945;58.972;19.622;33.75;17.1;5.475;27.11;real
Aragón;02;2022;mujer;real;11.742;53.672;47.372;30.807;38.3;23.725;24.225;33.73;real
Aragón;02;2023;hombre;real;6.413;63.382;59.315;16.93;33.4;13.25;5.575;27.48;real
Aragón;02;2023;mujer;real;11.02;53.965;48.015;29.608;45.45;20.325;21.375;33.99;real
Aragón;02;2024;hombre;real;6.672;63.86;59.598;21.385;36.775;12.325;4.625;28.19;real
Aragón;02;2024;mujer;real;9.845;53.78;48.49;25.947;35.75;20.3;22.35;35.39;real
Aragón;02;2025;hombre;real;6.398;63.387;59.33;23.788;32.3;12.45;5.025;27.593;proyeccion
Aragón;02;2025;mujer;real;9.945;53.79;48.445;24.292;32.5;18.8;22.575;35.39;proyeccion
Aragón;02;2026;hombre;proyeccion;6.525;63.35;59.212;22.885;23.2;12.056;5.292;27.593;proyeccion
Aragón;02;2026;mujer;proyeccion;9.948;53.836;48.968;21.53;34.709;19.7;22.285;35.39;proyeccion
Canarias;05;2010;hombre;real;29.152;69.425;49.188;55.875;48.225;27.45;6.225;34.26;real
Canarias;05;2010;mujer;real;27.91;54.54;39.322;47.18;48.55;31.35;20.2;40.85;real
Canarias;05;2011;hombre;real;29.405;69.215;48.862;48.358;51.55;28.6;7.225;32.59;real
Canarias;05;2011;mujer;real;29.128;56.452;40.008;53.57;50.725;32.5;19.825;38.56;real
Canarias;05;2012;hombre;real;31.942;68.928;46.91;62.712;56.4;26.95;8.875;30.86;real
Canarias;05;2012;mujer;real;33.325;57.135;38.098;61.732;51.2;28.55;20.85;37.2;real
Canarias;05;2013;hombre;real;34.34;67.918;44.59;67.8;63.175;27.7;9.925;29.71;real
Canarias;05;2013;mujer;real;33.012;56.692;37.978;62.455;60.875;30.2;23.275;34.87;real
Canarias;05;2014;hombre;real;31.815;66.815;45.555;57.58;68.525;28.225;11.1;30.0;real
Canarias;05;2014;mujer;real;33.125;55.95;37.422;57.312;66.075;33.6;23.025;34.02;real
Canarias;05;2015;hombre;real;27.888;68.042;49.07;55.745;66.275;27.9;9.675;30.15;real
Canarias;05;2015;mujer;real;30.548;55.96;38.86;50.868;64.5;33.5;24.325;35.19;real
Canarias;05;2016;hombre;real;24.378;66.345;50.17;52.25;61.7;29.7;8.95;32.32;real
Canarias;05;2016;mujer;real;28.002;56.02;40.335;50.228;61.375;35.3;22.875;37.53;real
Canarias;05;2017;hombre;real;21.248;64.822;51.058;49.122;52.575;28.8;7.775;36.25;real
Canarias;05;2017;mujer;real;25.978;55.962;41.425;41.635;53.225;34.825;21.275;40.8;real
Canarias;05;2018;hombre;real;18.898;65.472;53.098;41.795;50.725;29.325;7.25;39.67;real
Canarias;05;2018;mujer;real;21.432;55.48;43.598;35.49;56.975;33.975;21.05;46.51;real
Canarias;05;2019;hombre;real;19.31;65.15;52.572;40.782;43.925;28.725;7.35;42.78;real
Canarias;05;2019;mujer;real;21.865;55.192;43.128;44.578;51.325;33.6;19.5;48.34;real
Canarias;05;2020;hombre;real;21.488;61.318;48.168;55.113;39.525;23.125;6.075;42.0;real
Canarias;05;2020;mujer;real;23.93;53.078;40.375;48.722;42.675;30.525;19.15;46.59;real
Canarias;05;2021;hombre;real;22.53;61.56;47.738;58.19;52.375;27.025;7.325;40.24;real
Canarias;05;2021;mujer;real;24.612;54.275;40.935;55.52;57.525;31.7;18.425;44.88;real
Canarias;05;2022;hombre;real;16.15;64.15;53.8;42.448;50.275;21.975;6.075;44.32;real
Canarias;05;2022;mujer;real;19.332;54.375;43.852;44.595;53.05;28.925;17.575;46.31;real
Canarias;05;2023;hombre;real;14.04;64.848;55.745;32.68;47.15;15.7;6.95;48.34;real
Canarias;05;2023;mujer;real;18.392;54.952;44.842;32.998;44.425;22.75;16.675;50.75;real
Canarias;05;2024;hombre;real;12.245;63.835;56.018;27.26;41.175;14.425;6.025;51.03;real
Canarias;05;2024;mujer;real;15.442;55.5;46.925;29.305;48.1;18.625;17.35;54.44;real
Canarias;05;2025;hombre;real;12.062;64.075;56.348;29.388;40.5;14.775;5.925;52.409;proyeccion
Canarias;05;2025;mujer;real;15.12;56.05;47.58;29.938;47.525;18.65;14.45;55.582;proyeccion
Canarias;05;2026;hombre;proyeccion;10.34;64.63;58.126;16.45;43.817;14.785;7.0;53.802;proyeccion
Canarias;05;2026;mujer;proyeccion;14.462;55.928;48.792;18.61;48.25;19.094;14.8;56.749;proyeccion
Cantabria;06;2010;hombre;real;12.665;64.095;55.978;32.73;40.175;20.5;3.725;33.83;real
Cantabria;06;2010;mujer;real;15.0;48.575;41.29;39.795;43.65;23.375;18.475;45.24;real
Cantabria;06;2011;hombre;real;16.1;64.293;53.942;41.122;42.0;18.9;3.225;30.14;real
Cantabria;06;2011;mujer;real;14.305;49.005;41.998;40.14;46.075;22.8;21.125;40.73;real
Cantabria;06;2012;hombre;real;18.123;63.818;52.25;38.228;50.975;17.15;4.625;28.21;real
Cantabria;06;2012;mujer;real;17.38;50.32;41.56;45.41;49.35;22.35;23.5;39.21;real
Cantabria;06;2013;hombre;real;20.122;62.83;50.19;56.158;55.125;17.75;6.1;25.46;real
Cantabria;06;2013;mujer;real;20.84;49.83;39.45;48.305;57.1;23.2;23.95;35.75;real
Cantabria;06;2014;hombre;real;20.048;63.102;50.455;53.852;63.1;21.125;5.775;23.41;real
Cantabria;06;2014;mujer;real;18.67;50.25;40.868;43.02;58.8;22.65;23.3;32.71;real
Cantabria;06;2015;hombre;real;16.47;62.262;52.01;49.8;60.1;22.475;5.575;22.84;real
Cantabria;06;2015;mujer;real;19.02;50.262;40.7;27.97;57.4;23.9;22.225;32.13;real
Cantabria;06;2016;hombre;real;14.35;61.932;53.04;34.418;54.925;22.55;6.0;24.52;real
Cantabria;06;2016;mujer;real;15.54;50.658;42.798;29.552;55.7;23.45;20.325;33.94;real
Cantabria;06;2017;hombre;real;13.238;60.915;52.853;39.24;56.55;22.725;6.575;25.82;real
Cantabria;06;2017;mujer;real;13.93;50.97;43.87;32.207;51.65;26.325;23.7;34.29;real
Cantabria;06;2018;hombre;real;9.218;60.762;55.168;30.528;51.275;23.225;6.2;26.85;real
Cantabria;06;2018;mujer;real;12.352;49.24;43.148;35.095;48.325;27.525;25.65;34.67;real
Cantabria;06;2019;hombre;real;9.642;61.17;55.27;27.812;44.5;21.625;5.35;27.32;real
Cantabria;06;2019;mujer;real;11.01;49.332;43.895;36.075;36.35;27.925;25.875;34.21;real
Cantabria;06;2020;hombre;real;11.7;59.23;52.308;41.965;30.45;26.875;6.5;28.65;real
Cantabria;06;2020;mujer;real;12.69;48.738;42.568;42.078;32.25;26.65;22.55;35.21;real
Cantabria;06;2021;hombre;real;9.865;60.69;54.708;29.38;39.925;22.0;5.65;28.66;real
Cantabria;06;2021;mujer;real;12.808;50.12;43.695;23.735;44.975;26.0;21.05;36.25;real
Cantabria;06;2022;hombre;real;7.83;60.19;55.482;23.968;39.85;15.675;4.925;30.19;real
Cantabria;06;2022;mujer;real;11.535;49.622;43.898;30.602;38.825;20.525;19.25;37.23;real
Cantabria;06;2023;hombre;real;6.455;59.465;55.63;20.01;40.575;11.725;5.75;31.52;real
Cantabria;06;2023;mujer;real;9.982;50.498;45.46;20.012;34.65;20.6;21.025;38.72;real
Cantabria;06;2024;hombre;real;6.62;61.252;57.195;21.152;34.675;12.525;6.025;34.4;real
Cantabria;06;2024;mujer;real;9.21;50.895;46.21;23.998;35.8;19.85;22.425;43.33;real
Cantabria;06;2025;hombre;real;6.875;60.322;56.175;20.905;28.825;14.225;6.175;36.573;proyeccion
Cantabria;06;2025;mujer;real;7.845;51.005;47.005;18.735;33.3;18.375;21.35;46.73;proyeccion
Cantabria;06;2026;hombre;proyeccion;6.979;59.404;55.32;20.22;32.277;14.226;7.294;37.927;proyeccion
Cantabria;06;2026;mujer;proyeccion;7.98;51.018;47.035;18.848;31.967;14.532;21.106;48.823;proyeccion
Castilla y León;07;2010;hombre;real;14.225;63.252;54.252;33.348;36.975;20.125;4.325;21.44;real
Castilla y León;07;2010;mujer;real;17.858;47.212;38.78;34.918;39.875;23.675;25.325;28.66;real
Castilla y León;07;2011;hombre;real;15.692;62.825;52.97;39.468;46.55;19.65;5.075;22.89;real
Castilla y León;07;2011;mujer;real;18.372;47.942;39.135;37.712;47.975;23.875;23.775;29.55;real
Castilla y León;07;2012;hombre;real;18.04;63.01;51.648;45.86;48.625;17.4;5.1;22.94;real
Castilla y León;07;2012;mujer;real;22.057;48.058;37.455;51.112;50.0;23.65;24.45;30.68;real
Castilla y León;07;2013;hombre;real;20.19;61.348;48.962;48.968;56.575;18.1;6.4;21.76;real
Castilla y León;07;2013;mujer;real;23.662;48.79;37.245;51.062;58.575;23.7;27.85;29.19;real
Castilla y León;07;2014;hombre;real;19.2;61.422;49.635;48.128;62.275;19.875;6.4;21.67;real
Castilla y León;07;2014;mujer;real;22.688;48.782;37.715;53.558;63.575;23.7;27.825;28.07;real
Castilla y León;07;2015;hombre;real;15.965;61.172;51.408;44.29;57.15;22.7;7.225;20.84;real
Castilla y León;07;2015;mujer;real;21.068;48.615;38.375;52.848;63.8;24.1;26.95;27.16;real
Castilla y León;07;2016;hombre;real;14.125;61.378;52.715;35.287;56.9;24.825;6.55;21.21;real
Castilla y León;07;2016;mujer;real;17.898;49.005;40.232;43.758;57.3;25.525;25.9;27.78;real
Castilla y León;07;2017;hombre;real;11.995;60.675;53.395;38.172;52.625;23.1;5.775;22.12;real
Castilla y León;07;2017;mujer;real;16.578;49.035;40.908;33.795;50.675;27.6;27.15;29.16;real
Castilla y León;07;2018;hombre;real;10.36;60.59;54.315;29.295;46.9;23.6;6.525;23.5;real
Castilla y León;07;2018;mujer;real;14.205;48.68;41.76;27.118;51.625;27.025;26.75;30.48;real
Castilla y León;07;2019;hombre;real;10.022;60.762;54.675;27.16;43.7;23.15;6.35;24.83;real
Castilla y León;07;2019;mujer;real;13.58;49.082;42.422;33.165;46.925;27.1;26.025;31.55;real
Castilla y León;07;2020;hombre;real;10.608;59.305;53.018;32.02;40.3;19.575;5.675;25.14;real
Castilla y León;07;2020;mujer;real;13.788;48.422;41.745;37.68;42.2;26.475;26.375;31.61;real
Castilla y León;07;2021;hombre;real;9.728;59.088;53.342;28.56;45.95;21.1;6.3;25.11;real
Castilla y León;07;2021;mujer;real;13.86;48.098;41.438;32.74;47.525;26.8;24.425;31.71;real
Castilla y León;07;2022;hombre;real;8.602;59.092;54.008;27.583;46.175;18.425;6.3;25.67;real
Castilla y León;07;2022;mujer;real;11.448;49.677;43.992;28.06;43.475;23.5;23.85;31.3;real
Castilla y León;07;2023;hombre;real;8.052;59.365;54.58;25.53;40.525;13.95;5.4;26.39;real
Castilla y León;07;2023;mujer;real;11.585;48.86;43.198;31.55;42.725;20.8;22.85;31.25;real
Castilla y León;07;2024;hombre;real;7.75;58.955;54.388;23.738;31.175;12.575;5.75;27.35;real
Castilla y León;07;2024;mujer;real;11.29;49.817;44.195;33.178;38.975;20.525;23.2;33.09;real
Castilla y León;07;2025;hombre;real;7.448;59.54;55.108;22.99;31.275;12.65;6.75;27.772;proyeccion
Castilla y León;07;2025;mujer;real;9.82;49.668;44.79;27.123;31.525;19.025;24.175;32.274;proyeccion
Castilla y León;07;2026;hombre;proyeccion;7.522;59.219;55.012;17.2;32.6;12.516;6.724;28.194;proyeccion
Castilla y León;07;2026;mujer;proyeccion;10.16;49.452;44.133;25.68;25.8;17.894;23.619;32.548;proyeccion
Castilla-La Mancha;08;2010;hombre;real;19.218;68.583;55.402;42.66;38.45;25.5;4.35;21.83;real
Castilla-La Mancha;08;2010;mujer;real;24.148;47.825;36.278;43.188;42.25;28.7;23.0;27.17;real
Castilla-La Mancha;08;2011;hombre;real;20.88;67.832;53.67;46.118;46.575;25.525;4.15;21.67;real
Castilla-La Mancha;08;2011;mujer;real;26.082;50.318;37.192;49.798;49.6;27.775;24.25;27.41;real
Castilla-La Mancha;08;2012;hombre;real;25.808;67.285;49.922;53.39;48.95;22.85;5.6;21.34;real
Castilla-La Mancha;08;2012;mujer;real;32.293;50.985;34.52;56.028;54.725;23.45;25.0;27.77;real
Castilla-La Mancha;08;2013;hombre;real;27.485;67.583;49.01;60.162;60.7;22.45;6.0;19.39;real
Castilla-La Mancha;08;2013;mujer;real;33.26;51.39;34.3;62.985;66.85;24.1;27.35;25.87;real
Castilla-La Mancha;08;2014;hombre;real;26.042;66.9;49.472;62.94;62.425;24.25;6.125;18.89;real
Castilla-La Mancha;08;2014;mujer;real;32.872;51.332;34.455;59.595;67.0;24.575;25.175;23.63;real
Castilla-La Mancha;08;2015;hombre;real;22.535;65.94;51.078;54.138;60.275;26.55;6.7;18.85;real
Castilla-La Mancha;08;2015;mujer;real;31.292;51.225;35.198;60.71;67.075;28.425;25.15;23.71;real
Castilla-La Mancha;08;2016;hombre;real;19.962;66.012;52.835;46.992;57.75;28.075;5.5;19.27;real
Castilla-La Mancha;08;2016;mujer;real;28.218;50.933;36.56;55.67;63.925;28.8;24.325;24.19;real
Castilla-La Mancha;08;2017;hombre;real;16.755;66.432;55.3;39.885;53.075;26.825;4.925;19.69;real
Castilla-La Mancha;08;2017;mujer;real;25.97;51.32;37.988;50.358;60.075;29.575;23.95;24.88;real
Castilla-La Mancha;08;2018;hombre;real;13.593;66.082;57.102;38.87;47.95;27.1;5.025;20.19;real
Castilla-La Mancha;08;2018;mujer;real;24.055;51.428;39.06;48.818;54.075;30.25;26.15;25.35;real
Castilla-La Mancha;08;2019;hombre;real;12.232;65.425;57.425;34.76;45.2;26.8;5.4;21.7;real
Castilla-La Mancha;08;2019;mujer;real;21.265;51.512;40.558;44.768;50.575;28.85;26.975;25.57;real
Castilla-La Mancha;08;2020;hombre;real;13.63;64.56;55.768;36.608;38.75;22.825;4.9;22.17;real
Castilla-La Mancha;08;2020;mujer;real;22.895;49.938;38.478;43.202;51.9;27.5;25.05;25.66;real
Castilla-La Mancha;08;2021;hombre;real;11.62;65.493;57.885;29.34;44.825;24.1;5.8;22.56;real
Castilla-La Mancha;08;2021;mujer;real;20.828;51.538;40.817;41.925;57.35;29.775;23.35;26.55;real
Castilla-La Mancha;08;2022;hombre;real;11.118;65.89;58.565;28.96;36.675;19.2;5.225;22.76;real
Castilla-La Mancha;08;2022;mujer;real;19.123;51.58;41.718;40.91;54.275;27.275;24.175;27.57;real
Castilla-La Mancha;08;2023;hombre;real;10.185;65.17;58.53;28.665;37.7;16.0;5.75;23.24;real
Castilla-La Mancha;08;2023;mujer;real;16.985;52.015;43.177;31.01;42.925;23.45;22.675;27.52;real
Castilla-La Mancha;08;2024;hombre;real;9.972;64.463;58.035;23.21;33.725;14.725;6.2;24.22;real
Castilla-La Mancha;08;2024;mujer;real;17.518;51.875;42.785;35.908;38.65;21.125;23.85;28.56;real
Castilla-La Mancha;08;2025;hombre;real;9.678;65.07;58.778;26.135;37.15;13.525;6.15;24.391;proyeccion
Castilla-La Mancha;08;2025;mujer;real;16.622;52.543;43.808;29.652;46.275;21.225;25.5;28.56;proyeccion
Castilla-La Mancha;08;2026;hombre;proyeccion;10.02;65.26;59.548;25.471;31.7;13.846;6.272;24.561;proyeccion
Castilla-La Mancha;08;2026;mujer;proyeccion;16.365;52.23;45.004;28.2;42.831;21.175;26.416;28.56;proyeccion
Cataluña;09;2010;hombre;real;18.598;71.232;57.99;45.32;44.7;16.575;4.8;33.91;real
Cataluña;09;2010;mujer;real;16.508;56.552;47.218;32.005;43.475;19.925;21.15;44.48;real
Cataluña;09;2011;hombre;real;19.77;70.765;56.778;49.452;50.35;18.55;5.65;33.57;real
Cataluña;09;2011;mujer;real;18.435;57.64;47.015;37.868;48.075;21.9;22.325;45.23;real
Cataluña;09;2012;hombre;real;23.192;69.62;53.475;52.662;55.025;17.375;6.325;32.59;real
Cataluña;09;2012;mujer;real;21.728;57.5;45.005;47.912;51.4;19.475;22.35;43.34;real
Cataluña;09;2013;hombre;real;23.735;69.022;52.635;53.888;58.85;18.65;8.05;30.45;real
Cataluña;09;2013;mujer;real;22.42;57.56;44.655;46.095;55.625;18.55;23.4;40.64;real
Cataluña;09;2014;hombre;real;20.642;68.008;53.97;48.482;62.2;17.75;7.9;30.64;real
Cataluña;09;2014;mujer;real;19.978;57.515;46.025;45.55;58.65;18.9;23.5;41.38;real
Cataluña;09;2015;hombre;real;17.838;67.867;55.762;44.578;60.5;20.0;7.075;33.53;real
Cataluña;09;2015;mujer;real;19.442;57.045;45.955;39.802;58.6;19.225;21.65;44.04;real
Cataluña;09;2016;hombre;real;14.612;67.082;57.278;35.605;55.825;21.25;7.675;37.71;real
Cataluña;09;2016;mujer;real;16.928;57.232;47.54;32.94;57.95;21.1;21.475;49.25;real
Cataluña;09;2017;hombre;real;12.525;66.878;58.505;32.54;50.65;20.4;7.275;42.57;real
Cataluña;09;2017;mujer;real;14.395;56.89;48.7;28.002;50.025;22.75;22.2;55.31;real
Cataluña;09;2018;hombre;real;10.948;66.61;59.318;29.692;45.675;21.15;7.125;44.55;real
Cataluña;09;2018;mujer;real;12.088;56.258;49.455;25.402;44.975;22.6;21.975;57.24;real
Cataluña;09;2019;hombre;real;10.593;66.405;59.372;28.345;40.0;20.825;7.55;44.98;real
Cataluña;09;2019;mujer;real;11.508;56.99;50.428;23.877;39.35;22.425;22.5;56.67;real
Cataluña;09;2020;hombre;real;11.92;65.13;57.372;35.108;31.125;18.05;7.6;44.47;real
Cataluña;09;2020;mujer;real;13.412;55.82;48.33;32.61;33.5;21.2;20.8;55.38;real
Cataluña;09;2021;hombre;real;10.522;65.885;58.955;28.6;42.75;18.075;6.7;40.08;real
Cataluña;09;2021;mujer;real;12.992;56.708;49.342;29.18;47.15;23.45;20.25;50.0;real
Cataluña;09;2022;hombre;real;9.42;65.995;59.782;23.115;38.95;15.15;6.425;41.32;real
Cataluña;09;2022;mujer;real;10.595;56.135;50.188;25.885;37.025;20.275;19.675;51.33;real
Cataluña;09;2023;hombre;real;8.935;66.375;60.452;22.292;37.05;12.7;6.5;45.06;real
Cataluña;09;2023;mujer;real;9.798;56.868;51.295;22.475;34.775;15.6;18.95;54.13;real
Cataluña;09;2024;hombre;real;8.392;66.942;61.32;21.072;31.825;10.525;8.075;47.75;real
Cataluña;09;2024;mujer;real;9.462;56.475;51.128;23.22;33.875;13.95;20.3;56.65;real
Cataluña;09;2025;hombre;real;7.635;66.495;61.418;18.315;32.825;10.65;8.125;48.874;proyeccion
Cataluña;09;2025;mujer;real;9.16;57.295;52.048;19.855;34.475;12.775;18.825;57.675;proyeccion
Cataluña;09;2026;hombre;proyeccion;9.004;66.482;60.342;14.684;32.3;11.2;8.3;50.014;proyeccion
Cataluña;09;2026;mujer;proyeccion;9.317;57.026;51.54;21.782;33.275;11.741;18.0;58.715;proyeccion
Ceuta;18;2010;hombre;real;21.37;68.948;54.185;53.152;58.175;24.4;7.425;;
Ceuta;18;2010;mujer;real;28.345;42.92;30.71;76.588;53.85;34.625;20.4;;
Ceuta;18;2011;hombre;real;22.152;67.84;52.838;56.99;44.725;26.95;7.8;;
Ceuta;18;2011;mujer;real;36.865;46.055;29.07;70.888;57.975;41.15;18.95;;
Ceuta;18;2012;hombre;real;29.305;67.858;47.942;75.148;57.0;17.675;5.5;;
Ceuta;18;2012;mujer;real;47.925;50.582;26.305;61.46;52.75;22.925;23.025;;
Ceuta;18;2013;hombre;real;28.808;70.31;50.038;75.79;76.9;13.9;6.65;;
Ceuta;18;2013;mujer;real;43.755;49.762;27.943;69.58;62.25;15.075;21.075;;
Ceuta;18;2014;hombre;real;28.93;68.32;48.55;57.532;84.825;11.5;5.35;;
Ceuta;18;2014;mujer;real;36.338;48.568;30.902;78.75;72.95;16.975;16.9;;
Ceuta;18;2015;hombre;real;21.553;67.232;52.725;76.932;80.65;11.475;6.825;;
Ceuta;18;2015;mujer;real;36.392;47.082;29.868;81.19;66.4;24.275;19.025;;
Ceuta;18;2016;hombre;real;20.092;66.94;53.448;66.388;58.3;14.25;8.825;;
Ceuta;18;2016;mujer;real;31.928;47.472;32.298;53.412;72.9;26.975;20.9;;
Ceuta;18;2017;hombre;real;17.03;63.918;52.978;54.9;57.425;16.8;11.7;;
Ceuta;18;2017;mujer;real;29.422;47.66;33.582;53.658;65.35;23.85;27.425;;
Ceuta;18;2018;hombre;real;22.845;65.73;50.685;58.015;68.15;13.95;9.7;;
Ceuta;18;2018;mujer;real;36.175;52.202;33.232;65.785;69.9;30.625;25.225;;
Ceuta;18;2019;hombre;real;22.978;67.328;51.822;67.482;58.4;15.075;9.475;;
Ceuta;18;2019;mujer;real;29.665;48.802;34.315;40.435;67.85;33.05;21.55;;
Ceuta;18;2020;hombre;real;21.822;64.688;50.59;64.36;64.65;14.7;5.45;;
Ceuta;18;2020;mujer;real;28.172;47.948;34.4;60.465;68.15;27.175;15.05;;
Ceuta;18;2021;hombre;real;26.945;61.482;44.922;57.962;71.0;12.425;8.175;;
Ceuta;18;2021;mujer;real;35.435;49.882;32.197;76.14;71.0;23.3;14.875;;
Ceuta;18;2022;hombre;real;26.208;68.48;50.5;31.978;64.2;14.925;6.3;;
Ceuta;18;2022;mujer;real;34.628;53.295;34.732;76.762;63.5;17.925;15.225;;
Ceuta;18;2023;hombre;real;24.555;66.3;50.015;64.225;55.6;11.25;8.4;;
Ceuta;18;2023;mujer;real;36.158;57.408;36.63;54.685;60.85;18.075;17.225;;
Ceuta;18;2024;hombre;real;19.215;66.775;53.922;54.815;63.525;11.65;8.55;;
Ceuta;18;2024;mujer;real;36.882;54.452;34.3;73.805;65.475;18.2;13.85;;
Ceuta;18;2025;hombre;real;18.215;67.242;55.018;42.632;65.1;12.85;5.8;;
Ceuta;18;2025;mujer;real;31.96;54.9;37.402;67.97;69.275;15.075;14.2;;
Ceuta;18;2026;hombre;proyeccion;18.842;75.21;56.23;51.019;60.706;11.725;6.6;;
Ceuta;18;2026;mujer;proyeccion;32.949;55.585;38.558;66.542;64.706;19.421;20.6;;
Comunidad Foral de Navarra;15;2010;hombre;real;11.505;67.888;60.08;29.74;39.4;21.325;4.075;23.45;real
Comunidad Foral de Navarra;15;2010;mujer;real;12.395;53.6;46.957;30.875;27.4;28.325;28.025;31.75;real
Comunidad Foral de Navarra;15;2011;hombre;real;12.572;67.202;58.752;25.475;38.1;23.2;4.35;24.38;real
Comunidad Foral de Navarra;15;2011;mujer;real;13.49;54.81;47.42;33.43;42.275;28.7;27.15;33.97;real
Comunidad Foral de Navarra;15;2012;hombre;real;16.685;66.812;55.665;39.06;43.25;18.0;5.95;25.29;real
Comunidad Foral de Navarra;15;2012;mujer;real;15.53;54.702;46.202;42.385;50.425;25.9;28.65;35.91;real
Comunidad Foral de Navarra;15;2013;hombre;real;17.162;66.665;55.222;47.228;49.6;17.625;6.225;22.48;real
Comunidad Foral de Navarra;15;2013;mujer;real;18.855;53.81;43.66;49.382;51.825;22.8;28.25;32.32;real
Comunidad Foral de Navarra;15;2014;hombre;real;15.48;65.548;55.398;54.175;61.725;20.425;6.275;21.24;real
Comunidad Foral de Navarra;15;2014;mujer;real;15.98;54.09;45.442;35.738;53.025;24.65;31.45;30.19;real
Comunidad Foral de Navarra;15;2015;hombre;real;12.678;64.07;55.945;40.658;56.925;22.65;6.975;21.25;real
Comunidad Foral de Navarra;15;2015;mujer;real;15.17;53.652;45.518;35.595;50.65;29.5;32.15;29.69;real
Comunidad Foral de Navarra;15;2016;hombre;real;10.928;63.418;56.49;33.285;54.15;21.575;6.5;21.77;real
Comunidad Foral de Navarra;15;2016;mujer;real;14.278;53.805;46.13;35.282;56.8;29.025;28.9;30.25;real
Comunidad Foral de Navarra;15;2017;hombre;real;7.738;64.545;59.555;23.4;43.525;21.325;5.65;22.3;real
Comunidad Foral de Navarra;15;2017;mujer;real;13.155;53.858;46.775;42.34;44.5;24.8;28.875;30.25;real
Comunidad Foral de Navarra;15;2018;hombre;real;9.085;63.442;57.685;27.142;44.225;22.1;5.625;24.17;real
Comunidad Foral de Navarra;15;2018;mujer;real;11.09;54.875;48.795;25.415;49.375;26.025;28.5;31.47;real
Comunidad Foral de Navarra;15;2019;hombre;real;7.395;63.475;58.785;23.808;30.7;23.9;7.4;25.19;real
Comunidad Foral de Navarra;15;2019;mujer;real;9.212;53.942;48.975;21.175;35.5;27.5;27.55;32.45;real
Comunidad Foral de Navarra;15;2020;hombre;real;9.99;62.462;56.22;27.815;27.25;20.625;5.575;26.06;real
Comunidad Foral de Navarra;15;2020;mujer;real;10.125;51.96;46.692;23.21;32.725;30.625;24.125;33.93;real
Comunidad Foral de Navarra;15;2021;hombre;real;11.555;62.078;54.91;23.89;49.175;19.575;5.75;26.97;real
Comunidad Foral de Navarra;15;2021;mujer;real;9.768;54.36;49.055;20.645;41.375;28.525;26.475;34.4;real
Comunidad Foral de Navarra;15;2022;hombre;real;9.268;63.588;57.7;22.87;44.625;17.975;5.35;27.78;real
Comunidad Foral de Navarra;15;2022;mujer;real;10.282;54.002;48.45;22.078;44.525;24.8;24.5;34.11;real
Comunidad Foral de Navarra;15;2023;hombre;real;9.157;63.49;57.672;27.585;32.175;16.7;6.1;26.65;real
Comunidad Foral de Navarra;15;2023;mujer;real;10.838;54.225;48.355;22.425;41.3;19.9;23.225;33.59;real
Comunidad Foral de Navarra;15;2024;hombre;real;6.955;63.588;59.162;19.8;23.825;14.55;5.575;26.93;real
Comunidad Foral de Navarra;15;2024;mujer;real;8.4;55.058;50.43;26.835;38.075;18.45;21.25;33.83;real
Comunidad Foral de Navarra;15;2025;hombre;real;6.442;63.685;59.58;17.56;35.35;13.525;5.875;27.179;proyeccion
Comunidad Foral de Navarra;15;2025;mujer;real;9.118;54.335;49.378;24.932;41.375;21.8;20.675;33.83;proyeccion
Comunidad Foral de Navarra;15;2026;hombre;proyeccion;6.708;63.887;59.6;20.295;32.514;14.05;6.112;27.427;proyeccion
Comunidad Foral de Navarra;15;2026;mujer;proyeccion;9.96;54.238;48.54;25.764;35.675;23.424;20.094;33.83;proyeccion
Comunidad de Madrid;13;2010;hombre;real;15.572;72.922;61.562;38.825;40.325;18.175;5.1;36.43;real
Comunidad de Madrid;13;2010;mujer;real;16.142;59.815;50.158;35.168;37.675;19.45;18.725;46.52;real
Comunidad de Madrid;13;2011;hombre;real;16.395;71.99;60.188;42.275;46.725;18.4;5.7;36.54;real
Comunidad de Madrid;13;2011;mujer;real;16.275;59.075;49.47;39.358;43.475;20.1;18.325;46.76;real
Comunidad de Madrid;13;2012;hombre;real;19.105;71.245;57.635;52.305;50.675;16.375;6.35;34.75;real
Comunidad de Madrid;13;2012;mujer;real;17.908;59.952;49.212;43.548;51.2;18.4;18.925;44.3;real
Comunidad de Madrid;13;2013;hombre;real;19.22;70.185;56.692;48.995;58.15;15.375;7.55;32.55;real
Comunidad de Madrid;13;2013;mujer;real;20.345;59.29;47.228;48.655;57.7;17.4;20.35;41.44;real
Comunidad de Madrid;13;2014;hombre;real;17.955;69.712;57.198;46.825;60.45;15.475;7.25;32.19;real
Comunidad de Madrid;13;2014;mujer;real;19.605;58.58;47.1;51.09;63.2;16.5;20.85;41.03;real
Comunidad de Madrid;13;2015;hombre;real;16.808;70.49;58.64;46.258;62.7;17.6;7.8;34.09;real
Comunidad de Madrid;13;2015;mujer;real;17.328;59.242;48.975;41.875;63.15;16.4;20.275;42.58;real
Comunidad de Madrid;13;2016;hombre;real;15.005;68.97;58.615;41.28;58.3;17.8;7.2;36.67;real
Comunidad de Madrid;13;2016;mujer;real;16.46;58.855;49.162;39.712;59.0;18.85;19.45;45.68;real
Comunidad de Madrid;13;2017;hombre;real;12.792;68.222;59.498;37.72;51.525;18.625;7.1;39.41;real
Comunidad de Madrid;13;2017;mujer;real;13.928;58.05;49.965;31.26;54.7;19.175;19.025;49.06;real
Comunidad de Madrid;13;2018;hombre;real;11.62;68.418;60.462;30.172;52.825;18.35;6.7;43.69;real
Comunidad de Madrid;13;2018;mujer;real;12.853;57.93;50.48;24.6;49.225;21.3;20.1;54.45;real
Comunidad de Madrid;13;2019;hombre;real;9.812;67.805;61.152;28.46;41.275;18.3;6.925;44.52;real
Comunidad de Madrid;13;2019;mujer;real;11.478;58.36;51.662;29.742;48.25;20.725;19.875;54.65;real
Comunidad de Madrid;13;2020;hombre;real;11.572;66.598;58.892;30.32;33.775;17.2;6.775;43.98;real
Comunidad de Madrid;13;2020;mujer;real;13.45;58.13;50.312;33.368;38.425;20.275;19.275;53.49;real
Comunidad de Madrid;13;2021;hombre;real;10.755;67.795;60.502;30.502;44.425;18.175;7.0;40.35;real
Comunidad de Madrid;13;2021;mujer;real;12.645;59.325;51.815;28.592;44.475;20.425;19.975;48.91;real
Comunidad de Madrid;13;2022;hombre;real;9.53;68.273;61.765;29.32;46.2;14.2;7.425;39.76;real
Comunidad de Madrid;13;2022;mujer;real;12.97;58.842;51.21;26.018;50.5;17.6;18.625;48.23;real
Comunidad de Madrid;13;2023;hombre;real;8.702;67.718;61.825;28.402;43.85;10.875;6.55;42.42;real
Comunidad de Madrid;13;2023;mujer;real;11.25;59.223;52.56;26.2;42.5;14.125;18.025;50.84;real
Comunidad de Madrid;13;2024;hombre;real;8.485;67.678;61.933;22.582;34.05;9.975;6.3;45.66;real
Comunidad de Madrid;13;2024;mujer;real;9.48;59.072;53.475;17.695;41.7;13.55;19.05;55.35;real
Comunidad de Madrid;13;2025;hombre;real;7.81;67.51;62.238;18.41;34.2;9.1;7.35;46.319;proyeccion
Comunidad de Madrid;13;2025;mujer;real;8.127;59.445;54.61;20.338;36.45;13.675;21.325;55.35;proyeccion
Comunidad de Madrid;13;2026;hombre;proyeccion;6.124;67.659;63.519;18.803;34.975;9.4;8.6;46.979;proyeccion
Comunidad de Madrid;13;2026;mujer;proyeccion;8.579;59.051;53.806;20.52;37.763;13.569;20.217;55.35;proyeccion
Comunitat Valenciana;10;2010;hombre;real;22.932;67.932;52.352;41.42;46.625;27.325;8.075;25.1;real
Comunitat Valenciana;10;2010;mujer;real;22.765;52.502;40.55;43.258;46.25;28.275;26.85;32.94;real
Comunitat Valenciana;10;2011;hombre;real;23.702;66.74;50.918;55.255;52.45;25.875;7.675;22.8;real
Comunitat Valenciana;10;2011;mujer;real;24.332;52.93;40.05;47.162;50.9;27.8;27.125;30.52;real
Comunitat Valenciana;10;2012;hombre;real;27.355;66.812;48.538;55.728;54.175;24.775;8.425;22.21;real
Comunitat Valenciana;10;2012;mujer;real;26.988;52.635;38.432;49.728;55.925;28.4;28.925;30.19;real
Comunitat Valenciana;10;2013;hombre;real;27.082;66.29;48.338;57.67;59.15;25.175;10.125;21.51;real
Comunitat Valenciana;10;2013;mujer;real;29.21;53.245;37.692;54.775;60.25;28.575;29.975;28.4;real
Comunitat Valenciana;10;2014;hombre;real;25.018;65.55;49.152;57.702;63.225;25.975;9.85;21.18;real
Comunitat Valenciana;10;2014;mujer;real;26.778;52.648;38.545;55.402;63.875;27.75;30.575;28.4;real
Comunitat Valenciana;10;2015;hombre;real;21.91;65.197;50.912;48.73;61.2;27.225;9.95;21.15;real
Comunitat Valenciana;10;2015;mujer;real;23.805;53.235;40.565;48.028;63.5;27.725;29.825;28.4;real
Comunitat Valenciana;10;2016;hombre;real;18.908;65.06;52.758;44.948;57.6;27.375;10.1;22.95;real
Comunitat Valenciana;10;2016;mujer;real;22.585;53.922;41.745;46.265;61.375;27.5;29.9;29.61;real
Comunitat Valenciana;10;2017;hombre;real;16.478;65.34;54.578;43.705;51.55;29.0;9.7;24.45;real
Comunitat Valenciana;10;2017;mujer;real;20.18;53.135;42.415;39.388;52.075;30.075;29.7;31.51;real
Comunitat Valenciana;10;2018;hombre;real;14.005;64.902;55.812;35.508;47.525;28.5;7.85;26.25;real
Comunitat Valenciana;10;2018;mujer;real;17.462;52.47;43.302;32.79;50.25;29.075;25.925;33.49;real
Comunitat Valenciana;10;2019;hombre;real;11.795;64.612;56.99;27.088;42.775;27.55;8.0;28.13;real
Comunitat Valenciana;10;2019;mujer;real;16.855;52.098;43.317;36.358;44.95;28.35;26.025;35.69;real
Comunitat Valenciana;10;2020;hombre;real;14.332;63.225;54.168;34.202;37.05;24.025;8.15;28.91;real
Comunitat Valenciana;10;2020;mujer;real;18.365;51.395;41.955;39.777;41.525;26.4;25.95;36.18;real
Comunitat Valenciana;10;2021;hombre;real;14.23;63.335;54.328;36.43;46.65;22.975;7.525;28.08;real
Comunitat Valenciana;10;2021;mujer;real;18.222;52.452;42.895;38.548;50.55;31.325;25.3;35.2;real
Comunitat Valenciana;10;2022;hombre;real;11.428;64.37;57.015;27.168;42.9;19.9;7.5;29.97;real
Comunitat Valenciana;10;2022;mujer;real;15.445;53.292;45.06;30.182;51.125;25.425;24.75;36.13;real
Comunitat Valenciana;10;2023;hombre;real;10.972;64.523;57.445;28.92;37.125;15.55;7.675;33.03;real
Comunitat Valenciana;10;2023;mujer;real;14.872;54.13;46.078;28.378;40.275;20.9;24.875;39.76;real
Comunitat Valenciana;10;2024;hombre;real;11.282;64.07;56.84;27.905;36.45;14.3;8.725;35.87;real
Comunitat Valenciana;10;2024;mujer;real;14.158;53.93;46.3;23.16;41.55;20.4;24.575;43.5;real
Comunitat Valenciana;10;2025;hombre;real;9.73;64.01;57.785;29.415;37.725;13.5;7.725;38.71;proyeccion
Comunitat Valenciana;10;2025;mujer;real;13.678;53.62;46.288;31.832;36.975;19.475;24.475;44.285;proyeccion
Comunitat Valenciana;10;2026;hombre;proyeccion;8.939;63.914;58.95;26.778;32.004;13.135;8.296;41.55;proyeccion
Comunitat Valenciana;10;2026;mujer;proyeccion;13.618;53.987;46.48;27.653;37.545;17.501;23.148;45.099;proyeccion
Extremadura;11;2010;hombre;real;20.58;64.065;50.882;44.543;37.35;29.925;3.7;22.81;real
Extremadura;11;2010;mujer;real;26.302;45.022;33.18;47.26;45.975;39.9;26.975;26.53;real
Extremadura;11;2011;hombre;real;23.038;63.302;48.725;49.285;40.95;34.55;4.625;21.8;real
Extremadura;11;2011;mujer;real;27.873;45.352;32.702;53.042;49.7;39.5;26.925;25.73;real
Extremadura;11;2012;hombre;real;30.86;63.6;43.975;59.052;49.4;32.75;5.3;21.48;real
Extremadura;11;2012;mujer;real;36.025;46.898;29.995;65.675;56.8;36.825;27.125;26.65;real
Extremadura;11;2013;hombre;real;32.24;62.908;42.618;62.202;54.475;30.45;6.95;20.01;real
Extremadura;11;2013;mujer;real;35.905;49.207;31.542;60.182;57.375;35.4;29.3;26.73;real
Extremadura;11;2014;hombre;real;27.205;62.725;45.675;54.985;58.925;32.225;6.85;20.09;real
Extremadura;11;2014;mujer;real;33.152;47.63;31.84;55.812;58.05;34.625;27.325;24.04;real
Extremadura;11;2015;hombre;real;25.665;63.055;46.868;51.965;56.225;32.4;6.9;18.88;real
Extremadura;11;2015;mujer;real;33.535;47.51;31.572;59.86;61.375;36.5;28.3;23.8;real
Extremadura;11;2016;hombre;real;23.728;62.71;47.828;49.458;53.725;31.3;7.15;19.6;real
Extremadura;11;2016;mujer;real;32.392;47.688;32.248;51.55;56.875;35.3;27.925;24.33;real
Extremadura;11;2017;hombre;real;22.695;61.975;47.908;45.375;56.075;34.025;6.175;20.64;real
Extremadura;11;2017;mujer;real;30.695;47.732;33.08;52.522;58.6;37.275;29.125;25.13;real
Extremadura;11;2018;hombre;real;19.38;62.608;50.478;44.09;47.5;33.475;5.75;20.97;real
Extremadura;11;2018;mujer;real;29.055;48.172;34.178;50.308;54.025;38.025;30.925;25.43;real
Extremadura;11;2019;hombre;real;16.6;62.465;52.098;37.457;50.75;33.45;6.6;22.08;real
Extremadura;11;2019;mujer;real;27.685;48.982;35.422;54.345;53.45;34.975;29.3;26.75;real
Extremadura;11;2020;hombre;real;18.035;59.952;49.142;44.36;41.1;32.9;6.2;22.36;real
Extremadura;11;2020;mujer;real;26.28;48.988;36.108;51.175;46.775;37.1;26.225;26.26;real
Extremadura;11;2021;hombre;real;16.102;61.065;51.252;43.888;41.5;30.675;5.6;22.74;real
Extremadura;11;2021;mujer;real;25.18;48.535;36.32;53.112;46.1;37.075;26.15;26.14;real
Extremadura;11;2022;hombre;real;14.352;61.092;52.33;39.112;42.65;25.65;6.35;23.41;real
Extremadura;11;2022;mujer;real;20.91;48.83;38.622;41.595;40.975;32.55;25.825;26.28;real
Extremadura;11;2023;hombre;real;14.342;61.75;52.895;29.278;40.65;22.725;6.6;23.1;real
Extremadura;11;2023;mujer;real;20.988;49.872;39.402;47.155;47.5;31.3;24.15;26.23;real
Extremadura;11;2024;hombre;real;13.438;60.295;52.195;35.578;35.525;18.275;4.725;24.52;real
Extremadura;11;2024;mujer;real;17.96;49.375;40.51;35.122;41.25;26.9;22.4;28.06;real
Extremadura;11;2025;hombre;real;12.322;60.0;52.618;31.775;35.875;18.1;4.775;24.52;proyeccion
Extremadura;11;2025;mujer;real;17.56;50.575;41.69;44.52;37.975;26.525;24.075;28.06;proyeccion
Extremadura;11;2026;hombre;proyeccion;9.084;60.229;54.488;25.828;35.0;17.456;5.027;24.52;proyeccion
Extremadura;11;2026;mujer;proyeccion;14.585;49.99;42.327;39.968;36.021;26.1;23.213;28.06;proyeccion
Galicia;12;2010;hombre;real;14.592;61.205;52.275;34.432;40.0;22.225;4.675;28.85;real
Galicia;12;2010;mujer;real;16.19;47.75;40.018;36.67;41.5;28.1;19.7;36.9;real
Galicia;12;2011;hombre;real;16.56;61.048;50.938;38.545;45.375;22.125;5.15;27.28;real
Galicia;12;2011;mujer;real;18.057;49.008;40.158;36.755;48.55;27.15;20.05;35.31;real
Galicia;12;2012;hombre;real;20.798;61.008;48.32;45.692;50.025;20.475;5.975;26.85;real
Galicia;12;2012;mujer;real;20.23;49.502;39.485;44.738;50.55;25.5;20.8;35.41;real
Galicia;12;2013;hombre;real;22.325;59.86;46.492;50.978;58.85;21.525;6.6;24.13;real
Galicia;12;2013;mujer;real;21.728;48.975;38.332;48.748;55.675;24.1;23.125;31.48;real
Galicia;12;2014;hombre;real;21.623;58.975;46.225;48.928;60.8;23.175;6.725;23.8;real
Galicia;12;2014;mujer;real;21.685;49.005;38.378;48.07;58.15;23.725;22.6;30.1;real
Galicia;12;2015;hombre;real;18.645;58.6;47.67;45.772;62.15;24.075;6.525;22.77;real
Galicia;12;2015;mujer;real;20.038;48.738;38.972;41.05;59.475;26.725;23.125;29.18;real
Galicia;12;2016;hombre;real;16.542;58.478;48.805;39.192;58.875;24.275;6.1;22.13;real
Galicia;12;2016;mujer;real;17.822;48.842;40.138;41.538;58.025;28.2;22.075;28.76;real
Galicia;12;2017;hombre;real;15.003;57.878;49.192;35.882;55.725;25.275;5.875;22.22;real
Galicia;12;2017;mujer;real;16.385;49.108;41.062;33.038;55.25;28.725;21.875;28.7;real
Galicia;12;2018;hombre;real;12.388;57.522;50.4;30.788;49.25;25.6;5.875;23.05;real
Galicia;12;2018;mujer;real;14.355;49.382;42.29;34.442;51.375;27.525;21.875;29.28;real
Galicia;12;2019;hombre;real;10.753;57.585;51.395;28.458;43.525;25.125;6.725;25.07;real
Galicia;12;2019;mujer;real;12.84;49.075;42.772;27.235;46.225;27.825;22.425;31.05;real
Galicia;12;2020;hombre;real;10.89;57.092;50.878;31.158;38.3;22.15;5.75;26.02;real
Galicia;12;2020;mujer;real;13.24;47.715;41.392;35.935;39.225;26.0;21.55;32.16;real
Galicia;12;2021;hombre;real;10.515;57.165;51.155;31.045;44.5;22.2;5.975;26.5;real
Galicia;12;2021;mujer;real;12.66;48.088;42.002;34.262;47.375;26.675;21.8;32.7;real
Galicia;12;2022;hombre;real;10.075;56.99;51.25;31.812;42.5;16.6;6.05;26.68;real
Galicia;12;2022;mujer;real;12.065;48.985;43.078;34.202;44.025;22.3;22.6;32.42;real
Galicia;12;2023;hombre;real;8.938;57.178;52.07;24.228;43.425;13.675;7.25;27.67;real
Galicia;12;2023;mujer;real;10.548;49.178;43.992;25.23;37.95;19.7;21.4;32.84;real
Galicia;12;2024;hombre;real;8.765;57.35;52.32;23.355;40.45;12.575;6.65;29.26;real
Galicia;12;2024;mujer;real;10.018;49.452;44.498;28.912;34.525;19.275;20.825;34.14;real
Galicia;12;2025;hombre;real;7.985;56.625;52.102;25.51;34.875;10.875;6.825;29.26;proyeccion
Galicia;12;2025;mujer;real;8.725;50.725;46.305;24.092;34.45;16.65;20.475;34.14;proyeccion
Galicia;12;2026;hombre;proyeccion;8.234;56.6;52.599;20.449;43.2;8.27;6.531;29.26;proyeccion
Galicia;12;2026;mujer;proyeccion;8.826;51.899;47.485;27.12;30.108;14.778;20.475;34.14;proyeccion
Illes Balears;04;2010;hombre;real;20.828;72.9;57.74;48.908;34.2;27.475;6.725;40.32;real
Illes Balears;04;2010;mujer;real;19.392;59.755;48.215;35.677;32.375;24.175;17.975;47.24;real
Illes Balears;04;2011;hombre;real;22.388;71.552;55.562;49.66;37.35;26.725;6.625;36.22;real
Illes Balears;04;2011;mujer;real;21.42;59.422;46.778;35.885;33.5;26.65;19.9;43.35;real
Illes Balears;04;2012;hombre;real;22.482;72.635;56.358;46.37;48.325;24.45;7.35;34.14;real
Illes Balears;04;2012;mujer;real;24.158;61.418;46.638;52.338;40.9;23.55;23.225;41.03;real
Illes Balears;04;2013;hombre;real;22.588;72.482;56.148;41.298;49.675;25.05;8.325;32.3;real
Illes Balears;04;2013;mujer;real;22.018;60.038;46.862;51.115;47.85;24.5;20.3;38.4;real
Illes Balears;04;2014;hombre;real;21.498;70.8;55.658;43.302;51.65;28.225;7.125;31.3;real
Illes Balears;04;2014;mujer;real;18.545;59.068;48.202;46.925;41.75;23.225;22.05;39.14;real
Illes Balears;04;2015;hombre;real;17.415;70.91;58.608;47.655;42.6;29.575;6.95;34.49;real
Illes Balears;04;2015;mujer;real;17.398;60.718;50.23;37.198;44.075;22.85;22.45;41.37;real
Illes Balears;04;2016;hombre;real;13.47;70.468;61.0;39.16;38.5;30.4;7.65;41.06;real
Illes Balears;04;2016;mujer;real;14.51;60.065;51.395;40.175;39.375;25.5;19.2;48.53;real
Illes Balears;04;2017;hombre;real;12.465;70.162;61.462;32.258;32.7;31.275;6.85;48.9;real
Illes Balears;04;2017;mujer;real;12.605;58.142;50.88;31.485;34.35;26.775;19.725;56.24;real
Illes Balears;04;2018;hombre;real;12.138;69.862;61.445;31.03;31.925;29.125;5.65;48.91;real
Illes Balears;04;2018;mujer;real;11.128;59.055;52.592;23.132;26.7;27.35;19.475;56.68;real
Illes Balears;04;2019;hombre;real;10.342;69.492;62.328;27.055;25.45;26.0;6.95;47.86;real
Illes Balears;04;2019;mujer;real;13.538;59.39;51.41;32.225;29.35;28.025;19.575;55.12;real
Illes Balears;04;2020;hombre;real;14.982;66.365;56.428;39.092;22.45;23.625;6.625;45.76;real
Illes Balears;04;2020;mujer;real;17.602;56.915;46.962;45.188;26.025;21.475;19.725;53.46;real
Illes Balears;04;2021;hombre;real;13.308;67.578;58.66;33.018;38.85;21.0;5.275;42.67;real
Illes Balears;04;2021;mujer;real;15.7;58.92;49.73;35.402;49.2;24.225;18.85;49.45;real
Illes Balears;04;2022;hombre;real;9.642;68.977;62.375;27.542;25.925;18.7;5.375;43.92;real
Illes Balears;04;2022;mujer;real;11.972;59.148;52.128;18.385;33.95;22.925;16.225;47.46;real
Illes Balears;04;2023;hombre;real;10.025;68.208;61.42;23.598;28.55;13.125;5.575;52.08;real
Illes Balears;04;2023;mujer;real;10.992;59.12;52.742;18.303;23.225;15.725;15.975;57.03;real
Illes Balears;04;2024;hombre;real;8.17;68.265;62.73;20.79;17.0;11.2;5.0;56.89;real
Illes Balears;04;2024;mujer;real;10.892;59.695;53.272;28.442;22.025;12.225;16.25;61.55;real
Illes Balears;04;2025;hombre;real;8.535;68.332;62.55;18.805;21.975;12.775;6.25;58.21;proyeccion
Illes Balears;04;2025;mujer;real;9.385;59.835;54.285;15.548;20.925;15.6;15.975;61.55;proyeccion
Illes Balears;04;2026;hombre;proyeccion;8.635;68.276;62.51;19.762;16.246;15.176;7.8;59.565;proyeccion
Illes Balears;04;2026;mujer;proyeccion;8.352;60.28;55.351;24.44;17.369;14.242;15.152;61.55;proyeccion
La Rioja;17;2010;hombre;real;12.845;68.258;59.49;32.89;38.425;19.95;3.65;26.03;real
La Rioja;17;2010;mujer;real;15.875;51.528;43.355;45.043;43.2;19.025;27.15;33.94;real
La Rioja;17;2011;hombre;real;16.652;67.585;56.332;41.04;47.95;18.475;4.725;24.42;real
La Rioja;17;2011;mujer;real;17.895;53.665;44.052;51.67;48.0;21.5;27.75;31.32;real
La Rioja;17;2012;hombre;real;19.04;66.788;54.065;43.852;45.2;20.35;4.575;24.81;real
La Rioja;17;2012;mujer;real;22.46;53.01;41.092;55.938;49.95;21.225;27.925;32.77;real
La Rioja;17;2013;hombre;real;19.21;65.133;52.62;47.75;52.325;20.525;6.2;22.09;real
La Rioja;17;2013;mujer;real;21.0;53.622;42.352;47.725;51.9;20.475;28.5;29.95;real
La Rioja;17;2014;hombre;real;15.588;66.322;55.978;45.16;56.95;20.05;6.825;19.73;real
La Rioja;17;2014;mujer;real;21.208;54.418;42.88;44.485;57.375;23.275;29.025;25.82;real
La Rioja;17;2015;hombre;real;14.12;66.072;56.742;41.655;59.15;20.775;7.775;19.96;real
La Rioja;17;2015;mujer;real;16.88;52.91;43.96;38.558;60.725;23.425;27.2;26.1;real
La Rioja;17;2016;hombre;real;12.172;65.482;57.5;38.58;52.9;21.375;6.45;20.13;real
La Rioja;17;2016;mujer;real;15.13;53.218;45.155;33.012;60.825;22.875;26.3;26.06;real
La Rioja;17;2017;hombre;real;9.538;64.68;58.512;23.068;51.95;24.325;7.3;20.96;real
La Rioja;17;2017;mujer;real;14.845;53.462;45.52;37.268;50.825;24.85;25.5;26.88;real
La Rioja;17;2018;hombre;real;9.11;63.792;57.982;26.058;42.1;25.325;5.35;22.17;real
La Rioja;17;2018;mujer;real;11.855;54.69;48.21;25.395;44.35;24.625;27.125;28.7;real
La Rioja;17;2019;hombre;real;10.125;64.17;57.672;26.818;37.725;23.525;5.825;23.6;real
La Rioja;17;2019;mujer;real;9.758;55.03;49.652;22.365;36.7;26.3;26.675;29.35;real
La Rioja;17;2020;hombre;real;9.27;63.642;57.75;25.895;32.875;20.825;5.0;24.69;real
La Rioja;17;2020;mujer;real;12.538;53.365;46.662;27.237;38.0;24.55;26.45;30.23;real
La Rioja;17;2021;hombre;real;8.84;65.02;59.28;24.382;40.375;19.8;5.35;24.83;real
La Rioja;17;2021;mujer;real;14.775;54.945;46.84;37.735;42.6;25.525;22.8;31.11;real
La Rioja;17;2022;hombre;real;8.902;64.998;59.21;24.415;39.4;16.45;4.375;24.88;real
La Rioja;17;2022;mujer;real;10.295;54.258;48.668;27.615;42.675;22.025;26.35;31.0;real
La Rioja;17;2023;hombre;real;7.858;64.45;59.385;28.978;35.875;14.25;5.05;25.28;real
La Rioja;17;2023;mujer;real;11.118;53.68;47.705;25.88;34.375;17.675;20.55;29.62;real
La Rioja;17;2024;hombre;real;9.315;64.115;58.142;35.865;33.15;12.55;5.3;25.74;real
La Rioja;17;2024;mujer;real;10.248;52.992;47.57;25.715;36.95;18.775;22.725;29.91;real
La Rioja;17;2025;hombre;real;7.073;63.278;58.805;22.56;31.55;10.65;5.35;25.805;proyeccion
La Rioja;17;2025;mujer;real;9.27;55.362;50.232;29.475;23.6;18.325;25.65;29.987;proyeccion
La Rioja;17;2026;hombre;proyeccion;9.63;63.015;58.417;36.26;29.782;11.328;5.4;25.874;proyeccion
La Rioja;17;2026;mujer;proyeccion;7.944;53.24;49.228;24.006;27.875;18.425;24.1;30.045;proyeccion
Melilla;19;2010;hombre;real;17.848;66.288;54.51;41.138;57.5;26.775;4.25;;
Melilla;19;2010;mujer;real;30.282;42.348;29.512;67.87;61.375;31.1;18.225;;
Melilla;19;2011;hombre;real;18.952;67.46;54.665;66.93;67.475;16.3;4.225;;
Melilla;19;2011;mujer;real;27.39;45.935;33.428;61.018;62.85;36.075;26.975;;
Melilla;19;2012;hombre;real;22.625;67.395;52.135;62.038;64.125;30.4;6.075;;
Melilla;19;2012;mujer;real;33.46;45.968;30.612;57.605;61.725;35.475;26.175;;
Melilla;19;2013;hombre;real;32.95;68.695;45.95;48.458;58.275;25.275;12.075;;
Melilla;19;2013;mujer;real;31.68;49.492;33.808;61.46;63.85;27.75;24.425;;
Melilla;19;2014;hombre;real;23.018;64.685;49.788;35.955;67.325;23.475;13.05;;
Melilla;19;2014;mujer;real;35.312;46.415;29.992;86.428;79.825;15.225;21.725;;
Melilla;19;2015;hombre;real;29.632;67.36;47.392;62.293;63.375;24.375;6.2;;
Melilla;19;2015;mujer;real;40.022;47.175;28.26;90.262;67.825;23.5;15.575;;
Melilla;19;2016;hombre;real;26.12;71.168;52.582;62.4;69.4;24.975;8.275;;
Melilla;19;2016;mujer;real;37.648;46.308;28.873;78.7;71.7;33.25;18.425;;
Melilla;19;2017;hombre;real;20.678;70.125;55.62;62.8;69.075;26.7;9.7;;
Melilla;19;2017;mujer;real;37.558;49.242;30.79;60.852;71.725;28.65;17.675;;
Melilla;19;2018;hombre;real;21.578;70.62;55.4;62.225;59.75;22.375;7.15;;
Melilla;19;2018;mujer;real;31.568;54.495;37.288;74.592;72.675;27.4;23.775;;
Melilla;19;2019;hombre;real;22.325;67.108;52.105;69.875;67.6;27.6;8.5;;
Melilla;19;2019;mujer;real;32.718;53.762;36.195;60.162;72.25;36.725;16.175;;
Melilla;19;2020;hombre;real;20.71;69.08;54.785;83.042;52.675;29.6;4.125;;
Melilla;19;2020;mujer;real;27.188;55.49;40.38;61.312;68.225;34.8;20.9;;
Melilla;19;2021;hombre;real;21.015;68.045;53.742;44.565;64.675;33.4;5.275;;
Melilla;19;2021;mujer;real;30.95;53.478;36.815;60.512;70.925;38.65;16.425;;
Melilla;19;2022;hombre;real;20.592;66.43;52.725;60.532;65.0;34.675;8.225;;
Melilla;19;2022;mujer;real;32.347;51.188;34.605;61.915;61.825;30.325;15.6;;
Melilla;19;2023;hombre;real;26.638;61.595;45.172;50.68;61.075;21.3;7.7;;
Melilla;19;2023;mujer;real;26.625;49.775;36.518;40.77;67.875;26.225;18.675;;
Melilla;19;2024;hombre;real;27.31;63.59;46.23;59.052;57.25;28.075;9.35;;
Melilla;19;2024;mujer;real;29.47;54.065;38.09;70.372;67.025;25.35;16.45;;
Melilla;19;2025;hombre;real;20.17;61.142;48.76;39.95;66.475;27.65;10.75;;
Melilla;19;2025;mujer;real;30.26;48.962;34.142;89.255;65.125;26.45;10.75;;
Melilla;19;2026;hombre;proyeccion;22.927;54.89;45.625;61.41;69.727;24.882;6.2;;
Melilla;19;2026;mujer;proyeccion;19.8;49.008;34.801;90.98;62.1;34.159;9.177;;
País Vasco;16;2010;hombre;real;10.29;65.68;58.922;33.09;39.325;19.65;4.725;33.51;real
País Vasco;16;2010;mujer;real;11.178;51.118;45.408;27.868;39.475;25.55;25.65;43.84;real
País Vasco;16;2011;hombre;real;11.758;65.43;57.74;32.732;50.05;20.525;5.75;36.0;real
País Vasco;16;2011;mujer;real;13.032;53.055;46.138;35.44;48.85;26.175;26.5;47.3;real
País Vasco;16;2012;hombre;real;15.555;64.49;54.462;41.698;52.275;17.375;5.575;34.65;real
País Vasco;16;2012;mujer;real;15.652;52.25;44.067;43.762;50.875;26.05;27.975;46.72;real
País Vasco;16;2013;hombre;real;16.665;63.562;52.97;48.282;57.75;17.75;6.225;31.58;real
País Vasco;16;2013;mujer;real;16.475;51.75;43.225;44.382;56.825;24.025;28.525;42.19;real
País Vasco;16;2014;hombre;real;16.522;62.855;52.468;46.67;65.825;17.8;5.775;30.09;real
País Vasco;16;2014;mujer;real;16.108;51.592;43.28;43.338;62.4;25.4;30.575;39.56;real
País Vasco;16;2015;hombre;real;14.86;62.42;53.14;43.962;63.425;21.025;7.075;30.17;real
País Vasco;16;2015;mujer;real;14.665;51.457;43.91;36.6;60.25;25.875;31.025;39.85;real
País Vasco;16;2016;hombre;real;12.1;62.585;55.012;34.752;60.85;21.425;8.2;30.84;real
País Vasco;16;2016;mujer;real;13.142;51.742;44.938;34.325;58.775;26.8;28.725;40.81;real
País Vasco;16;2017;hombre;real;10.515;61.75;55.255;26.95;59.95;21.6;8.1;31.88;real
País Vasco;16;2017;mujer;real;12.19;50.978;44.765;27.398;54.375;27.375;27.65;41.71;real
País Vasco;16;2018;hombre;real;10.088;61.325;55.135;25.098;55.725;23.375;7.3;33.3;real
País Vasco;16;2018;mujer;real;9.842;51.612;46.532;26.638;53.325;28.375;26.175;43.0;real
País Vasco;16;2019;hombre;real;8.885;60.548;55.165;27.175;51.925;22.1;7.0;33.58;real
País Vasco;16;2019;mujer;real;9.428;52.15;47.23;27.462;46.05;26.55;27.2;41.7;real
País Vasco;16;2020;hombre;real;8.675;58.985;53.86;30.268;39.9;19.275;6.525;34.75;real
País Vasco;16;2020;mujer;real;10.448;51.422;46.048;36.172;38.375;24.9;26.45;42.33;real
País Vasco;16;2021;hombre;real;10.145;60.468;54.335;36.448;47.275;20.4;6.675;34.43;real
País Vasco;16;2021;mujer;real;10.458;52.345;46.88;31.652;45.25;27.875;24.775;41.33;real
País Vasco;16;2022;hombre;real;8.758;61.628;56.23;25.558;42.4;18.125;7.975;33.51;real
País Vasco;16;2022;mujer;real;9.02;51.645;46.988;25.428;49.575;26.3;24.575;40.12;real
País Vasco;16;2023;hombre;real;6.942;61.707;57.425;24.495;42.625;17.45;7.55;34.71;real
País Vasco;16;2023;mujer;real;8.6;52.338;47.84;22.345;48.35;24.1;25.625;39.81;real
País Vasco;16;2024;hombre;real;8.73;60.28;55.015;28.225;37.45;15.275;7.275;35.51;real
País Vasco;16;2024;mujer;real;7.428;52.132;48.258;17.1;39.875;25.475;25.775;41.28;real
País Vasco;16;2025;hombre;real;7.185;59.058;54.812;19.438;37.375;15.85;9.1;34.577;proyeccion
País Vasco;16;2025;mujer;real;7.485;52.72;48.772;18.09;35.875;21.875;26.425;39.674;proyeccion
País Vasco;16;2026;hombre;proyeccion;6.88;59.93;55.948;25.244;19.9;14.297;7.944;34.577;proyeccion
País Vasco;16;2026;mujer;proyeccion;9.36;52.365;47.37;18.193;34.225;22.0;23.534;39.371;proyeccion
Principado de Asturias;03;2010;hombre;real;15.157;58.81;49.9;40.46;45.325;21.975;3.775;28.99;real
Principado de Asturias;03;2010;mujer;real;16.81;45.485;37.838;33.23;39.725;25.2;20.725;38.84;real
Principado de Asturias;03;2011;hombre;real;18.312;58.195;47.538;51.822;46.9;21.375;4.0;27.16;real
Principado de Asturias;03;2011;mujer;real;17.29;46.105;38.132;44.76;43.825;26.75;20.65;36.77;real
Principado de Asturias;03;2012;hombre;real;21.892;58.812;45.938;47.942;52.05;21.0;4.5;25.64;real
Principado de Asturias;03;2012;mujer;real;21.74;46.38;36.29;50.335;45.125;25.0;23.3;35.63;real
Principado de Asturias;03;2013;hombre;real;23.92;58.358;44.398;53.098;62.7;20.7;5.0;23.57;real
Principado de Asturias;03;2013;mujer;real;24.36;47.062;35.595;57.108;59.125;25.475;23.675;32.56;real
Principado de Asturias;03;2014;hombre;real;20.142;56.902;45.442;44.42;65.075;23.525;5.4;22.82;real
Principado de Asturias;03;2014;mujer;real;22.205;47.258;36.762;45.805;61.2;27.5;21.35;31.41;real
Principado de Asturias;03;2015;hombre;real;19.592;55.55;44.668;42.635;63.3;24.2;5.975;21.76;real
Principado de Asturias;03;2015;mujer;real;18.598;46.828;38.12;41.415;56.95;26.325;22.25;30.49;real
Principado de Asturias;03;2016;hombre;real;18.81;56.433;45.808;55.575;62.45;24.325;6.55;22.04;real
Principado de Asturias;03;2016;mujer;real;16.31;47.392;39.658;39.988;59.95;27.45;22.95;31.2;real
Principado de Asturias;03;2017;hombre;real;13.51;55.588;48.078;38.52;54.45;23.15;6.15;22.3;real
Principado de Asturias;03;2017;mujer;real;13.93;46.592;40.1;34.912;59.65;27.5;23.475;31.97;real
Principado de Asturias;03;2018;hombre;real;12.362;55.04;48.23;34.232;50.425;24.2;6.325;23.25;real
Principado de Asturias;03;2018;mujer;real;14.92;46.922;39.922;40.158;51.175;25.6;24.275;32.87;real
Principado de Asturias;03;2019;hombre;real;13.3;54.898;47.592;27.748;52.8;23.975;6.075;23.86;real
Principado de Asturias;03;2019;mujer;real;15.13;46.91;39.81;30.15;56.5;27.1;22.25;31.91;real
Principado de Asturias;03;2020;hombre;real;13.87;54.22;46.707;40.04;38.775;19.875;5.075;25.01;real
Principado de Asturias;03;2020;mujer;real;14.385;46.232;39.578;31.107;43.375;27.8;21.35;32.8;real
Principado de Asturias;03;2021;hombre;real;11.317;55.312;49.055;24.372;56.725;21.4;5.625;25.32;real
Principado de Asturias;03;2021;mujer;real;13.428;46.027;39.838;35.565;51.475;28.975;23.05;32.97;real
Principado de Asturias;03;2022;hombre;real;11.758;54.4;48.015;39.207;47.775;17.875;5.1;25.09;real
Principado de Asturias;03;2022;mujer;real;13.345;44.97;38.965;33.933;47.775;27.2;21.425;31.19;real
Principado de Asturias;03;2023;hombre;real;11.382;53.502;47.412;34.495;51.075;14.175;7.0;25.24;real
Principado de Asturias;03;2023;mujer;real;12.88;47.025;40.962;21.77;49.325;24.4;20.575;31.58;real
Principado de Asturias;03;2024;hombre;real;9.232;55.55;50.435;28.432;42.55;13.4;5.3;27.0;real
Principado de Asturias;03;2024;mujer;real;11.065;47.685;42.408;39.478;48.325;21.525;20.7;33.85;real
Principado de Asturias;03;2025;hombre;real;7.83;57.17;52.69;24.145;38.4;12.4;4.975;27.0;proyeccion
Principado de Asturias;03;2025;mujer;real;9.882;48.642;43.835;32.365;38.7;18.225;21.9;32.207;proyeccion
Principado de Asturias;03;2026;hombre;proyeccion;7.394;56.18;52.339;23.588;29.948;12.917;5.175;27.0;proyeccion
Principado de Asturias;03;2026;mujer;proyeccion;9.791;48.187;43.237;19.16;43.7;19.622;21.826;32.207;proyeccion
Región de Murcia;14;2010;hombre;real;23.182;70.775;54.365;41.605;43.1;33.45;5.55;23.3;real
Región de Murcia;14;2010;mujer;real;22.432;52.99;41.102;36.66;43.825;32.725;23.15;30.68;real
Región de Murcia;14;2011;hombre;real;25.015;69.915;52.425;49.17;49.425;33.65;6.475;22.79;real
Región de Murcia;14;2011;mujer;real;24.947;52.995;39.768;46.828;50.575;32.225;24.725;29.62;real
Región de Murcia;14;2012;hombre;real;27.795;69.292;50.035;51.36;48.475;31.275;7.675;22.68;real
Región de Murcia;14;2012;mujer;real;27.372;54.242;39.392;49.543;52.55;32.675;26.65;30.52;real
Región de Murcia;14;2013;hombre;real;28.553;69.477;49.64;53.57;54.35;32.475;8.85;21.18;real
Región de Murcia;14;2013;mujer;real;29.525;53.348;37.595;53.38;57.75;29.85;27.55;29.27;real
Región de Murcia;14;2014;hombre;real;24.598;68.54;51.683;48.53;59.575;34.15;9.0;20.41;real
Región de Murcia;14;2014;mujer;real;29.115;53.682;38.055;56.998;62.25;31.5;28.575;27.32;real
Región de Murcia;14;2015;hombre;real;21.688;67.575;52.922;47.172;56.775;33.8;9.4;19.79;real
Región de Murcia;14;2015;mujer;real;28.422;51.39;36.778;55.475;59.125;33.95;26.525;26.82;real
Región de Murcia;14;2016;hombre;real;17.305;67.31;55.66;42.31;53.65;33.7;7.45;20.36;real
Región de Murcia;14;2016;mujer;real;23.008;51.055;39.312;50.342;57.45;34.525;25.825;27.04;real
Región de Murcia;14;2017;hombre;real;15.218;66.732;56.572;40.988;45.875;32.925;6.625;21.23;real
Región de Murcia;14;2017;mujer;real;21.572;52.392;41.092;37.408;49.875;37.5;23.775;28.24;real
Región de Murcia;14;2018;hombre;real;13.402;66.508;57.592;39.502;37.8;33.4;7.475;23.36;real
Región de Murcia;14;2018;mujer;real;20.982;52.218;41.262;36.365;46.575;32.625;25.175;29.73;real
Región de Murcia;14;2019;hombre;real;11.878;66.408;58.52;28.19;38.9;33.325;7.05;24.07;real
Región de Murcia;14;2019;mujer;real;18.218;51.935;42.472;40.468;43.825;32.275;25.15;30.09;real
Región de Murcia;14;2020;hombre;real;13.59;66.39;57.36;33.522;32.25;28.5;6.75;24.35;real
Región de Murcia;14;2020;mujer;real;19.462;51.38;41.375;43.295;38.45;30.45;24.025;30.71;real
Región de Murcia;14;2021;hombre;real;12.352;67.977;59.578;28.812;41.425;26.75;5.55;24.86;real
Región de Murcia;14;2021;mujer;real;17.75;52.51;43.198;36.07;49.025;33.75;24.725;31.62;real
Región de Murcia;14;2022;hombre;real;11.817;66.112;58.295;30.108;41.475;21.5;5.575;25.83;real
Región de Murcia;14;2022;mujer;real;15.768;53.038;44.675;26.885;41.0;26.625;22.65;32.34;real
Región de Murcia;14;2023;hombre;real;10.945;66.14;58.9;25.022;30.675;15.975;6.4;25.97;real
Región de Murcia;14;2023;mujer;real;15.032;53.1;45.112;33.72;35.875;22.4;22.65;32.12;real
Región de Murcia;14;2024;hombre;real;11.402;65.678;58.19;23.975;33.5;15.5;5.875;26.97;real
Región de Murcia;14;2024;mujer;real;14.312;53.88;46.165;31.558;39.95;22.15;22.4;33.44;real
Región de Murcia;14;2025;hombre;real;10.892;66.95;59.665;25.332;40.675;15.425;5.75;27.232;proyeccion
Región de Murcia;14;2025;mujer;real;13.615;53.018;45.795;25.32;37.05;22.2;21.725;33.44;proyeccion
Región de Murcia;14;2026;hombre;proyeccion;8.044;66.37;61.781;23.923;32.525;12.308;5.681;27.494;proyeccion
Región de Murcia;14;2026;mujer;proyeccion;13.96;53.823;46.937;26.91;34.542;23.441;21.3;33.44;proyeccion
