ccaa;ccaa_cod;periodo;origen;tasa_paro;tasa_actividad;tasa_empleo;horas_servicios;paro_juvenil;paro_larga_duracion;temporalidad;parcialidad;brecha_salarial;pct_alquiler_salario;brecha_salarial_origen;pct_alquiler_salario_origen
Andalucía;01;2010;real;27.772;58.61;42.335;128.3;49.902;42.85;34.425;14.375;23.622;31.46;real;real
Andalucía;01;2011;real;30.13;58.645;40.975;127.15;54.095;48.5;34.075;14.8;22.784;30.3;real;real
Andalucía;01;2012;real;34.352;59.035;38.758;125.4;61.93;53.6;32.325;16.225;24.43;29.64;real;real
Andalucía;01;2013;real;36.222;58.808;37.502;125.925;65.962;59.5;31.45;17.4;24.931;27.99;real;real
Andalucía;01;2014;real;34.78;58.832;38.37;125.025;61.475;61.8;34.325;17.85;25.339;27.5;real;real
Andalucía;01;2015;real;31.54;58.76;40.228;125.275;56.815;60.975;35.15;18.2;24.212;27.61;real;real
Andalucía;01;2016;real;28.885;57.825;41.115;124.5;57.932;55.25;35.55;16.825;24.346;29.07;real;real
Andalucía;01;2017;real;25.505;57.348;42.72;125.275;49.15;53.275;35.85;16.525;24.356;30.72;real;real
Andalucía;01;2018;real;22.985;56.885;43.81;124.425;46.77;49.475;35.825;15.9;24.443;33.46;real;real
Andalucía;01;2019;real;21.188;56.793;44.762;124.5;41.642;44.6;35.3;15.4;20.94;35.33;real;real
Andalucía;01;2020;real;22.268;55.37;43.032;115.225;49.588;39.725;32.15;14.675;21.255;37.03;real;real
Andalucía;01;2021;real;21.86;56.995;44.54;121.6;44.495;49.425;33.775;14.575;19.78;35.66;real;real
Andalucía;01;2022;real;19.115;56.63;45.805;125.575;35.275;46.3;28.475;14.375;17.03;36.18;real;real
Andalucía;01;2023;real;18.24;57.265;46.82;126.075;39.702;41.55;22.05;14.0;16.136;38.67;real;real
Andalucía;01;2024;real;16.465;56.802;47.45;125.525;36.875;42.8;20.4;13.575;16.315;41.43;real;real
Andalucía;01;2025;real;15.23;57.15;48.448;125.05;32.778;38.725;19.575;13.15;15.793;42.238;proyeccion;proyeccion
Andalucía;01;2026;proyeccion;14.26;57.492;49.613;124.413;29.702;37.005;19.525;12.806;15.271;43.066;proyeccion;proyeccion
Aragón;02;2010;real;14.955;58.805;50.008;126.8;31.908;40.625;23.375;13.0;25.413;29.77;real;real
Aragón;02;2011;real;17.078;59.112;49.018;126.6;39.842;46.2;23.85;13.6;25.446;29.87;real;real
Aragón;02;2012;real;18.665;60.122;48.902;124.675;42.322;50.45;21.6;13.5;29.977;28.97;real;real
Aragón;02;2013;real;21.382;59.058;46.428;124.5;50.26;54.125;21.575;15.375;25.577;26.77;real;real
Aragón;02;2014;real;20.172;58.92;47.032;122.15;51.55;56.8;23.875;15.1;25.296;25.46;real;real
Aragón;02;2015;real;16.29;58.778;49.202;122.525;41.238;52.875;22.775;14.6;25.847;25.71;real;real
Aragón;02;2016;real;14.74;59.338;50.588;120.925;36.652;53.625;23.45;15.05;25.904;27.01;real;real
Aragón;02;2017;real;11.645;58.575;51.75;120.75;30.518;48.25;25.225;15.2;23.963;27.42;real;real
Aragón;02;2018;real;10.632;58.67;52.435;121.475;27.578;43.65;25.575;15.475;24.648;28.76;real;real
Aragón;02;2019;real;10.025;59.2;53.265;119.725;27.482;42.0;22.375;13.775;22.892;30.31;real;real
Aragón;02;2020;real;11.702;58.112;51.31;112.525;28.17;35.175;21.525;13.225;19.394;30.85;real;real
Aragón;02;2021;real;10.337;58.382;52.35;120.375;25.355;39.075;24.75;14.475;18.64;30.28;real;real
Aragón;02;2022;real;9.62;58.72;53.07;123.7;24.445;36.35;20.225;14.0;19.629;30.0;real;real
Aragón;02;2023;real;8.575;58.588;53.56;123.65;22.21;40.75;16.625;12.775;19.143;30.32;real;real
Aragón;02;2024;real;8.142;58.748;53.965;124.575;23.355;36.275;16.1;12.675;20.326;31.27;real;real
Aragón;02;2025;real;8.042;58.535;53.828;123.475;24.075;32.525;15.45;13.0;19.699;31.368;proyeccion;proyeccion
Aragón;02;2026;proyeccion;8.062;58.54;53.927;123.084;22.442;31.588;15.55;12.98;19.699;31.474;proyeccion;proyeccion
Canarias;05;2010;real;28.6;61.928;44.22;134.025;51.962;48.35;29.3;12.5;16.13;37.23;real;real
Canarias;05;2011;real;29.28;62.788;44.4;132.325;50.805;51.175;30.45;12.975;15.485;35.22;real;real
Canarias;05;2012;real;32.575;62.978;42.462;131.575;62.255;53.975;27.725;14.275;17.028;33.76;real;real
Canarias;05;2013;real;33.73;62.242;41.25;128.8;65.268;62.125;28.925;16.15;14.791;32.05;real;real
Canarias;05;2014;real;32.417;61.315;41.44;127.45;57.47;67.325;30.8;16.55;11.821;31.86;real;real
Canarias;05;2015;real;29.105;61.925;43.9;129.25;53.628;65.425;30.525;16.25;14.327;32.39;real;real
Canarias;05;2016;real;26.06;61.115;45.185;129.5;51.355;61.525;32.325;15.25;13.892;34.61;real;real
Canarias;05;2017;real;23.472;60.332;46.17;132.775;45.405;52.875;31.675;13.925;11.15;38.24;real;real
Canarias;05;2018;real;20.078;60.4;48.278;130.6;38.648;53.85;31.55;13.575;14.698;42.67;real;real
Canarias;05;2019;real;20.5;60.098;47.78;130.65;42.315;47.625;31.025;12.9;11.511;45.28;real;real
Canarias;05;2020;real;22.65;57.13;44.21;105.5;52.132;41.125;26.7;12.15;9.851;44.07;real;real
Canarias;05;2021;real;23.518;57.848;44.27;117.525;56.96;55.0;29.3;12.525;10.335;42.3;real;real
Canarias;05;2022;real;17.64;59.16;48.723;129.025;43.285;51.55;25.225;11.375;4.297;45.26;real;real
Canarias;05;2023;real;16.075;59.802;50.188;129.4;32.982;45.675;18.975;11.375;4.736;49.49;real;real
Canarias;05;2024;real;13.762;59.58;51.375;128.45;28.308;44.825;16.475;11.325;6.269;52.66;real;real
Canarias;05;2025;real;13.52;59.99;51.882;128.175;29.598;44.225;16.65;9.925;6.269;53.936;proyeccion;proyeccion
Canarias;05;2026;proyeccion;12.988;60.187;53.718;127.397;17.36;44.15;17.3;10.205;6.269;55.231;proyeccion;proyeccion
Cantabria;06;2010;real;13.7;56.128;48.438;128.175;36.092;41.8;21.775;10.175;25.233;38.25;real;real
Cantabria;06;2011;real;15.3;56.438;47.808;126.775;40.712;43.7;20.7;11.3;26.002;34.26;real;real
Cantabria;06;2012;real;17.792;56.88;46.758;125.825;41.648;50.2;19.6;13.25;28.048;32.57;real;real
Cantabria;06;2013;real;20.447;56.142;44.665;124.625;52.542;56.1;20.325;14.2;28.772;29.49;real;real
Cantabria;06;2014;real;19.418;56.49;45.525;125.725;49.205;61.225;21.825;13.85;28.425;27.26;real;real
Cantabria;06;2015;real;17.648;56.085;46.19;126.325;39.742;58.85;23.15;13.1;28.916;26.4;real;real
Cantabria;06;2016;real;14.907;56.122;47.765;129.1;32.18;55.35;22.975;12.625;27.74;28.02;real;real
Cantabria;06;2017;real;13.565;55.785;48.22;128.575;35.655;54.175;24.45;14.625;24.704;29.11;real;real
Cantabria;06;2018;real;10.675;54.815;48.962;126.85;33.045;49.725;25.25;15.075;22.561;30.18;real;real
Cantabria;06;2019;real;10.28;55.055;49.392;126.65;31.505;40.55;24.675;14.775;20.14;30.18;real;real
Cantabria;06;2020;real;12.165;53.812;47.28;117.925;42.312;31.5;26.825;13.95;18.63;31.46;real;real
Cantabria;06;2021;real;11.265;55.22;49.01;123.075;26.985;42.475;23.925;12.775;20.933;31.89;real;real
Cantabria;06;2022;real;9.575;54.702;49.468;125.575;27.232;39.275;18.0;11.525;18.895;33.21;real;real
Cantabria;06;2023;real;8.142;54.812;50.352;124.575;20.175;37.075;16.0;12.925;18.592;34.58;real;real
Cantabria;06;2024;real;7.848;55.878;51.495;122.3;22.438;35.4;16.075;13.65;20.596;38.16;real;real
Cantabria;06;2025;real;7.338;55.485;51.412;121.975;20.125;31.0;16.3;13.375;19.361;37.84;proyeccion;proyeccion
Cantabria;06;2026;proyeccion;7.563;55.541;51.164;123.323;17.806;32.384;15.8;13.4;19.361;37.553;proyeccion;proyeccion
Castilla y León;07;2010;real;15.798;55.142;46.432;125.6;34.01;38.3;21.75;13.175;25.197;24.18;real;real
Castilla y León;07;2011;real;16.868;55.298;45.972;124.425;38.658;47.275;21.6;13.125;22.522;25.56;real;real
Castilla y León;07;2012;real;19.8;55.442;44.46;123.775;48.145;49.3;20.3;13.325;25.227;26.18;real;real
Castilla y León;07;2013;real;21.748;54.982;43.03;122.0;49.752;57.5;20.8;15.775;25.448;24.89;real;real
Castilla y León;07;2014;real;20.765;55.012;43.59;122.025;50.482;62.9;21.725;15.8;22.798;24.18;real;real
Castilla y León;07;2015;real;18.26;54.805;44.798;122.15;48.15;60.625;23.375;15.8;23.252;23.62;real;real
Castilla y León;07;2016;real;15.825;55.1;46.38;121.325;39.07;57.1;25.15;15.05;23.658;24.05;real;real
Castilla y León;07;2017;real;14.078;54.768;47.058;121.075;36.2;51.575;25.25;15.2;24.153;25.09;real;real
Castilla y León;07;2018;real;12.105;54.543;47.94;121.45;28.34;49.4;25.2;15.5;22.892;26.36;real;real
Castilla y León;07;2019;real;11.64;54.83;48.452;121.575;29.728;45.4;25.05;15.1;21.291;27.76;real;real
Castilla y León;07;2020;real;12.067;53.778;47.287;113.3;34.598;41.225;22.875;14.95;20.489;27.99;real;real
Castilla y León;07;2021;real;11.62;53.492;47.28;119.55;30.36;46.8;23.825;14.425;20.82;27.99;real;real
Castilla y León;07;2022;real;9.93;54.29;48.9;120.525;27.812;44.675;20.875;14.35;17.986;28.18;real;real
Castilla y León;07;2023;real;9.682;54.0;48.77;121.075;28.265;41.7;17.25;13.325;15.556;28.62;real;real
Castilla y León;07;2024;real;9.41;54.287;49.182;121.25;27.995;35.55;16.45;13.775;17.347;29.89;real;real
Castilla y León;07;2025;real;8.55;54.5;49.84;122.3;24.712;31.375;15.75;14.775;17.347;30.298;proyeccion;proyeccion
Castilla y León;07;2026;proyeccion;9.04;54.187;49.562;123.448;20.75;30.492;15.75;14.541;17.347;30.706;proyeccion;proyeccion
Castilla-La Mancha;08;2010;real;21.222;58.288;45.918;128.425;42.902;40.175;26.85;11.675;19.647;23.9;real;real
Castilla-La Mancha;08;2011;real;23.075;59.14;45.49;125.775;47.712;48.0;26.5;12.35;20.945;23.88;real;real
Castilla-La Mancha;08;2012;real;28.585;59.188;42.27;128.4;54.608;51.75;23.1;13.45;23.161;23.7;real;real
Castilla-La Mancha;08;2013;real;29.968;59.528;41.69;128.6;61.433;63.625;23.175;14.725;25.028;21.92;real;real
Castilla-La Mancha;08;2014;real;28.995;59.15;41.995;126.925;61.43;64.65;24.375;13.9;20.081;20.79;real;real
Castilla-La Mancha;08;2015;real;26.345;58.602;43.168;124.2;57.27;63.825;27.375;14.25;20.505;20.76;real;real
Castilla-La Mancha;08;2016;real;23.548;58.49;44.718;122.5;50.968;60.95;28.4;13.2;20.365;21.16;real;real
Castilla-La Mancha;08;2017;real;20.765;58.888;46.66;122.725;44.452;56.9;28.05;12.65;20.87;21.68;real;real
Castilla-La Mancha;08;2018;real;18.165;58.765;48.092;122.55;43.308;51.45;28.45;13.6;20.331;22.24;real;real
Castilla-La Mancha;08;2019;real;16.205;58.478;49.002;121.6;39.078;48.25;27.7;14.325;15.13;23.27;real;real
Castilla-La Mancha;08;2020;real;17.67;57.262;47.138;116.675;39.412;46.05;24.825;13.1;13.599;23.6;real;real
Castilla-La Mancha;08;2021;real;15.678;58.502;49.34;120.85;34.705;52.175;26.55;13.075;15.033;24.17;real;real
Castilla-La Mancha;08;2022;real;14.638;58.72;50.122;123.575;33.745;46.825;22.75;13.15;17.435;24.74;real;real
Castilla-La Mancha;08;2023;real;13.215;58.58;50.835;125.425;29.71;40.675;19.375;12.975;15.535;25.0;real;real
Castilla-La Mancha;08;2024;real;13.34;58.162;50.405;123.925;28.855;36.65;17.6;13.7;15.188;26.04;real;real
Castilla-La Mancha;08;2025;real;12.775;58.817;51.308;125.425;27.742;42.5;16.975;14.4;14.427;26.193;proyeccion;proyeccion
Castilla-La Mancha;08;2026;proyeccion;12.7;59.064;52.326;125.566;27.612;38.1;16.288;14.766;13.857;26.346;proyeccion;proyeccion
Cataluña;09;2010;real;17.658;63.788;52.522;128.3;39.115;44.15;18.175;12.275;23.763;38.28;real;real
Cataluña;09;2011;real;19.16;64.09;51.81;126.975;43.83;49.35;20.2;13.35;25.782;38.4;real;real
Cataluña;09;2012;real;22.515;63.432;49.152;126.45;50.402;53.4;18.4;13.85;24.807;37.12;real;real
Cataluña;09;2013;real;23.12;63.148;48.548;125.625;50.248;57.4;18.6;15.275;25.082;34.75;real;real
Cataluña;09;2014;real;20.325;62.618;49.89;125.325;47.095;60.5;18.35;15.275;25.951;35.15;real;real
Cataluña;09;2015;real;18.592;62.3;50.715;125.675;42.27;59.575;19.625;13.9;23.87;37.93;real;real
Cataluña;09;2016;real;15.712;62.008;52.265;125.2;34.332;56.9;21.15;14.175;23.438;42.51;real;real
Cataluña;09;2017;real;13.412;61.728;53.45;125.35;30.418;50.35;21.575;14.3;23.026;47.88;real;real
Cataluña;09;2018;real;11.49;61.272;54.232;125.6;27.718;45.275;21.875;14.125;22.173;49.93;real;real
Cataluña;09;2019;real;11.032;61.555;54.768;124.575;26.237;39.725;21.625;14.625;20.636;50.17;real;real
Cataluña;09;2020;real;12.635;60.338;52.718;112.7;33.968;32.3;19.625;13.85;19.687;49.24;real;real
Cataluña;09;2021;real;11.698;61.18;54.03;121.325;28.855;45.075;20.7;13.05;19.853;44.44;real;real
Cataluña;09;2022;real;9.972;60.94;54.862;125.475;24.408;37.975;17.675;12.65;19.51;45.77;real;real
Cataluña;09;2023;real;9.345;61.502;55.758;125.225;22.385;35.95;14.1;12.425;16.749;49.19;real;real
Cataluña;09;2024;real;8.898;61.592;56.112;124.5;22.028;32.9;12.225;13.775;15.703;51.83;real;real
Cataluña;09;2025;real;8.36;61.798;56.632;124.525;19.042;33.675;11.7;13.125;15.127;52.942;proyeccion;proyeccion
Cataluña;09;2026;proyeccion;9.568;61.842;55.829;124.331;16.665;32.8;11.6;12.9;14.552;54.07;proyeccion;proyeccion
Ceuta;18;2010;real;23.92;56.625;43.08;;62.433;56.35;27.95;11.825;;;;
Ceuta;18;2011;real;27.745;57.525;41.592;;63.6;51.475;31.575;11.475;;;;
Ceuta;18;2012;real;37.02;59.498;37.468;;69.75;54.175;19.45;11.5;;;;
Ceuta;18;2013;real;34.79;60.332;39.31;;73.63;69.375;14.3;11.65;;;;
Ceuta;18;2014;real;31.842;58.912;40.148;;66.998;79.5;13.5;9.575;;;;
Ceuta;18;2015;real;27.548;57.32;41.485;;79.448;73.15;16.125;11.15;;;;
Ceuta;18;2016;real;24.88;57.425;43.118;;63.092;65.65;19.1;13.25;;;;
Ceuta;18;2017;real;22.37;55.788;43.265;;54.492;62.025;19.525;17.8;;;;
Ceuta;18;2018;real;28.928;58.792;41.738;;62.348;69.275;20.775;16.05;;;;
Ceuta;18;2019;real;25.815;58.08;43.068;;52.778;63.0;22.475;14.3;;;;
Ceuta;18;2020;real;24.518;56.372;42.55;;62.805;66.2;20.05;9.325;;;;
Ceuta;18;2021;real;30.85;55.555;38.415;;67.222;71.175;17.4;11.05;;;;
Ceuta;18;2022;real;29.852;61.092;42.823;;50.962;63.6;16.15;9.8;;;;
Ceuta;18;2023;real;29.98;61.905;43.352;;59.13;57.975;14.075;12.125;;;;
Ceuta;18;2024;real;27.408;60.46;43.86;;68.018;64.8;14.35;10.65;;;;
Ceuta;18;2025;real;24.358;61.113;46.26;;55.64;67.6;13.775;9.175;;;;
Ceuta;18;2026;proyeccion;26.118;63.646;48.208;;58.304;65.067;13.85;12.2;;;;
Comunidad Foral de Navarra;15;2010;real;11.902;60.725;53.5;122.025;30.295;33.65;24.575;14.575;26.148;26.55;real;real
Comunidad Foral de Navarra;15;2011;real;12.988;60.982;53.06;121.525;29.552;40.075;25.825;14.575;28.228;27.83;real;real
Comunidad Foral de Navarra;15;2012;real;16.163;60.715;50.9;119.75;40.64;46.275;21.8;16.375;29.569;29.38;real;real
Comunidad Foral de Navarra;15;2013;real;17.93;60.175;49.385;119.9;48.098;50.7;20.1;16.05;30.464;26.26;real;real
Comunidad Foral de Navarra;15;2014;real;15.71;59.752;50.362;121.675;45.288;57.725;22.475;17.775;29.647;24.64;real;real
Comunidad Foral de Navarra;15;2015;real;13.828;58.8;50.67;120.15;38.312;53.725;25.975;18.4;28.42;24.56;real;real
Comunidad Foral de Navarra;15;2016;real;12.485;58.545;51.238;117.65;34.088;55.5;25.15;16.725;28.018;24.88;real;real
Comunidad Foral de Navarra;15;2017;real;10.238;59.12;53.068;120.325;31.538;44.175;22.975;16.05;26.265;25.16;real;real
Comunidad Foral de Navarra;15;2018;real;10.028;59.092;53.17;120.75;26.352;46.825;24.025;16.3;23.179;27.09;real;real
Comunidad Foral de Navarra;15;2019;real;8.242;58.635;53.802;119.625;22.532;33.175;25.675;16.75;22.366;28.0;real;real
Comunidad Foral de Navarra;15;2020;real;10.055;57.128;51.38;112.75;25.638;29.75;25.425;14.15;23.216;29.15;real;real
Comunidad Foral de Navarra;15;2021;real;10.712;58.172;51.942;116.75;22.382;45.85;24.05;15.625;21.597;29.99;real;real
Comunidad Foral de Navarra;15;2022;real;9.735;58.722;53.002;119.725;22.628;44.575;21.3;14.275;18.544;30.42;real;real
Comunidad Foral de Navarra;15;2023;real;9.945;58.788;52.94;120.975;25.458;36.85;18.275;14.05;20.684;29.57;real;real
Comunidad Foral de Navarra;15;2024;real;7.64;59.262;54.735;120.15;22.898;31.2;16.45;12.875;20.38;29.86;real;real
Comunidad Foral de Navarra;15;2025;real;7.69;58.948;54.412;119.425;20.795;38.325;17.45;12.675;19.869;30.096;proyeccion;proyeccion
Comunidad Foral de Navarra;15;2026;proyeccion;7.376;59.0;54.225;119.031;22.681;31.253;19.156;12.625;19.869;30.333;proyeccion;proyeccion
Comunidad de Madrid;13;2010;real;15.842;66.078;55.61;133.5;37.115;39.0;18.8;11.525;21.695;40.67;real;real
Comunidad de Madrid;13;2011;real;16.337;65.238;54.58;132.6;40.855;45.15;19.25;11.7;21.841;40.86;real;real
Comunidad de Madrid;13;2012;real;18.53;65.325;53.22;133.45;48.055;50.925;17.425;12.425;21.552;38.85;real;real
Comunidad de Madrid;13;2013;real;19.762;64.463;51.72;132.8;48.81;57.95;16.4;13.7;21.438;36.29;real;real
Comunidad de Madrid;13;2014;real;18.748;63.86;51.892;131.625;48.99;61.8;16.0;13.75;21.549;36.02;real;real
Comunidad de Madrid;13;2015;real;17.058;64.575;53.558;131.35;44.162;62.925;17.025;13.8;19.936;37.79;real;real
Comunidad de Madrid;13;2016;real;15.712;63.65;53.645;131.125;40.518;58.65;18.35;13.1;19.717;40.54;real;real
Comunidad de Madrid;13;2017;real;13.342;62.87;54.482;130.475;34.69;53.1;18.95;12.875;19.662;43.52;real;real
Comunidad de Madrid;13;2018;real;12.22;62.895;55.207;130.3;27.458;50.975;19.8;13.125;19.755;48.23;real;real
Comunidad de Madrid;13;2019;real;10.622;62.835;56.158;130.7;29.09;44.95;19.525;13.175;18.529;48.87;real;real
Comunidad de Madrid;13;2020;real;12.497;62.14;54.372;120.825;31.782;36.275;18.75;12.85;17.765;48.05;real;real
Comunidad de Madrid;13;2021;real;11.688;63.328;55.925;128.275;29.478;44.475;19.35;13.35;17.495;44.04;real;real
Comunidad de Madrid;13;2022;real;11.215;63.302;56.2;129.975;27.768;48.6;15.925;12.825;17.559;43.43;real;real
Comunidad de Madrid;13;2023;real;9.955;63.245;56.952;130.0;27.348;43.075;12.525;12.1;16.552;46.15;real;real
Comunidad de Madrid;13;2024;real;8.975;63.148;57.48;129.85;20.318;38.025;11.8;12.575;17.5;49.94;real;real
Comunidad de Madrid;13;2025;real;7.968;63.272;58.23;130.25;19.335;35.325;11.425;14.25;17.204;49.94;proyeccion;proyeccion
Comunidad de Madrid;13;2026;proyeccion;7.273;63.232;58.407;130.106;19.92;37.46;11.4;14.08;17.204;49.94;proyeccion;proyeccion
Comunitat Valenciana;10;2010;real;22.858;60.122;46.38;128.575;42.29;46.425;27.75;16.375;23.809;28.28;real;real
Comunitat Valenciana;10;2011;real;23.985;59.742;45.412;126.475;51.398;51.775;26.775;16.375;25.316;25.85;real;real
Comunitat Valenciana;10;2012;real;27.19;59.618;43.41;126.5;52.888;54.925;26.5;17.65;26.425;25.42;real;real
Comunitat Valenciana;10;2013;real;28.05;59.65;42.92;125.775;56.285;59.7;26.775;19.0;24.24;24.37;real;real
Comunitat Valenciana;10;2014;real;25.812;58.98;43.75;123.7;56.567;63.525;26.825;19.125;25.418;24.09;real;real
Comunitat Valenciana;10;2015;real;22.78;59.1;45.635;122.9;48.4;62.275;27.45;18.95;25.535;24.17;real;real
Comunitat Valenciana;10;2016;real;20.615;59.372;47.138;123.475;45.605;59.575;27.425;19.05;22.485;25.67;real;real
Comunitat Valenciana;10;2017;real;18.178;59.102;48.365;124.15;41.75;51.75;29.525;18.625;22.39;27.32;real;real
Comunitat Valenciana;10;2018;real;15.59;58.545;49.418;122.7;34.34;48.9;28.775;15.95;21.605;29.12;real;real
Comunitat Valenciana;10;2019;real;14.112;58.212;49.998;123.525;31.17;44.0;27.9;15.975;21.163;31.27;real;real
Comunitat Valenciana;10;2020;real;16.19;57.17;47.918;113.675;36.552;39.375;25.175;16.125;20.101;31.92;real;real
Comunitat Valenciana;10;2021;real;16.085;57.772;48.485;121.025;37.402;48.725;26.925;15.575;20.237;31.03;real;real
Comunitat Valenciana;10;2022;real;13.29;58.705;50.905;124.375;28.505;47.3;22.525;15.325;17.046;32.63;real;real
Comunitat Valenciana;10;2023;real;12.802;59.198;51.62;122.975;28.56;38.8;18.1;15.525;16.925;35.99;real;real
Comunitat Valenciana;10;2024;real;12.628;58.882;51.45;123.5;25.73;39.075;17.25;16.0;17.537;39.27;real;real
Comunitat Valenciana;10;2025;real;11.572;58.705;51.915;123.925;30.532;37.325;16.375;15.325;17.537;42.55;proyeccion;proyeccion
Comunitat Valenciana;10;2026;proyeccion;11.418;58.925;52.607;122.95;28.306;34.388;15.535;15.174;17.537;45.83;proyeccion;proyeccion
Extremadura;11;2010;real;22.97;54.445;41.94;129.775;45.738;41.55;34.1;13.0;14.0;24.34;real;real
Extremadura;11;2011;real;25.08;54.238;40.638;127.725;50.99;45.025;36.725;13.675;15.28;23.37;real;real
Extremadura;11;2012;real;33.075;55.168;36.918;126.025;62.008;52.825;34.525;14.275;19.381;23.51;real;real
Extremadura;11;2013;real;33.868;55.99;37.022;125.525;61.27;55.75;32.75;16.55;25.143;22.78;real;real
Extremadura;11;2014;real;29.792;55.105;38.69;123.975;55.405;58.45;33.3;15.4;16.399;21.82;real;real
Extremadura;11;2015;real;29.095;55.202;39.145;123.275;55.282;58.75;34.2;15.6;20.671;21.05;real;real
Extremadura;11;2016;real;27.515;55.125;39.958;122.45;50.352;55.35;33.075;15.625;19.46;21.69;real;real
Extremadura;11;2017;real;26.218;54.775;40.415;120.55;48.64;57.425;35.475;15.675;17.896;22.64;real;real
Extremadura;11;2018;real;23.643;55.31;42.235;120.45;46.612;51.0;35.475;16.025;17.536;22.91;real;real
Extremadura;11;2019;real;21.535;55.642;43.66;120.625;44.775;52.275;34.1;15.875;17.463;24.17;real;real
Extremadura;11;2020;real;21.795;54.4;42.543;114.675;47.31;44.225;34.8;14.8;14.864;24.09;real;real
Extremadura;11;2021;real;20.19;54.712;43.682;117.225;48.06;44.075;33.55;14.25;12.992;24.23;real;real
Extremadura;11;2022;real;17.328;54.852;45.355;121.675;40.512;41.75;28.8;14.775;10.935;24.74;real;real
Extremadura;11;2023;real;17.368;55.712;46.038;120.45;37.43;44.45;26.65;14.25;11.906;24.56;real;real
Extremadura;11;2024;real;15.515;54.742;46.255;121.625;35.418;38.6;22.4;12.6;12.617;26.17;real;real
Extremadura;11;2025;real;14.765;55.212;47.065;120.425;37.565;36.975;22.175;13.45;12.617;26.17;proyeccion;proyeccion
Extremadura;11;2026;proyeccion;13.017;55.207;48.554;119.835;31.793;34.456;22.175;12.978;12.617;26.17;proyeccion;proyeccion
Galicia;12;2010;real;15.325;54.195;45.89;130.65;35.415;40.725;24.975;11.5;21.811;32.25;real;real
Galicia;12;2011;real;17.26;54.778;45.325;129.375;37.762;46.925;24.475;12.05;22.741;30.57;real;real
Galicia;12;2012;real;20.532;55.015;43.72;129.2;45.26;50.25;22.9;12.95;24.173;30.55;real;real
Galicia;12;2013;real;22.042;54.188;42.245;128.9;49.928;57.4;22.775;14.45;23.374;27.41;real;real
Galicia;12;2014;real;21.652;53.78;42.135;129.425;48.528;59.525;23.45;14.25;20.92;26.52;real;real
Galicia;12;2015;real;19.307;53.46;43.14;127.4;43.57;60.8;25.4;14.375;21.977;25.6;real;real
Galicia;12;2016;real;17.155;53.455;44.288;125.925;40.312;58.425;26.225;13.7;23.049;24.95;real;real
Galicia;12;2017;real;15.668;53.3;44.952;126.025;34.543;55.475;26.975;13.5;22.565;25.02;real;real
Galicia;12;2018;real;13.338;53.278;46.17;125.925;32.508;50.325;26.575;13.525;21.282;25.72;real;real
Galicia;12;2019;real;11.758;53.142;46.892;124.45;27.992;44.875;26.45;14.225;19.25;27.75;real;real
Galicia;12;2020;real;12.015;52.2;45.925;117.0;33.168;38.825;24.025;13.15;19.107;28.8;real;real
Galicia;12;2021;real;11.545;52.42;46.368;122.475;32.307;46.05;24.4;13.475;18.957;29.33;real;real
Galicia;12;2022;real;11.04;52.805;46.978;126.0;32.65;43.325;19.425;13.975;17.704;29.39;real;real
Galicia;12;2023;real;9.718;52.99;47.842;125.525;24.67;40.55;16.7;14.1;15.743;30.08;real;real
Galicia;12;2024;real;9.375;53.218;48.228;124.3;25.772;37.3;15.925;13.5;14.269;31.57;real;real
Galicia;12;2025;real;8.35;53.543;49.07;122.7;24.872;34.7;13.825;13.55;13.73;31.57;proyeccion;proyeccion
Galicia;12;2026;proyeccion;8.345;54.15;49.972;120.926;24.71;35.05;11.857;13.624;13.192;31.57;proyeccion;proyeccion
Illes Balears;04;2010;real;20.18;66.325;52.975;133.55;42.785;33.45;25.925;11.85;14.651;43.31;real;real
Illes Balears;04;2011;real;21.947;65.472;51.158;132.575;43.108;35.55;26.7;12.725;16.436;39.34;real;real
Illes Balears;04;2012;real;23.258;67.002;51.475;134.15;49.362;44.75;24.025;14.55;16.785;37.24;real;real
Illes Balears;04;2013;real;22.335;66.225;51.478;133.0;45.778;48.85;24.8;13.775;15.88;35.12;real;real
Illes Balears;04;2014;real;20.14;64.888;51.902;131.95;45.043;47.5;25.75;14.1;20.034;34.89;real;real
Illes Balears;04;2015;real;17.41;65.772;54.385;134.05;42.92;43.225;26.35;14.15;16.633;37.74;real;real
Illes Balears;04;2016;real;13.958;65.218;56.152;131.925;39.558;39.0;28.05;12.975;15.392;44.52;real;real
Illes Balears;04;2017;real;12.528;64.1;56.122;132.8;31.932;33.225;29.1;12.75;13.055;52.23;real;real
Illes Balears;04;2018;real;11.678;64.415;56.982;133.55;27.735;29.525;28.25;12.05;13.716;52.42;real;real
Illes Balears;04;2019;real;11.82;64.41;56.835;134.1;29.442;27.275;26.95;12.675;13.179;51.12;real;real
Illes Balears;04;2020;real;16.188;61.61;51.665;106.425;41.995;24.15;22.575;12.575;14.402;49.24;real;real
Illes Balears;04;2021;real;14.435;63.215;54.16;121.575;34.005;44.025;22.525;11.55;13.722;45.78;real;real
Illes Balears;04;2022;real;10.735;64.005;57.192;131.225;23.935;30.3;20.75;10.375;7.465;45.55;real;real
Illes Balears;04;2023;real;10.48;63.618;57.04;133.025;21.25;25.975;14.4;10.425;8.671;54.39;real;real
Illes Balears;04;2024;real;9.45;63.942;57.962;133.35;24.138;19.75;11.725;10.2;7.579;59.04;real;real
Illes Balears;04;2025;real;8.94;64.04;58.378;133.775;17.25;21.55;14.175;10.8;7.579;60.164;proyeccion;proyeccion
Illes Balears;04;2026;proyeccion;8.342;64.276;58.62;131.245;17.56;10.509;14.608;11.115;7.579;61.287;proyeccion;proyeccion
La Rioja;17;2010;real;14.145;59.902;51.428;123.825;38.108;40.65;19.55;13.55;23.308;29.25;real;real
La Rioja;17;2011;real;17.208;60.605;50.172;122.4;46.122;48.025;19.925;14.875;22.047;27.34;real;real
La Rioja;17;2012;real;20.568;59.85;47.532;119.075;49.24;47.55;20.75;14.7;24.291;28.17;real;real
La Rioja;17;2013;real;20.035;59.31;47.425;119.75;47.745;52.1;20.5;16.275;26.249;25.32;real;real
La Rioja;17;2014;real;18.16;60.277;49.328;121.5;44.798;57.225;21.575;16.625;23.593;22.3;real;real
La Rioja;17;2015;real;15.382;59.375;50.24;122.7;40.352;59.925;22.025;16.425;23.522;22.5;real;real
La Rioja;17;2016;real;13.535;59.232;51.207;119.3;35.74;57.025;22.075;15.375;22.74;22.56;real;real
La Rioja;17;2017;real;11.992;58.955;51.885;119.65;29.54;51.25;24.55;15.45;22.026;23.4;real;real
La Rioja;17;2018;real;10.402;59.152;53.0;120.45;25.692;43.425;24.95;15.45;22.749;25.06;real;real
La Rioja;17;2019;real;9.96;59.508;53.58;119.15;24.895;37.125;24.925;15.675;19.594;26.14;real;real
La Rioja;17;2020;real;10.8;58.4;52.092;111.95;26.43;35.575;22.6;14.825;18.334;27.2;real;real
La Rioja;17;2021;real;11.605;59.878;52.925;116.25;30.318;41.75;22.575;13.25;20.206;27.73;real;real
La Rioja;17;2022;real;9.55;59.53;53.84;121.525;25.838;40.875;19.175;14.475;19.744;27.72;real;real
La Rioja;17;2023;real;9.375;58.965;53.438;121.0;27.728;35.5;15.875;12.1;14.657;27.36;real;real
La Rioja;17;2024;real;9.745;58.458;52.76;119.475;31.877;34.95;15.575;13.275;13.945;27.74;real;real
La Rioja;17;2025;real;8.118;59.248;54.442;121.775;25.488;27.15;14.45;14.875;13.276;27.74;proyeccion;proyeccion
La Rioja;17;2026;proyeccion;8.776;59.003;53.254;121.284;26.922;29.776;14.844;14.714;12.607;27.74;proyeccion;proyeccion
Melilla;19;2010;real;22.772;54.118;41.798;;51.94;59.5;28.5;9.225;;;;
Melilla;19;2011;real;22.408;56.598;43.93;;64.35;64.675;24.375;12.875;;;;
Melilla;19;2012;real;26.858;56.872;41.562;;59.698;63.0;32.3;13.275;;;;
Melilla;19;2013;real;32.408;59.15;39.912;;53.465;60.475;26.475;17.275;;;;
Melilla;19;2014;real;28.4;55.26;39.585;;56.92;74.3;20.2;16.5;;;;
Melilla;19;2015;real;33.948;57.258;37.815;;72.092;65.55;24.025;9.675;;;;
Melilla;19;2016;real;30.778;58.55;40.543;;68.882;70.425;28.225;11.95;;;;
Melilla;19;2017;real;27.615;59.728;43.248;;62.345;70.525;27.4;12.525;;;;
Melilla;19;2018;real;25.765;62.822;46.635;;65.912;66.225;24.525;13.625;;;;
Melilla;19;2019;real;26.982;60.468;44.172;;63.683;69.7;31.65;11.625;;;;
Melilla;19;2020;real;23.608;62.242;47.542;;70.692;60.8;31.75;11.3;;;;
Melilla;19;2021;real;25.345;60.938;45.46;;57.698;68.325;35.575;9.75;;;;
Melilla;19;2022;real;25.902;58.558;43.362;;60.63;63.125;32.75;11.3;;;;
Melilla;19;2023;real;26.632;55.6;40.798;;46.938;64.025;23.7;12.625;;;;
Melilla;19;2024;real;28.315;58.868;42.19;;62.842;61.95;26.775;12.5;;;;
Melilla;19;2025;real;24.818;54.895;41.25;;59.495;65.525;27.075;10.75;;;;
Melilla;19;2026;proyeccion;21.42;51.368;40.396;;76.5;65.575;28.084;7.6;;;;
País Vasco;16;2010;real;10.69;58.195;51.975;123.875;30.618;39.425;22.375;14.1;23.571;37.43;real;real
País Vasco;16;2011;real;12.348;59.062;51.765;123.0;34.005;49.45;23.225;15.25;23.881;40.26;real;real
País Vasco;16;2012;real;15.598;58.172;49.1;120.325;42.683;51.6;21.575;15.95;25.832;39.29;real;real
País Vasco;16;2013;real;16.572;57.448;47.925;119.75;46.512;57.3;20.825;16.675;25.155;35.56;real;real
País Vasco;16;2014;real;16.325;57.01;47.702;120.55;45.0;64.2;21.55;17.45;23.95;33.86;real;real
País Vasco;16;2015;real;14.765;56.73;48.35;119.225;40.385;61.9;23.4;18.375;24.291;34.02;real;real
País Vasco;16;2016;real;12.593;56.942;49.775;117.875;34.672;59.775;24.05;17.85;24.428;34.79;real;real
País Vasco;16;2017;real;11.305;56.148;49.798;117.4;27.212;57.225;24.475;17.225;23.571;35.74;real;real
País Vasco;16;2018;real;9.97;56.275;50.662;118.4;25.78;54.475;25.85;16.325;22.562;37.39;real;real
País Vasco;16;2019;real;9.15;56.18;51.038;116.5;27.368;48.85;24.3;16.7;19.464;37.06;real;real
País Vasco;16;2020;real;9.538;55.05;49.795;108.175;32.812;39.05;22.075;16.1;17.9;37.99;real;real
País Vasco;16;2021;real;10.298;56.258;50.472;116.55;34.472;46.375;24.15;15.4;16.68;37.36;real;real
País Vasco;16;2022;real;8.882;56.458;51.442;117.1;25.45;45.925;22.125;15.85;16.472;36.39;real;real
País Vasco;16;2023;real;7.735;56.86;52.463;116.55;23.605;45.525;20.675;16.05;12.813;36.88;real;real
País Vasco;16;2024;real;8.105;56.062;51.518;116.2;23.098;38.55;20.35;16.25;13.981;37.91;real;real
País Vasco;16;2025;real;7.33;55.782;51.692;116.875;18.772;36.625;18.9;17.55;13.981;36.795;proyeccion;proyeccion
País Vasco;16;2026;proyeccion;7.901;55.906;51.629;115.763;21.444;26.1;18.2;16.014;13.981;36.795;proyeccion;proyeccion
Principado de Asturias;03;2010;real;15.915;51.84;43.59;127.95;37.315;42.625;23.5;11.475;25.365;32.8;real;real
Principado de Asturias;03;2011;real;17.84;51.865;42.612;125.875;48.468;45.475;23.975;11.8;26.137;30.89;real;real
Principado de Asturias;03;2012;real;21.822;52.3;40.882;126.6;49.058;48.8;22.9;13.25;28.036;29.53;real;real
Principado de Asturias;03;2013;real;24.127;52.435;39.785;124.9;55.028;60.975;23.05;13.775;27.626;27.32;real;real
Principado de Asturias;03;2014;real;21.128;51.838;40.885;122.875;44.99;63.1;25.45;12.95;27.333;26.22;real;real
Principado de Asturias;03;2015;real;19.11;50.97;41.23;122.575;42.078;60.35;25.3;13.85;28.623;25.28;real;real
Principado de Asturias;03;2016;real;17.608;51.682;42.578;123.15;47.832;61.325;25.9;14.6;29.369;25.77;real;real
Principado de Asturias;03;2017;real;13.712;50.86;43.885;123.825;37.092;56.8;25.325;14.45;30.244;26.31;real;real
Principado de Asturias;03;2018;real;13.608;50.772;43.862;124.575;37.255;50.6;24.9;14.9;29.262;27.14;real;real
Principado de Asturias;03;2019;real;14.192;50.7;43.502;121.5;28.692;54.7;25.525;13.85;25.22;27.33;real;real
Principado de Asturias;03;2020;real;14.12;50.022;42.96;113.85;35.702;40.975;23.8;12.95;23.759;28.49;real;real
Principado de Asturias;03;2021;real;12.335;50.412;44.19;118.775;29.272;54.025;25.15;13.925;23.207;28.71;real;real
Principado de Asturias;03;2022;real;12.512;49.422;43.238;120.775;36.878;47.625;22.4;12.875;19.549;27.75;real;real
Principado de Asturias;03;2023;real;12.122;50.085;44.015;120.425;28.762;50.175;19.325;13.65;20.059;28.06;real;real
Principado de Asturias;03;2024;real;10.135;51.402;46.202;120.8;32.88;45.8;17.475;12.75;20.211;30.12;real;real
Principado de Asturias;03;2025;real;8.832;52.68;48.028;119.475;27.715;38.675;15.25;13.125;20.211;28.115;proyeccion;proyeccion
Principado de Asturias;03;2026;proyeccion;8.562;52.02;47.33;119.4;20.41;38.464;16.1;12.862;20.211;28.115;proyeccion;proyeccion
Región de Murcia;14;2010;real;22.862;61.94;47.775;126.475;39.42;43.4;33.15;13.075;24.036;26.23;real;real
Región de Murcia;14;2011;real;24.985;61.495;46.128;125.075;48.085;49.9;33.025;14.3;23.047;25.37;real;real
Región de Murcia;14;2012;real;27.615;61.775;44.718;123.975;50.558;50.2;31.925;16.0;25.672;25.76;real;real
Región de Murcia;14;2013;real;28.98;61.4;43.608;125.875;53.49;55.875;31.3;16.925;27.62;24.27;real;real
Región de Murcia;14;2014;real;26.585;61.085;44.845;124.9;52.275;60.8;32.975;17.35;25.27;23.08;real;real
Región de Murcia;14;2015;real;24.615;59.448;44.815;126.725;50.72;57.9;33.875;16.45;26.218;22.48;real;real
Región de Murcia;14;2016;real;19.782;59.138;47.438;125.825;45.732;55.6;34.075;15.1;24.699;22.96;real;real
Región de Murcia;14;2017;real;18.032;59.518;48.788;124.275;39.618;47.95;34.9;13.875;24.827;23.92;real;real
Región de Murcia;14;2018;real;16.762;59.312;49.372;123.4;38.162;42.65;33.075;14.925;21.426;25.71;real;real
Región de Murcia;14;2019;real;14.68;59.12;50.442;121.425;33.37;41.625;32.85;14.75;20.001;26.43;real;real
Región de Murcia;14;2020;real;16.17;58.838;49.315;115.75;37.408;35.55;29.35;14.025;20.692;26.81;real;real
Región de Murcia;14;2021;real;14.722;60.188;51.33;121.6;31.858;45.425;29.825;13.65;21.363;27.42;real;real
Región de Murcia;14;2022;real;13.585;59.555;51.468;123.125;28.92;41.25;23.85;13.0;20.138;28.42;real;real
Región de Murcia;14;2023;real;12.775;59.588;51.975;122.475;28.655;33.425;18.875;13.5;19.153;28.5;real;real
Región de Murcia;14;2024;real;12.732;59.738;52.132;122.425;27.447;36.4;18.55;13.2;19.347;29.69;real;real
Región de Murcia;14;2025;real;12.102;59.948;52.69;118.825;25.34;38.825;18.525;12.75;18.736;29.937;proyeccion;proyeccion
Región de Murcia;14;2026;proyeccion;10.26;60.206;54.016;119.818;23.118;37.825;18.225;12.48;18.263;30.184;proyeccion;proyeccion
