anio,pib_nominal_eur,ipc_indice,fuente
2018,1208250000000,96.6,INE Contabilidad Nacional
2019,1245513000000,98.5,INE Contabilidad Nacional
2020,1129216000000,98.2,INE Contabilidad Nacional
2021,1222286000000,101.3,INE Contabilidad Nacional
2022,1373629000000,109.8,INE Contabilidad Nacional
2023,1498324000000,113.6,INE Contabilidad Nacional
2024,1591619000000,117.0,INE Contabilidad Nacional (avance)
2025,1648000000000,119.5,INE Contabilidad Nacional (estimado)
2026,1701000000000,121.7,INE Contabilidad Nacional (proyección)
