ccaa,ccaa_nombre,anio,filas,n_conceptos,imp_sanidad,imp_educacion,imp_soberania,imp_direccion,imp_vivienda,imp_empleo,imp_idi,imp_dependencia,imp_discapacidad,imp_salud_mental,imp_diversidad,imp_turismo,imp_igualdad,gasto_social_estricto,gasto_clasificado,total_extraido,total_hacienda,social_estricto_pct,cobertura_clasif_pct
and,Andalucia,2015,100,13,8388296442.0,6587403880.0,2320441753.0,6844554769.0,253748413.0,1016655555.0,554563795.0,1094401749.0,132779065.0,32430242.0,594748264.0,100523803.0,4045206.0,21080038167.0,27924592936.0,29476048221.0,29626197030.0,71.2,94.3
and,Andalucia,2016,101,13,8657784983.0,6808224868.0,2304635011.0,7322807362.0,263048857.0,555967600.0,651517336.0,1136809504.0,140170311.0,34632142.0,637814028.0,101687931.0,4190854.0,21296483425.0,28619290787.0,31130276355.0,31290485550.0,68.1,91.5
and,Andalucia,2017,102,13,9129970917.0,7019185001.0,689198945.0,5259118498.0,335604120.0,550008487.0,683769226.0,1164914040.0,143159588.0,36175436.0,476767206.0,116196102.0,116317661.0,20461266729.0,25720385227.0,28185738825.0,33244588900.0,61.5,77.4
and,Andalucia,2018,102,13,9627553896.0,7329745592.0,724288201.0,5692789642.0,335848665.0,549950970.0,734495734.0,1196024692.0,153480255.0,38267726.0,535692154.0,118724974.0,118244988.0,21462317847.0,27155107489.0,29686587378.0,34769245000.0,61.7,78.1
and,Andalucia,2019,103,13,9613264022.0,7296321233.0,827419323.0,5831865932.0,338451933.0,530179843.0,814451876.0,1195006504.0,155425426.0,38229327.0,549279355.0,120308062.0,117675286.0,21596012190.0,27427878122.0,29774594550.0,36500755620.0,59.2,75.1
and,Andalucia,2020,97,13,10765885257.0,7887891327.0,2577053563.0,10281592450.0,318299022.0,1145803823.0,705858590.0,1509239704.0,192851292.0,7873415.0,560066913.0,86689827.0,135373478.0,25892886211.0,36174478661.0,38277949185.0,38545964430.0,67.2,93.8
and,Andalucia,2021,94,13,11453591430.0,8500803036.0,2824012606.0,10087754255.0,309672280.0,1245388445.0,433671834.0,1610002176.0,194332129.0,31641238.0,520674612.0,101135162.0,140301532.0,27365226480.0,37452980735.0,39750624019.0,40188042630.0,68.1,93.2
and,Andalucia,2022,97,13,12214500940.0,8744579745.0,1254456779.0,6548679951.0,246777546.0,929484859.0,278322080.0,1762584911.0,203115125.0,32325730.0,418245876.0,118299282.0,161160733.0,26363853606.0,32912533557.0,34993562872.0,40401786880.0,65.3,81.5
and,Andalucia,2023,89,13,13644937026.0,8808586626.0,890403807.0,7261813138.0,418602732.0,696433298.0,359531438.0,2041969111.0,222481616.0,33167180.0,419410497.0,198628819.0,2327667.0,27736479817.0,34998292955.0,37754446508.0,45603830860.0,60.8,76.7
and,Andalucia,2024,89,13,14055560408.0,9319094156.0,1027298672.0,6417772418.0,448235300.0,781223880.0,362235848.0,2229589384.0,252376683.0,33795836.0,462613276.0,177174289.0,2309609.0,29151507341.0,35569279759.0,38365493606.0,46753227860.0,62.4,76.1
and,Andalucia,2025,89,13,15041542563.0,9693334966.0,1059877200.0,6468741330.0,488873782.0,781206513.0,443415578.0,2616898816.0,265377200.0,33157283.0,379680171.0,146517976.0,2721054.0,30952603102.0,37421344432.0,40424611233.0,48871600760.0,63.3,76.6
and,Andalucia,2026,89,13,15950811279.0,9998482040.0,912065768.0,6716313527.0,719346413.0,782050538.0,471728406.0,2913064494.0,268836077.0,36381544.0,400858172.0,160831101.0,1971376.0,32616427208.0,39332740735.0,42641881610.0,0.0,,
ara,Aragon,2015,159,9,1604436847.39,879551896.15,647905750.07,180879870.64,74547890.45,94153669.39,57787366.51,0.0,0.0,0.0,0.0,12905535.98,3180941.0,3374469896.94,3555349767.58,5301032703.57,5254454310.0,64.2,67.7
ara,Aragon,2016,158,10,1806281338.66,958476678.66,630995481.22,147185493.36,18502778.26,94381995.21,51572792.27,0.0,0.0,0.0,1058000.0,23325995.03,3359366.65,3587954425.96,3735139919.32,5153247082.28,5129958000.0,69.9,72.8
ara,Aragon,2017,163,10,1903124002.6,1040672901.92,635474223.88,165401408.71,35198225.63,106674129.99,78976928.7,0.0,0.0,0.0,1337482.01,15327007.66,3863624.08,3820648526.47,3986049935.18,5601398784.25,5577164930.0,68.5,71.5
ara,Aragon,2018,156,10,2006052857.97,1090322967.47,642673404.76,177554581.51,39953112.3,117165149.06,83677198.63,0.0,0.0,0.0,1618733.44,13489707.07,4194067.17,3999147197.87,4176701779.38,6193322158.67,6162313660.0,64.9,67.8
ara,Aragon,2019,156,10,2006052857.97,1090322967.47,642673404.76,177554581.51,39953112.3,117165149.06,83677198.63,0.0,0.0,0.0,1618733.44,13489707.07,4194067.17,3999147197.87,4176701779.38,6193322158.67,6162313660.0,64.9,67.8
ara,Aragon,2020,162,10,2078641796.21,1182200938.26,651857327.27,180272823.25,42982028.47,120644675.71,71350539.72,0.0,0.0,0.0,1511098.44,10810854.19,6276132.64,4166275390.91,4346548214.16,6508648406.0,6466530740.0,64.4,67.2
ara,Aragon,2021,183,10,2366554012.07,1294794240.56,673945493.13,232770691.13,48846602.79,128587723.21,87919449.35,0.0,0.0,0.0,1564164.85,14163993.16,6176132.64,4622551811.76,4855322502.89,7500923039.39,7454031860.0,62.0,65.1
ara,Aragon,2022,178,10,2250319676.63,1311647998.15,689552472.38,215932166.48,51683921.83,126175339.25,78952584.61,0.0,0.0,0.0,1558190.69,30748157.19,9184305.35,4549822646.08,4765754812.56,7496142610.47,7443845670.0,61.1,64.0
ara,Aragon,2023,178,10,2557966487.72,1373141920.04,715069103.18,227463740.08,101296832.15,160280811.92,79775764.2,0.0,0.0,0.0,1588071.16,52714982.67,8254418.05,5050088391.09,5277552131.17,8307154900.61,8249589670.0,61.2,64.0
ara,Aragon,2024,194,11,2771994758.83,1519817440.43,735047604.45,230437093.64,53876320.97,168897467.37,77187951.69,0.0,0.0,16110911.37,1758175.87,88996832.54,16225351.4,5449912814.92,5680349908.56,8610349542.71,8546300920.0,63.8,66.5
ara,Aragon,2025,194,11,2771994758.83,1519817440.43,735047604.45,230437093.64,53876320.97,168897467.37,77187951.69,0.0,0.0,16110911.37,1758175.87,88996832.54,16225351.4,5449912814.92,5680349908.56,8610349542.71,8546300920.0,63.8,66.5
ara,Aragon,2026,194,11,2771994758.83,1519817440.43,735047604.45,230437093.64,53876320.97,168897467.37,77187951.69,0.0,0.0,16110911.37,1758175.87,88996832.54,16225351.4,5449912814.92,5680349908.56,8610349542.71,0.0,,
ast,Asturias,2015,90,9,1483333763.0,722331717.0,144724327.0,251696709.0,29149040.0,104743563.0,17946722.0,0.0,0.0,0.0,0.0,8464428.0,2204598.0,2512898158.0,2764594867.0,3360469428.0,3958604070.0,63.5,69.8
ast,Asturias,2016,91,9,1639849636.0,740875925.0,147056925.0,251291306.0,30152620.0,96170390.0,17829782.0,0.0,0.0,0.0,0.0,8225653.0,2253168.0,2682414099.0,2933705405.0,3536588014.0,3953677620.0,67.8,74.2
ast,Asturias,2017,91,9,1668954671.0,749559459.0,181323431.0,273566018.0,29118540.0,100967817.0,17846760.0,0.0,0.0,0.0,0.0,10164720.0,2244818.0,2760180216.0,3033746234.0,3656129227.0,4225564280.0,65.3,71.8
ast,Asturias,2018,90,9,1699483931.0,773957382.0,204193205.0,297305583.0,33338517.0,115091779.0,18294788.0,0.0,0.0,0.0,0.0,11722048.0,2520649.0,2858602299.0,3155907882.0,3821745567.0,4213439720.0,67.8,74.9
ast,Asturias,2019,90,9,1751509971.0,803249554.0,201089264.0,299267890.0,33433490.0,118335912.0,19042320.0,0.0,0.0,0.0,0.0,10006430.0,4092550.0,2940759491.0,3240027381.0,3915957847.0,4524241250.0,65.0,71.6
ast,Asturias,2020,95,9,1801183712.0,845304215.0,200868212.0,305450925.0,33687548.0,118580815.0,27138013.0,0.0,0.0,0.0,0.0,10322743.0,5073031.0,3042158289.0,3347609214.0,4040840881.0,4757273750.0,63.9,70.4
ast,Asturias,2021,96,10,1942029769.0,894354551.0,230805182.0,397867686.0,36725415.0,133483253.0,33372041.0,0.0,0.0,0.0,65000.0,12233440.0,6907500.0,3289976151.0,3687843837.0,4469965260.0,5237551810.0,62.8,70.4
ast,Asturias,2022,96,10,1987383547.0,942696580.0,233277063.0,314640964.0,39465130.0,142372110.0,37751388.0,0.0,0.0,0.0,75000.0,12859884.0,11532497.0,3407413199.0,3722054163.0,4636961432.0,5354165590.0,63.6,69.5
ast,Asturias,2023,96,10,2115483423.0,999121164.0,245492124.0,384753067.0,79339082.0,167228333.0,37751121.0,0.0,0.0,0.0,90000.0,30351673.0,13215572.0,3688072492.0,4072825559.0,5202241139.0,5968218490.0,61.8,68.2
ast,Asturias,2024,104,10,2322856371.0,1042251593.0,93514159.0,384511599.0,98362253.0,172265850.0,54665975.0,0.0,0.0,0.0,2947640.0,40587909.0,14837739.0,3842289489.0,4226801088.0,5439551624.0,6348595440.0,60.5,66.6
ast,Asturias,2025,105,10,2446640883.0,1093294252.0,96062583.0,398841547.0,156632049.0,170516236.0,66721856.0,0.0,0.0,0.0,3429620.0,46161143.0,14025107.0,4093483729.0,4492325276.0,5752807971.0,6664478950.0,61.4,67.4
ast,Asturias,2026,104,10,2549313952.0,1178921574.0,98668088.0,407825256.0,187209040.0,171633689.0,65937175.0,0.0,0.0,0.0,3406440.0,49644246.0,15884896.0,4320619100.0,4728444356.0,6029640577.0,0.0,,
bal,Baleares,2015,131,13,1293305893.0,775802264.0,57579872.0,432841908.0,14903480.0,49930749.0,9642026.0,112865122.0,12561851.0,7737937.0,1773683.0,39767443.0,4773448.0,2380643768.0,2813485676.0,4011310834.0,4035591970.0,59.0,69.7
bal,Baleares,2016,132,13,1370092639.0,817453988.0,51118398.0,454494817.0,12891087.0,59775360.0,11915305.0,129501729.0,14053433.0,7566414.0,2178344.0,38294520.0,5385367.0,2520226584.0,2974721401.0,4218304698.0,4240896700.0,59.4,70.1
bal,Baleares,2017,129,13,1473247771.0,883516262.0,53334795.0,618450464.0,19036281.0,85942112.0,13590027.0,136815763.0,16240099.0,2521219.0,17370552.0,41390816.0,6200983.0,2749206680.0,3367657144.0,4646728893.0,4668235900.0,58.9,72.1
bal,Baleares,2018,82,13,1554338007.0,1006436.0,55322573.0,500471524.0,24334680.0,99221099.0,13485466.0,146065584.0,16882456.0,2323372.0,17588973.0,54392944.0,6634571.0,1991596161.0,2492067685.0,3864103791.0,5008809100.0,39.8,49.8
bal,Baleares,2019,86,13,1706834266.0,1035250.0,67528611.0,545445407.0,35970375.0,111709104.0,13519148.0,135660688.0,18248384.0,2324612.0,22082418.0,16033288.0,10129446.0,2141075590.0,2686520997.0,4258096276.0,5457748640.0,39.2,49.2
bal,Baleares,2020,95,13,1705436416.0,1012437.0,52546841.0,531659586.0,36153468.0,9802606.0,15325972.0,105929635.0,18110547.0,32562726.0,26254833.0,11889843.0,8501028.0,2023526352.0,2555185938.0,4582353651.0,5893123690.0,34.3,43.4
bal,Baleares,2021,89,13,1760322500.0,1060454.0,48073143.0,645421941.0,30836903.0,92608872.0,11876077.0,127903857.0,19763199.0,29895936.0,26566035.0,19008508.0,8530796.0,2176446280.0,2821868221.0,4614025576.0,5881551720.0,37.0,48.0
bal,Baleares,2022,143,13,1938048858.0,1136369323.0,56493886.0,796748738.0,31024958.0,137930119.0,24393308.0,174166170.0,21738027.0,49146561.0,32660190.0,22573011.0,9604662.0,3634149073.0,4430897811.0,6368439689.0,6397821710.0,56.8,69.3
bal,Baleares,2023,150,13,2198416178.0,1245709578.0,68278986.0,910557711.0,98936363.0,145218055.0,43702835.0,202413664.0,23749730.0,115537986.0,35197165.0,180355214.0,12465652.0,4369981406.0,5280539117.0,7087165370.0,7133371710.0,61.3,74.0
bal,Baleares,2024,145,13,2271828953.0,1343385180.0,90522325.0,967461100.0,59596523.0,20000465.0,38885077.0,200326339.0,26475654.0,66909910.0,33962173.0,253406214.0,12646735.0,4417945548.0,5385406648.0,7114247875.0,7320653460.0,60.3,73.6
bal,Baleares,2025,141,13,2392009631.0,1421043777.0,71808431.0,939767000.0,90538370.0,139633328.0,37413350.0,225188836.0,31613998.0,64992256.0,39384262.0,208232117.0,13281457.0,4735139813.0,5674906813.0,6350108922.0,7469140340.0,63.4,76.0
bal,Baleares,2026,148,13,2424124341.0,1400836886.0,65715277.0,1348004205.0,28701877.0,138730464.0,33781090.0,231857908.0,32039539.0,63313138.0,32987302.0,185626005.0,11338496.0,4649052323.0,5997056528.0,6442004233.0,0.0,,
can,Canarias,2015,139,12,2459743096.0,1505068806.0,55114206.0,385504779.0,42036852.0,90600439.0,82052180.0,96386589.0,45006031.0,0.0,33174407.0,47655904.0,9874659.0,4466713169.0,4852217948.0,5898901281.0,6901411560.0,64.7,70.3
can,Canarias,2016,140,12,2495715117.0,1512161492.0,60478490.0,375105162.0,43289310.0,67197270.0,69970661.0,104208377.0,45291137.0,0.0,50717673.0,52724724.0,10347390.0,4512101641.0,4887206803.0,5937007350.0,7264829300.0,62.1,67.3
can,Canarias,2017,141,12,2556566464.0,1554652062.0,66258575.0,434555556.0,46883133.0,64567875.0,50868847.0,118363914.0,47156440.0,0.0,58428671.0,52861263.0,11481185.0,4628088429.0,5062643985.0,6305887669.0,7339187980.0,63.1,69.0
can,Canarias,2018,140,12,2739535209.0,1655264047.0,72187990.0,498201841.0,50437167.0,64810392.0,42445674.0,162215406.0,49690444.0,0.0,65214842.0,58797690.0,12663920.0,4973262781.0,5471464622.0,7000362900.0,8272992460.0,60.1,66.1
can,Canarias,2019,142,12,2832787821.0,1724573632.0,81466630.0,557610535.0,71096636.0,84268994.0,48074715.0,209575354.0,62025238.0,0.0,68438035.0,74724169.0,13736185.0,5270767409.0,5828377944.0,7511938075.0,8833481410.0,59.7,66.0
can,Canarias,2020,144,12,2970650193.0,1843929720.0,91123442.0,575083623.0,82410761.0,85890300.0,54723072.0,218911465.0,65888272.0,0.0,97385922.0,80111061.0,14757237.0,5605781445.0,6180865068.0,7698731854.0,9603397680.0,58.4,64.4
can,Canarias,2021,141,12,3088468435.0,1942115290.0,97222642.0,583787037.0,109209002.0,85836504.0,47283119.0,220830538.0,72171796.0,0.0,63865711.0,95382995.0,16375586.0,5838761618.0,6422548655.0,8044741195.0,9531472040.0,61.3,67.4
can,Canarias,2022,135,12,3225421670.0,2091903913.0,122367315.0,597609592.0,123954064.0,91338493.0,58640520.0,238918494.0,78747890.0,0.0,89335332.0,104769217.0,18075245.0,6243472153.0,6841081745.0,8608863464.0,9973597450.0,62.6,68.6
can,Canarias,2023,135,12,3575652999.0,2268413967.0,142858532.0,655176029.0,140842674.0,113622080.0,75998230.0,265498955.0,80288274.0,0.0,120444906.0,127704086.0,18538531.0,6929863234.0,7585039263.0,9701027711.0,11059201620.0,62.7,68.6
can,Canarias,2024,140,12,4108181841.0,2363740548.0,118713832.0,767441894.0,122709442.0,93117329.0,95074319.0,305199316.0,79510153.0,0.0,120971153.0,131144302.0,19143575.0,7557505810.0,8324947704.0,10745715312.0,11970645250.0,63.1,69.5
can,Canarias,2025,141,12,4308657056.0,2433340054.0,119247851.0,802339328.0,149243254.0,97655020.0,88664354.0,350955290.0,82280204.0,0.0,140728484.0,134487265.0,21245721.0,7926504553.0,8728843881.0,11108726476.0,12342736470.0,64.2,70.7
can,Canarias,2026,143,12,4542045217.0,2600971304.0,130679861.0,865129963.0,171233086.0,96610923.0,79698924.0,412171718.0,86143008.0,0.0,150484706.0,154797203.0,21987509.0,8446823459.0,9311953422.0,11910123064.0,0.0,,
cat,Cataluna,2015,96,13,8258548090.72,5130679426.99,3428434583.49,9745712277.47,161709895.47,563980436.9,323171210.78,1440365937.92,9065264.0,55376487.82,201891282.46,74233946.16,34148317.7,19681604880.41,29427317157.88,32483085945.91,32618399450.0,60.3,90.2
cat,Cataluna,2016,94,13,8531977179.82,5423136303.83,3547319083.71,9702222373.16,182028059.77,768481004.66,356673042.34,1482975719.45,9065264.0,74881966.22,209427233.44,85146541.27,40774484.74,20711885883.25,30414108256.41,33645404253.81,32607801330.0,63.5,93.3
cat,Cataluna,2017,94,13,8616575864.15,5628219105.81,3837349914.35,9171381232.69,178147546.3,730980132.94,388801186.2,1491396034.11,9113720.06,123823424.12,218324063.04,96127946.32,48744285.34,21367603222.74,30538984455.43,33936974355.55,34163865020.0,62.5,89.4
cat,Cataluna,2018,94,13,8616575864.15,5628219105.81,3837349914.35,9171381232.69,178147546.3,730980132.94,388801186.2,1491396034.11,9113720.06,123823424.12,218324063.04,96127946.32,48744285.34,21367603222.74,30538984455.43,33936974355.55,34120806840.0,62.6,89.5
cat,Cataluna,2019,97,13,9134162335.42,6195003669.09,4066200004.78,11302965894.35,189017634.5,898869557.2,443006886.47,1531771266.95,11417511.15,130893303.58,281487904.42,111766211.43,46865067.18,23040461352.17,34343427246.52,38081664677.92,34119463850.0,67.5,100.7
cat,Cataluna,2020,97,13,9494241602.78,6628901871.22,4210510791.34,13934023166.98,242922701.0,931988864.98,459593954.72,1594179039.73,13092933.25,142380604.63,363758901.09,122419934.93,32737198.6,24236728398.27,38170751565.25,42073275535.43,42322981600.0,57.3,90.2
cat,Cataluna,2021,97,13,9494241602.78,6628901871.22,4210510791.34,13934023166.98,242922701.0,931988864.98,459593954.72,1594179039.73,13092933.25,142380604.63,363758901.09,122419934.93,32737198.6,24236728398.27,38170751565.25,42073275535.43,42322981600.0,57.3,90.2
cat,Cataluna,2022,99,13,10354756810.75,7687714793.25,4954802029.44,15752603804.68,657626712.74,895917646.46,608782713.62,1749979172.98,11890551.84,218468457.23,790488992.32,95355899.94,40264035.98,28066047816.55,43818651621.23,48752977121.38,49012465220.0,57.3,89.4
cat,Cataluna,2023,99,13,11335301941.0,8023063295.99,5235440412.13,16291925790.4,502086405.37,962454841.41,660263757.82,1969629181.49,16089099.51,205499066.29,882892513.8,126236675.11,46341042.1,29965298232.02,46257224022.42,51526282130.89,51807587280.0,57.8,89.3
cat,Cataluna,2024,99,13,11747006548.59,8389127300.59,5435604695.37,15081172160.48,436402658.31,909960745.67,681107521.32,2163059090.84,16089948.35,212076042.9,899088040.2,119952907.54,52663228.99,31062138728.67,46143310889.15,51537280006.45,51827587280.0,59.9,89.0
cat,Cataluna,2025,99,13,11747006548.59,8389127300.59,5435604695.37,15081172160.48,436402658.31,909960745.67,681107521.32,2163059090.84,16089948.35,212076042.9,899088040.2,119952907.54,52663228.99,31062138728.67,46143310889.15,51537280006.45,50605289010.0,61.4,91.2
cat,Cataluna,2026,101,13,13004607194.14,9270136188.03,6860043304.3,15103291832.92,527641332.01,941924973.15,844523682.99,2484712971.42,14706385.94,267551321.1,943164289.77,140733040.46,91983889.33,35391728572.64,50495020405.56,56815490626.1,0.0,,
clm,Cast.-La Mancha,2015,99,12,2412822220.0,1515797070.0,1193769760.0,112600040.0,48559460.0,53549430.0,21456800.0,389383670.0,99388360.0,0.0,40315940.0,10119350.0,18606850.0,5803768910.0,5916368950.0,6944819950.0,8206375740.0,70.7,72.1
clm,Cast.-La Mancha,2016,99,12,2630611680.0,1649848580.0,1227825760.0,99227680.0,42983640.0,66476340.0,22786400.0,381779990.0,101107350.0,0.0,42955100.0,10289070.0,18860410.0,6195524320.0,6294752000.0,7114214010.0,8420148970.0,73.6,74.8
clm,Cast.-La Mancha,2017,98,12,2724969590.0,1718009180.0,1220888050.0,103519940.0,45406150.0,76282560.0,23570030.0,398834370.0,104891360.0,0.0,44379180.0,10842640.0,20737510.0,6388810620.0,6492330560.0,7406197490.0,8941001030.0,71.5,72.6
clm,Cast.-La Mancha,2018,98,12,2809202270.0,1801375270.0,1200959330.0,105570320.0,49731840.0,78559290.0,24105210.0,406118870.0,108328000.0,0.0,45748920.0,15306490.0,23443380.0,6562878870.0,6668449190.0,7609668980.0,9219096050.0,71.2,72.3
clm,Cast.-La Mancha,2019,99,12,2809202270.0,1801375270.0,1200959330.0,105570320.0,49731840.0,78559290.0,24105210.0,406118870.0,108328000.0,0.0,45748920.0,15306490.0,23443380.0,6562878870.0,6668449190.0,7609668980.0,9219096050.0,71.2,72.3
clm,Cast.-La Mancha,2020,100,12,3040499320.0,1947035400.0,1201079790.0,123949130.0,59397780.0,76325520.0,27037220.0,443199000.0,116345440.0,0.0,48690740.0,16500020.0,28463640.0,7004573870.0,7128523000.0,8093151360.0,10505083310.0,66.7,67.9
clm,Cast.-La Mancha,2021,101,12,3717533530.0,2231740420.0,1195893060.0,135527730.0,110840190.0,77019810.0,38493510.0,512425730.0,125225230.0,0.0,49800110.0,37795770.0,33621760.0,8130389120.0,8265916850.0,9667089240.0,12102388410.0,67.2,68.3
clm,Cast.-La Mancha,2022,111,12,3673248580.0,2354316640.0,1189688600.0,190923240.0,106598350.0,82841930.0,39521180.0,530612120.0,137281350.0,0.0,60103810.0,104299320.0,50879140.0,8329391020.0,8520314260.0,12260991620.0,12273515110.0,67.9,69.4
clm,Cast.-La Mancha,2023,114,12,3675941730.0,2424973030.0,1188177060.0,204926320.0,223490620.0,117383250.0,42620650.0,525429910.0,150707730.0,0.0,66428950.0,109416570.0,51854770.0,8576424270.0,8781350590.0,12418772630.0,12431575550.0,69.0,70.6
clm,Cast.-La Mancha,2024,114,12,3909573620.0,2473722660.0,1205982310.0,204369330.0,232403540.0,121452570.0,38668490.0,525324890.0,158259930.0,0.0,68660820.0,122274720.0,52830080.0,8909153630.0,9113522960.0,12473342760.0,12473342760.0,71.4,73.1
clm,Cast.-La Mancha,2025,113,12,3834163140.0,2530782640.0,1159814830.0,212279490.0,218226660.0,124336360.0,44929700.0,512692410.0,156848960.0,0.0,66230510.0,108190760.0,50011390.0,8806227360.0,9018506850.0,12716180030.0,12716180030.0,69.3,70.9
clm,Cast.-La Mancha,2026,113,12,4126166360.0,2633020170.0,1136287490.0,222255350.0,270553240.0,121712450.0,50872500.0,536482460.0,159133450.0,0.0,74755820.0,89966570.0,53177790.0,9252128300.0,9474383650.0,12903391310.0,0.0,,
cnt,Cantabria,2015,86,11,791173926.0,520417665.0,21049003.0,49785633.0,21462880.0,93256835.0,24662333.0,137060482.0,0.0,0.0,10838358.0,12882424.0,1517729.0,1634321635.0,1684107268.0,2514329636.0,2500549880.0,65.4,67.3
cnt,Cantabria,2016,87,11,807838982.0,546242340.0,19203374.0,51094384.0,23839088.0,93691369.0,14337798.0,137899656.0,0.0,0.0,11437096.0,14829474.0,1706773.0,1671025950.0,1722120334.0,2479370027.0,2465472870.0,67.8,69.8
cnt,Cantabria,2017,87,11,827085351.0,562272196.0,20301447.0,50718844.0,24124504.0,91691369.0,19000371.0,132529538.0,0.0,0.0,11881158.0,21292996.0,1765645.0,1711944575.0,1762663419.0,2617256227.0,2602893960.0,65.8,67.7
cnt,Cantabria,2018,85,11,853389380.0,587781378.0,21045344.0,51893111.0,25223654.0,96234032.0,19497531.0,133157316.0,0.0,0.0,12600670.0,23477508.0,1855723.0,1774262536.0,1826155647.0,2741699514.0,2730974340.0,65.0,66.9
cnt,Cantabria,2019,86,11,876879573.0,612600404.0,21241225.0,57297380.0,22730397.0,98443330.0,20481355.0,135272079.0,0.0,0.0,14629432.0,23631802.0,3413851.0,1829323448.0,1886620828.0,2867936284.0,2853763310.0,64.1,66.1
cnt,Cantabria,2020,90,11,923332337.0,619193625.0,25443127.0,54689807.0,23909703.0,98443330.0,42743819.0,142736558.0,0.0,0.0,14529632.0,23569169.0,3448740.0,1917350040.0,1972039847.0,2902807884.0,2888232610.0,66.4,68.3
cnt,Cantabria,2021,90,11,997231051.0,654698991.0,28317313.0,58076855.0,24815672.0,100056330.0,42967168.0,149100265.0,0.0,0.0,14412201.0,26230083.0,3493880.0,2041322954.0,2099399809.0,3094640427.0,3078036790.0,66.3,68.2
cnt,Cantabria,2022,91,11,1024213022.0,639297501.0,16873139.0,59591474.0,26705133.0,100243599.0,49656475.0,153165201.0,0.0,0.0,14192435.0,26907677.0,3519974.0,2054774156.0,2114365630.0,3360605729.0,3342636840.0,61.5,63.3
cnt,Cantabria,2023,91,11,1080659864.0,691376763.0,17829646.0,58355881.0,30474540.0,103564000.0,51590872.0,169095783.0,0.0,0.0,15266220.0,32559773.0,7325860.0,2199743321.0,2258099202.0,3524793312.0,3507353710.0,62.7,64.4
cnt,Cantabria,2024,89,11,1153704317.0,723842463.0,17980803.0,65842609.0,30836033.0,108749736.0,49604154.0,177234691.0,0.0,0.0,14475355.0,25466443.0,7522267.0,2309416262.0,2375258871.0,3568557924.0,3547667860.0,65.1,67.0
cnt,Cantabria,2025,88,11,1225308481.0,746611006.0,17790064.0,43423689.0,31611589.0,112749736.0,77307482.0,185614577.0,0.0,0.0,17077855.0,25121524.0,7690961.0,2446883275.0,2490306964.0,3790881028.0,3755661620.0,65.2,66.3
cnt,Cantabria,2026,91,11,1324077382.0,793193442.0,19247162.0,44481120.0,46014536.0,112749736.0,83491279.0,205233389.0,0.0,0.0,19250355.0,24653291.0,8259262.0,2636169834.0,2680650954.0,3972736127.0,0.0,,
cym,Cast. y Leon,2015,104,13,3252486438.0,1777814120.0,1443880658.0,1488507504.0,135785844.0,231123060.0,178457014.0,584230223.0,128871699.0,8314980.0,71332532.0,22502178.0,7448896.0,7842247642.0,9330755146.0,9920811756.0,9920811750.0,79.0,94.1
cym,Cast. y Leon,2016,103,13,3285027920.0,1829589229.0,1318536495.0,1494594547.0,145271044.0,233704628.0,166951996.0,618898555.0,130292035.0,8325168.0,72240073.0,22460969.0,7458583.0,7838756695.0,9333351242.0,9843699243.0,9843699240.0,79.6,94.8
cym,Cast. y Leon,2017,102,13,3446716392.0,1900565408.0,1346493414.0,1430901081.0,152388567.0,261461840.0,224628906.0,661201402.0,135944676.0,8722181.0,75180759.0,23983830.0,8015947.0,8245303322.0,9676204403.0,10293186358.0,10293186360.0,80.1,94.0
cym,Cast. y Leon,2018,102,13,3544930466.0,1954038890.0,1382181385.0,1816297934.0,166810280.0,271877156.0,242182633.0,696811366.0,140093908.0,8978860.0,81009410.0,25339532.0,8537700.0,8522791586.0,10339089520.0,10859218623.0,10859218620.0,78.5,95.2
cym,Cast. y Leon,2019,102,13,3544930466.0,1954038890.0,1382181385.0,1816297934.0,166810280.0,271877156.0,242182633.0,696811366.0,140093908.0,8978860.0,81009410.0,25339532.0,8537700.0,8522791586.0,10339089520.0,10859218623.0,10784981500.0,79.0,95.9
cym,Cast. y Leon,2020,102,13,3544930466.0,1954038890.0,1382181385.0,1816297934.0,166810280.0,271877156.0,242182633.0,696811366.0,140093908.0,8978860.0,81009410.0,25339532.0,8537700.0,8522791586.0,10339089520.0,10859218623.0,10752614220.0,79.3,96.2
cym,Cast. y Leon,2021,104,13,4316967631.0,2248721516.0,1419449800.0,1929481958.0,173261426.0,300892031.0,303237083.0,744737627.0,172600101.0,10261322.0,87676150.0,29882122.0,10835846.0,9818522655.0,11748004613.0,12291444523.0,12291444520.0,79.9,95.6
cym,Cast. y Leon,2022,104,13,4316967631.0,2248721516.0,1419449800.0,1929481958.0,173261426.0,300892031.0,303237083.0,744737627.0,172600101.0,10261322.0,87676150.0,29882122.0,10835846.0,9818522655.0,11748004613.0,12291444523.0,12291444520.0,79.9,95.6
cym,Cast. y Leon,2023,107,13,4690046743.0,2481746644.0,1460955044.0,2157219135.0,144968061.0,375461898.0,438440387.0,865314063.0,191657715.0,10306603.0,108523011.0,85235574.0,11886698.0,10864542441.0,13021761576.0,13809836891.0,13809836900.0,78.7,94.3
cym,Cast. y Leon,2024,104,13,4812765002.0,2630711524.0,1497089801.0,2491550593.0,133066524.0,388138640.0,379187952.0,950482061.0,204458058.0,12633520.0,109844387.0,61329866.0,14842204.0,11194549539.0,13686100132.0,14562494117.0,14562494140.0,76.9,94.0
cym,Cast. y Leon,2025,103,13,4812765002.0,2630711524.0,1497089801.0,2491550593.0,133066524.0,388138640.0,379187952.0,950482061.0,204458058.0,12633520.0,109844387.0,61329866.0,14842204.0,11194549539.0,13686100132.0,14562494117.0,14562494140.0,76.9,94.0
cym,Cast. y Leon,2026,103,13,4812765002.0,2630711524.0,1497089801.0,2491550593.0,133066524.0,388138640.0,379187952.0,950482061.0,204458058.0,12633520.0,109844387.0,61329866.0,14842204.0,11194549539.0,13686100132.0,14562494117.0,0.0,,
ext,Extremadura,2015,78,11,1376856967.0,1019830034.0,1008359989.0,632243278.0,48234914.0,244119405.0,107270160.0,295124175.0,0.0,0.0,189164321.0,35571564.0,6230830.0,4330762359.0,4963005637.0,5365699560.0,5365699570.0,80.7,92.5
ext,Extremadura,2016,77,11,1550101891.0,1016192181.0,867731588.0,526188628.0,48458475.0,256405996.0,107590586.0,301023551.0,0.0,0.0,192882314.0,23479376.0,8046928.0,4371912886.0,4898101514.0,5197428064.0,5197428070.0,84.1,94.2
ext,Extremadura,2017,77,11,1539066245.0,1016627283.0,909494357.0,460889966.0,44149780.0,269570975.0,108445889.0,309634440.0,0.0,0.0,195493738.0,22428519.0,8440314.0,4423351540.0,4884241506.0,5171626735.0,5171626730.0,85.5,94.4
ext,Extremadura,2018,77,11,1603961004.0,1041322738.0,918227109.0,535461641.0,50311665.0,307539563.0,109954628.0,317996579.0,0.0,0.0,215354989.0,23083317.0,8777536.0,4596529128.0,5131990769.0,5433975906.0,5433975910.0,84.6,94.4
ext,Extremadura,2019,77,11,1691119508.0,1071976980.0,940779570.0,688083005.0,64571981.0,313361114.0,120609777.0,330608387.0,0.0,0.0,216217987.0,23694251.0,10834942.0,4783774497.0,5471857502.0,5797947023.0,5797947040.0,82.5,94.4
ext,Extremadura,2020,80,11,1742520488.0,1096831818.0,957921474.0,739763386.0,63786749.0,327303628.0,107121478.0,347141661.0,0.0,0.0,215058454.0,25053164.0,11567653.0,4894306567.0,5634069953.0,6006647051.0,6005877870.0,81.5,93.8
ext,Extremadura,2021,80,11,1876516389.0,1187831592.0,1002336789.0,810635397.0,70705624.0,343359065.0,117651204.0,360672739.0,0.0,0.0,217134557.0,26431175.0,14993077.0,5217632211.0,6028267608.0,6423894820.0,6423894820.0,81.2,93.8
ext,Extremadura,2022,79,11,2008513430.0,1233864419.0,1000410914.0,932107104.0,84768631.0,393155595.0,152257697.0,412180332.0,0.0,0.0,245746355.0,27195666.0,25058177.0,5583151216.0,6515258320.0,6984511147.0,6999970110.0,79.8,93.1
ext,Extremadura,2023,81,11,2204300044.0,1308948181.0,1074515804.0,1135428936.0,134258208.0,400616946.0,171999033.0,459483120.0,0.0,0.0,277867352.0,29692255.0,27559491.0,6089240434.0,7224669370.0,7781092744.0,7781092750.0,78.3,92.8
ext,Extremadura,2024,79,11,2282097280.0,1370679428.0,1137029049.0,1176503074.0,142682822.0,407922127.0,162079750.0,485778189.0,0.0,0.0,282630133.0,41550144.0,30075601.0,6342524523.0,7519027597.0,8127109106.0,8127109110.0,78.0,92.5
ext,Extremadura,2025,79,11,2282097280.0,1370679428.0,1137029049.0,1176503074.0,142682822.0,407922127.0,162079750.0,485778189.0,0.0,0.0,282630133.0,41550144.0,30075601.0,6342524523.0,7519027597.0,8127109106.0,8098337980.0,78.3,92.8
ext,Extremadura,2026,79,11,2282097280.0,1370679428.0,1137029049.0,1176503074.0,142682822.0,407922127.0,162079750.0,485778189.0,0.0,0.0,282630133.0,41550144.0,30075601.0,6342524523.0,7519027597.0,8127109106.0,0.0,,
gal,Galicia,2015,107,11,3170026461.0,2097391793.0,523023071.0,2020403575.0,86575531.0,194115762.0,156560923.0,327047917.0,0.0,0.0,108424740.0,39133184.0,9263920.0,6711563302.0,8731966877.0,9548703938.0,9790361600.0,68.6,89.2
gal,Galicia,2016,108,11,3309935296.0,2198190396.0,584454250.0,2092082613.0,90453187.0,210933016.0,173927979.0,352447241.0,0.0,0.0,116330918.0,40252422.0,10963616.0,7087888321.0,9179970934.0,10097367642.0,10310241400.0,68.7,89.0
gal,Galicia,2017,108,11,3412155657.0,2261255143.0,604934345.0,2323609136.0,86987427.0,242973137.0,179181305.0,366132154.0,0.0,0.0,118577576.0,43198184.0,12188542.0,7327583470.0,9651192606.0,10607668505.0,11029406160.0,66.4,87.5
gal,Galicia,2018,108,11,3664934669.0,2337684996.0,583679346.0,1751000144.0,96898363.0,246971190.0,199985847.0,404565100.0,0.0,0.0,130321193.0,55164376.0,12653752.0,7732858832.0,9483858976.0,10520621657.0,10723973150.0,72.1,88.4
gal,Galicia,2019,107,11,3782335225.0,2412867739.0,603130896.0,2225410520.0,99298730.0,263825058.0,213093067.0,419338223.0,0.0,0.0,138507243.0,60944672.0,21477595.0,8014818448.0,10240228968.0,11337351325.0,11544351290.0,69.4,88.7
gal,Galicia,2020,107,11,3897761068.0,2520437222.0,634635466.0,2208494403.0,87884035.0,275655389.0,226133089.0,441575398.0,0.0,0.0,145699645.0,60556034.0,23163164.0,8313500510.0,10521994913.0,11594119316.0,11821575340.0,70.3,89.0
gal,Galicia,2021,107,11,4378280132.0,2689451194.0,690517653.0,2401157530.0,102460068.0,372567704.0,326291465.0,519013879.0,0.0,0.0,177379512.0,104770454.0,24941328.0,9385673389.0,11786830919.0,13183470154.0,13396505630.0,70.1,88.0
gal,Galicia,2022,107,11,4379618458.0,2763441230.0,738573543.0,1895451793.0,126309021.0,396446745.0,343893864.0,553166639.0,0.0,0.0,179687235.0,115320835.0,29487315.0,9625944885.0,11521396678.0,12843397331.0,13117948260.0,73.4,87.8
gal,Galicia,2023,107,11,4742189675.0,2873380743.0,780046044.0,2035516686.0,143752743.0,444518895.0,372561158.0,599469409.0,0.0,0.0,205604225.0,131820132.0,31937149.0,10325280173.0,12360796859.0,13916276891.0,14167171160.0,72.9,87.2
gal,Galicia,2024,107,11,4936118667.0,2951527495.0,794886909.0,2164652920.0,179060486.0,449785825.0,369349275.0,715948712.0,0.0,0.0,221300856.0,141030605.0,40003586.0,10799012416.0,12963665336.0,14519614981.0,14815200880.0,72.9,87.5
gal,Galicia,2025,108,11,5213466180.0,3065989649.0,833314551.0,2474780331.0,224887615.0,447693569.0,362457231.0,797667697.0,0.0,0.0,217004590.0,143183803.0,44039145.0,11349704030.0,13824484361.0,15462687067.0,15740540500.0,72.1,87.8
gal,Galicia,2026,108,11,5426488303.0,3125909375.0,849158035.0,2779294213.0,275713116.0,445727681.0,317985620.0,910929100.0,0.0,0.0,225453430.0,122750028.0,43963956.0,11744078644.0,14523372857.0,16044894318.0,0.0,,
lar,La Rioja,2015,69,9,397009501.0,233361150.0,53335125.0,55714757.0,6988257.0,63419484.0,76289102.0,106536250.0,0.0,0.0,0.0,32342632.0,0.0,969281501.0,1024996258.0,1284250000.0,1286765230.0,75.3,79.7
lar,La Rioja,2016,70,9,406963277.0,256504296.0,57785912.0,57660699.0,6219759.0,27490682.0,73303485.0,112846197.0,0.0,0.0,0.0,28703861.0,0.0,969817469.0,1027478168.0,1334190000.0,1337122830.0,72.5,76.8
lar,La Rioja,2017,74,12,408215639.0,260232242.0,64084883.0,66438872.0,11084961.0,22170495.0,76240158.0,58462305.0,22293635.0,0.0,43887027.0,43820964.0,1723164.0,1012215473.0,1078654345.0,1452535000.0,1455645500.0,69.5,74.1
lar,La Rioja,2018,53,9,425013914.0,277146239.0,54935338.0,47353226.0,11194045.0,22913948.0,47883143.0,9682000.0,0.0,0.0,0.0,44821438.0,0.0,893590065.0,940943291.0,1303297669.0,1518988700.0,58.8,61.9
lar,La Rioja,2019,73,12,435489541.0,290204605.0,63346771.0,78316321.0,11735007.0,22612330.0,53135779.0,58823612.0,22663575.0,0.0,46111215.0,45269841.0,2641662.0,1052033938.0,1130350259.0,1533400000.0,1488404790.0,70.7,75.9
lar,La Rioja,2020,76,11,454040465.0,299552395.0,59636207.0,86011049.0,11985836.0,20716746.0,80655340.0,59357460.0,21771506.0,0.0,54014920.0,0.0,2862201.0,1064593076.0,1150604125.0,1555780820.0,1574571170.0,67.6,73.1
lar,La Rioja,2021,81,12,529044979.0,345047771.0,73573095.0,98063361.0,19355606.0,25985635.0,72180296.0,68201540.0,25396989.0,0.0,61239060.0,58000986.0,2926576.0,1280952533.0,1379015894.0,1809334875.0,1891434670.0,67.7,72.9
lar,La Rioja,2022,64,12,524388258.0,347811369.0,74231604.0,77852471.0,19428731.0,24795145.0,106079483.0,72086345.0,24284690.0,0.0,57176093.0,35376260.0,2965154.0,1288623132.0,1366475603.0,1823595894.0,1949893600.0,66.1,70.1
lar,La Rioja,2023,62,12,546720797.0,368053803.0,74838757.0,79370340.0,21532755.0,27497803.0,111742707.0,77425735.0,25884747.0,0.0,59240928.0,42790032.0,2957700.0,1358685764.0,1438056104.0,1732167919.0,1908873130.0,71.2,75.3
lar,La Rioja,2024,76,13,592298603.0,403158839.0,90602990.0,119505239.0,30992918.0,29003475.0,107029279.0,82746928.0,28378907.0,1566950.0,68918432.0,62871065.0,4462909.0,1502031295.0,1621536534.0,1947377372.0,1973863310.0,76.1,82.2
lar,La Rioja,2025,58,13,640739777.0,434726679.0,97033492.0,89488321.0,28375471.0,27155299.0,113567983.0,89181987.0,29795599.0,1636719.0,71528950.0,47761407.0,3861053.0,1585364416.0,1674852737.0,2014043086.0,2114703990.0,75.0,79.2
lar,La Rioja,2026,60,13,637055097.0,428443953.0,97033492.0,90758321.0,28375471.0,27155299.0,113047983.0,89181987.0,29795599.0,1636719.0,71528950.0,47821407.0,4361053.0,1575437010.0,1666195331.0,2030153703.0,0.0,,
mad,Madrid,2015,82,10,7191837009.0,2074434949.0,0.0,408193562.0,301398956.0,167256077.0,444566824.0,1220062890.0,0.0,0.0,116147741.0,13023263.0,21543341.0,11550271050.0,11958464612.0,20852588670.0,20852588670.0,55.4,57.3
mad,Madrid,2016,73,12,7415379241.0,2314363938.0,33927477.0,372050802.0,491712203.0,241165802.0,15029996.0,1073078872.0,302971858.0,0.0,45437306.0,25251048.0,22471311.0,11980789052.0,12352839854.0,20139609305.0,20139609310.0,59.5,61.3
mad,Madrid,2017,73,12,7599708222.0,2370928847.0,40692773.0,405243781.0,411345906.0,243461968.0,16144647.0,1167421468.0,309725958.0,0.0,48792419.0,32015390.0,22566555.0,12262804153.0,12668047934.0,20504093715.0,20504093720.0,59.8,61.8
mad,Madrid,2018,76,12,7828244717.0,2361681788.0,45256684.0,474165292.0,330310560.0,254911655.0,124626170.0,1258136922.0,334830730.0,0.0,49299422.0,23827754.0,23722547.0,12634848949.0,13109014241.0,21633750660.0,21633750660.0,58.4,60.6
mad,Madrid,2019,80,12,8066704298.0,2487484407.0,48402728.0,501901873.0,332761011.0,263604632.0,154239111.0,1324040720.0,341816832.0,0.0,55426096.0,24437277.0,24865106.0,13123782218.0,13625684091.0,22776618164.0,22776618160.0,57.6,59.8
mad,Madrid,2020,80,12,8066704298.0,2487484407.0,48402728.0,501901873.0,332761011.0,263604632.0,154239111.0,1324040720.0,341816832.0,0.0,55426096.0,24437277.0,24865106.0,13123782218.0,13625684091.0,22776618164.0,23333117430.0,56.2,58.4
mad,Madrid,2021,80,12,8066704298.0,2487484407.0,48402728.0,501901873.0,332761011.0,263604632.0,154239111.0,1324040720.0,341816832.0,0.0,55426096.0,24437277.0,24865106.0,13123782218.0,13625684091.0,22776618164.0,25878871500.0,50.7,52.7
mad,Madrid,2022,89,12,8759661476.0,2825098365.0,87383205.0,577051444.0,264614300.0,355681255.0,229000297.0,1468148434.0,426658876.0,0.0,105642033.0,71660709.0,32807176.0,14626356126.0,15203407570.0,25900845912.0,25999172470.0,56.3,58.5
mad,Madrid,2023,89,12,8759661476.0,2825098365.0,87383205.0,577051444.0,264614300.0,355681255.0,229000297.0,1468148434.0,426658876.0,0.0,105642033.0,71660709.0,32807176.0,14626356126.0,15203407570.0,25900845912.0,28142467650.0,52.0,54.0
mad,Madrid,2024,87,12,10211960772.0,3071356976.0,98207107.0,696219642.0,528876920.0,328483601.0,220655159.0,1809832916.0,450655867.0,0.0,205835759.0,76311934.0,40535484.0,17042712495.0,17738932137.0,30446555330.0,30584355910.0,55.7,58.0
mad,Madrid,2025,88,12,10542858597.0,3178683222.0,100152638.0,796359062.0,743072168.0,354460441.0,238625438.0,1882516974.0,450974972.0,0.0,235220213.0,58827686.0,39849524.0,17825241873.0,18621600935.0,31453014267.0,31596299960.0,56.4,58.9
mad,Madrid,2026,88,12,11093460615.0,3291300291.0,104850437.0,821501227.0,769773510.0,351803506.0,246701357.0,2043283812.0,497641026.0,0.0,241717724.0,57406038.0,38265006.0,18736203322.0,19557704549.0,33271722212.0,0.0,,
mur,Murcia,2015,150,13,1859495700.0,1301370707.0,111985399.0,920382805.0,24852219.0,22065249.0,24561951.0,92652199.0,59246671.0,13504074.0,15766812.0,40341138.0,6243968.0,3572086087.0,4492468892.0,4907800412.0,4642208100.0,76.9,96.8
mur,Murcia,2016,145,13,1958971130.0,1335846593.0,93468320.0,995053957.0,40025740.0,23321012.0,24646907.0,92828035.0,62893152.0,14441338.0,23174000.0,24890377.0,7015192.0,3701521796.0,4696575753.0,5138121095.0,4916213040.0,75.3,95.5
mur,Murcia,2017,149,13,2000860733.0,1352081667.0,114988164.0,1044911625.0,41154042.0,23062691.0,24259845.0,100101578.0,66102308.0,17168214.0,24690936.0,29772868.0,6619090.0,3800862136.0,4845773761.0,5319896372.0,5092676850.0,74.6,95.2
mur,Murcia,2018,147,13,2124384788.0,1410897383.0,133875189.0,1237979230.0,52012726.0,29595660.0,28839541.0,108157734.0,70841254.0,18149920.0,34425613.0,31287502.0,6987827.0,4049455137.0,5287434367.0,5771835853.0,5515448390.0,73.4,95.9
mur,Murcia,2019,149,13,2188488008.0,1468600514.0,124516464.0,1431439079.0,51781136.0,33799587.0,29682179.0,111952655.0,72832470.0,18886138.0,34839645.0,17089291.0,7668836.0,4160136923.0,5591576002.0,6056851732.0,5800296390.0,71.7,96.4
mur,Murcia,2020,154,13,2203429680.0,1572762131.0,125334263.0,1685646863.0,26782024.0,38000877.0,18475584.0,117774419.0,103529877.0,18307335.0,5055006.0,23152099.0,10889174.0,4263492469.0,5949139332.0,6464745691.0,6197019180.0,68.8,96.0
mur,Murcia,2021,154,13,2487112377.0,1623351758.0,136683389.0,1774034803.0,32283621.0,31062217.0,29200123.0,137172304.0,109035673.0,28298826.0,4062951.0,59901204.0,19870159.0,4698034602.0,6472069405.0,7054370647.0,6753606730.0,69.6,95.8
mur,Murcia,2022,154,13,2530062207.0,1691192872.0,159202572.0,1863477368.0,45119660.0,44173619.0,29184468.0,161289755.0,121679850.0,31208914.0,4055849.0,47540280.0,19268958.0,4883979004.0,6747456372.0,7267842228.0,6962801970.0,70.1,96.9
mur,Murcia,2023,155,13,2661157290.0,1826798528.0,172046776.0,2191266798.0,47107892.0,38258107.0,20610121.0,189336986.0,138070824.0,31286223.0,6492289.0,73705868.0,20320094.0,5225190998.0,7416457796.0,8157161600.0,7770713390.0,67.2,95.4
mur,Murcia,2024,160,13,2847362340.0,2172034241.0,163492042.0,1900699189.0,27609541.0,39724648.0,20462159.0,194306355.0,163144771.0,25105724.0,7252103.0,47243581.0,24524759.0,5732262264.0,7632961453.0,8237038771.0,7819336870.0,73.3,97.6
mur,Murcia,2025,149,13,2972286524.0,2313361348.0,185070075.0,1844871240.0,36991194.0,41253142.0,21386224.0,220761192.0,168663594.0,31256422.0,6158402.0,45848955.0,16082000.0,6059119072.0,7903990312.0,8460496103.0,8037477030.0,75.4,98.3
mur,Murcia,2026,149,13,2972286524.0,2313361348.0,185070075.0,1844871240.0,36991194.0,41253142.0,21386224.0,220761192.0,168663594.0,31256422.0,6158402.0,45848955.0,16082000.0,6059119072.0,7903990312.0,8460496103.0,0.0,,
nav,Navarra,2015,167,13,904884244.0,573147512.0,86756412.0,1103841169.0,55570729.0,51433626.0,53329419.0,132524989.0,210000.0,27149023.0,90615050.0,7558346.0,4748207.0,1987927557.0,3091768726.0,3458311879.0,3792808410.0,52.4,81.5
nav,Navarra,2016,168,13,950290485.0,600949459.0,94866733.0,1078353788.0,45913023.0,50728092.0,69929845.0,135868207.0,421000.0,27585465.0,124916534.0,7618845.0,4570431.0,2113658119.0,3192011907.0,3506170400.0,4005305030.0,52.8,79.7
nav,Navarra,2017,173,13,1006123754.0,643352335.0,101943559.0,1070097478.0,53900469.0,58876993.0,86911374.0,140857234.0,1370000.0,28979216.0,161071313.0,9066199.0,5422722.0,2297875168.0,3367972646.0,3731453266.0,4061878790.0,56.6,82.9
nav,Navarra,2018,172,13,1024602853.0,654538007.0,105050595.0,1157047352.0,61432763.0,60539965.0,55673776.0,148959127.0,1511000.0,30662441.0,171828571.0,10961496.0,6255055.0,2332015649.0,3489063001.0,3889805200.0,4164135420.0,56.0,83.8
nav,Navarra,2019,167,12,1047750152.0,689939162.0,117065311.0,1188053933.0,61004440.0,59789949.0,56830229.0,164750303.0,0.0,34254463.0,177213289.0,11264355.0,6811409.0,2426673062.0,3614726995.0,4016552285.0,4312085790.0,56.3,83.8
nav,Navarra,2020,170,12,1122231413.0,758237455.0,110139479.0,1253661087.0,57995787.0,62681582.0,59288428.0,165529340.0,0.0,36296315.0,192482976.0,10639297.0,7524739.0,2583046811.0,3836707898.0,4256568023.0,4573798030.0,56.5,83.9
nav,Navarra,2021,170,12,1211356190.0,821486275.0,101135130.0,1250798411.0,64723248.0,64669872.0,67356127.0,176033515.0,0.0,37892168.0,221299137.0,12064855.0,8339501.0,2786356018.0,4037154429.0,4481439037.0,4870520380.0,57.2,82.9
nav,Navarra,2022,170,12,1217768301.0,891414962.0,112088961.0,1312585325.0,101490757.0,82705639.0,83730303.0,208247972.0,0.0,38741281.0,220929309.0,9071432.0,10559435.0,2976748352.0,4289333677.0,4767034210.0,5273126610.0,56.5,81.3
nav,Navarra,2023,169,12,1285836840.0,940095265.0,124966970.0,1464051364.0,111764638.0,81668075.0,87391215.0,244247845.0,0.0,41086982.0,272539154.0,21712285.0,9812464.0,3221121733.0,4685173097.0,5238730313.0,5748951180.0,56.0,81.5
nav,Navarra,2024,167,12,1415375379.0,1002695363.0,133593576.0,1742071850.0,148041783.0,75647559.0,80781074.0,251016523.0,0.0,43843236.0,297227028.0,26427391.0,10603769.0,3485252681.0,5227324531.0,5835972554.0,6355410180.0,54.8,82.2
nav,Navarra,2025,168,12,1460097315.0,1033257219.0,144213954.0,1796188215.0,149930256.0,75522428.0,72065748.0,254338477.0,0.0,44170464.0,302408443.0,17788647.0,10925788.0,3564718739.0,5360906954.0,5986566198.0,6431264950.0,55.4,83.4
nav,Navarra,2026,167,12,1508379759.0,1063943100.0,141025876.0,1928246658.0,153543125.0,77686463.0,78112661.0,266742173.0,0.0,45731453.0,332718164.0,24282799.0,12487304.0,3704652877.0,5632899535.0,6318652183.0,0.0,,
pvc,Pais Vasco,2015,105,11,3384908174.0,2544775749.0,110297987.0,307908300.0,110722750.0,654870712.0,206541101.0,0.0,0.0,5097224.0,4216387.0,13597537.0,10785000.0,7045812621.0,7353720921.0,11631245000.0,10700729680.0,65.8,68.7
pvc,Pais Vasco,2016,106,11,3416697951.0,2583113822.0,111621719.0,270047845.0,112679947.0,687590577.0,220465184.0,0.0,0.0,5045447.0,4225123.0,13607069.0,10785000.0,7165831839.0,7435879684.0,11937001000.0,10995489510.0,65.2,67.6
pvc,Pais Vasco,2017,108,11,3538134644.0,2632327803.0,114103909.0,274107381.0,125389229.0,676907176.0,261790988.0,0.0,0.0,4582356.0,4283087.0,17170804.0,10942892.0,7385632888.0,7659740269.0,12093991000.0,11125140970.0,66.4,68.9
pvc,Pais Vasco,2018,109,11,3672658495.0,2683253688.0,118978614.0,274215383.0,135019410.0,715374596.0,283676821.0,0.0,0.0,4658505.0,4518474.0,18343057.0,11056800.0,7647538460.0,7921753843.0,12545549000.0,11578805630.0,66.0,68.4
pvc,Pais Vasco,2019,110,11,3795519108.0,2799852674.0,129468759.0,313092145.0,150581895.0,743789973.0,302457565.0,0.0,0.0,4603892.0,6346607.0,18843039.0,11853004.0,7963316516.0,8276408661.0,12850594000.0,11219941880.0,71.0,73.8
pvc,Pais Vasco,2020,110,11,3938835835.0,2885693937.0,132657441.0,277958483.0,164070631.0,806185815.0,328283963.0,0.0,0.0,4855165.0,6713383.0,19876097.0,14249666.0,8301421933.0,8579380416.0,12869016000.0,11856675110.0,70.0,72.4
pvc,Pais Vasco,2021,112,11,3989532488.0,2951381469.0,144423189.0,839614816.0,173434237.0,824363262.0,367996509.0,0.0,0.0,4879512.0,8114553.0,18829896.0,14363666.0,8497318781.0,9336933597.0,13577660000.0,12522062100.0,67.9,74.6
pvc,Pais Vasco,2022,113,11,4186527007.0,3008746454.0,159302686.0,820373645.0,193449154.0,847628336.0,408732933.0,0.0,0.0,4884993.0,8507633.0,25960688.0,15138000.0,8858877884.0,9679251529.0,14172905000.0,13187367280.0,67.2,73.4
pvc,Pais Vasco,2023,113,11,4628962720.0,3251996590.0,181855054.0,578753092.0,225527077.0,706058210.0,431185537.0,0.0,0.0,4345690.0,16104285.0,26001642.0,15337817.0,9487374622.0,10066127714.0,15502145000.0,14361725450.0,66.1,70.1
pvc,Pais Vasco,2024,114,11,4888865872.0,3449291856.0,207904603.0,660008465.0,253469311.0,719210432.0,438520451.0,0.0,0.0,5034128.0,17503465.0,24847812.0,15933890.0,10020581820.0,10680590285.0,16350975000.0,15147034380.0,66.2,70.5
pvc,Pais Vasco,2025,119,11,5106543104.0,3593813245.0,221216137.0,611070880.0,321804915.0,717455977.0,472955042.0,0.0,0.0,5031709.0,19022678.0,25082941.0,15882890.0,10498808638.0,11109879518.0,17069776000.0,15811133330.0,66.4,70.3
pvc,Pais Vasco,2026,119,11,5317027591.0,3789148697.0,208876985.0,460288455.0,442040124.0,355985346.0,504844585.0,0.0,0.0,4737909.0,18044148.0,27129421.0,16449500.0,10684284306.0,11144572761.0,17495938000.0,0.0,,
val,C. Valenciana,2015,122,12,5480479460.0,3991316670.0,135618340.0,5909262020.0,41974450.0,138352840.0,61622870.0,489973780.0,0.0,12515300.0,113591100.0,96157970.0,15890370.0,10577493150.0,16486755170.0,17188151440.0,17564123140.0,60.2,93.9
val,C. Valenciana,2016,129,13,5896703080.0,4183282590.0,187348640.0,4944752270.0,83395000.0,170205520.0,54806950.0,601536660.0,200433920.0,12442080.0,137364970.0,112837740.0,18378450.0,11658735600.0,16603487870.0,17155819500.0,17561478480.0,66.4,94.5
val,C. Valenciana,2017,128,13,6072586120.0,4394327370.0,198979340.0,4925279780.0,98198450.0,166171540.0,63987810.0,593977190.0,215297560.0,11680590.0,199034940.0,118119260.0,20736830.0,12153097000.0,17078376780.0,17724974080.0,18137748810.0,67.0,94.2
val,C. Valenciana,2018,128,13,6378603750.0,4568049700.0,221557690.0,6414826870.0,102836690.0,174123530.0,77532390.0,624710410.0,233458270.0,12091250.0,288726540.0,129119790.0,25469300.0,12836279310.0,19251106180.0,19956909560.0,20414354810.0,62.9,94.3
val,C. Valenciana,2019,131,13,6624076700.0,4945999170.0,246733510.0,7315696790.0,170321490.0,167540960.0,95580270.0,823333840.0,279766500.0,11330320.0,359892490.0,138422460.0,39206840.0,13902204550.0,21217901340.0,22096214220.0,22597016020.0,61.5,93.9
val,C. Valenciana,2020,153,13,6753056640.0,5124742490.0,254566260.0,7827897930.0,194288260.0,169460990.0,105405520.0,1202124410.0,49148710.0,12026290.0,283241640.0,135992740.0,42816320.0,14326870270.0,22154768200.0,23021985480.0,23531232040.0,60.9,94.2
val,C. Valenciana,2021,154,13,7516686070.0,5550771650.0,268258060.0,8616111230.0,216863020.0,259028730.0,148627900.0,1386457890.0,51759770.0,13370220.0,399153350.0,136079490.0,43690940.0,15990747090.0,24606858320.0,25627550850.0,26138651980.0,61.2,94.1
val,C. Valenciana,2022,169,13,7824377320.0,6132544500.0,273302910.0,9273266180.0,381260490.0,266150430.0,224806540.0,1480109000.0,59417930.0,13310670.0,418064850.0,128285500.0,68897080.0,17270527220.0,26543793400.0,27967471340.0,28632359900.0,60.3,92.7
val,C. Valenciana,2023,174,13,8244060650.0,6432865520.0,282549210.0,8607878920.0,423116830.0,285203190.0,208185880.0,1589466350.0,55098660.0,14765420.0,480454950.0,133881280.0,72399760.0,18222047700.0,26829926620.0,28438260300.0,29120879530.0,62.6,92.1
val,C. Valenciana,2024,173,13,8484087430.0,6600309300.0,295541920.0,9886936590.0,418548100.0,208245860.0,252834540.0,1710297880.0,52625140.0,20092700.0,516927880.0,111260140.0,59199230.0,18729970120.0,28616906710.0,29732195350.0,30410305550.0,61.6,94.1
val,C. Valenciana,2025,174,13,8994839160.0,7230131350.0,311269080.0,10275428400.0,316426640.0,303502580.0,225882520.0,1920151830.0,58802180.0,192134990.0,575139820.0,141756740.0,61604780.0,20331641670.0,30607070070.0,32291432470.0,32976869660.0,61.7,92.8
val,C. Valenciana,2026,176,13,9234412650.0,7572363510.0,304091320.0,10734000380.0,408610000.0,215370650.0,319064750.0,2028205580.0,61112500.0,218813260.0,602224520.0,150597210.0,67329440.0,21182195390.0,31916195770.0,33305507720.0,0.0,,
